variant,seed,generation,best,avg,best_weight,best_feasible_value,diversity,infeasible_frac
"Baseline (k=3, 2pt, pm=0.02)",42,0,50912.0,-17804451.82,17634,50912,0.4963848888888887,0.54
"Baseline (k=3, 2pt, pm=0.02)",42,1,50912.0,-5177577.373333333,17634,50912,0.4900488888888887,0.24
"Baseline (k=3, 2pt, pm=0.02)",42,2,51408.0,-3286652.026666667,17526,51408,0.4788222222222223,0.19999999999999996
"Baseline (k=3, 2pt, pm=0.02)",42,3,52754.0,-4128013.2933333335,17598,52754,0.466448888888889,0.22666666666666668
"Baseline (k=3, 2pt, pm=0.02)",42,4,54661.0,-4646849.333333333,17487,54661,0.4520391111111111,0.23333333333333328
"Baseline (k=3, 2pt, pm=0.02)",42,5,54661.0,-3649877.92,17487,54661,0.4376755555555556,0.20666666666666667
"Baseline (k=3, 2pt, pm=0.02)",42,6,56445.0,-2379427.3,16125,56445,0.4284942222222224,0.18000000000000005
"Baseline (k=3, 2pt, pm=0.02)",42,7,56604.0,-3447166.7466666666,16638,56604,0.4175235555555555,0.2466666666666667
"Baseline (k=3, 2pt, pm=0.02)",42,8,58251.0,-2077259.1266666667,16827,58251,0.4124008888888888,0.18666666666666665
"Baseline (k=3, 2pt, pm=0.02)",42,9,59768.0,-3489720.3133333335,17166,59768,0.3882782222222221,0.24
"Baseline (k=3, 2pt, pm=0.02)",42,10,59951.0,-2295461.3866666667,17187,59951,0.3745519999999999,0.16666666666666663
"Baseline (k=3, 2pt, pm=0.02)",42,11,59951.0,-2395654.7866666666,17187,59951,0.35063200000000017,0.21333333333333337
"Baseline (k=3, 2pt, pm=0.02)",42,12,60606.0,-1947690.2333333334,17592,60606,0.3311635555555556,0.17333333333333334
"Baseline (k=3, 2pt, pm=0.02)",42,13,61769.0,-704524.38,17643,61769,0.3009182222222223,0.11333333333333329
"Baseline (k=3, 2pt, pm=0.02)",42,14,62383.0,-2429322.3,17631,62383,0.29539644444444446,0.22666666666666668
"Baseline (k=3, 2pt, pm=0.02)",42,15,62383.0,-2330860.8666666667,17631,62383,0.29821688888888886,0.20666666666666667
"Baseline (k=3, 2pt, pm=0.02)",42,16,62383.0,-2805081.3666666667,17631,62383,0.293824888888889,0.24
"Baseline (k=3, 2pt, pm=0.02)",42,17,62720.0,-2657559.8133333335,17010,62720,0.2925075555555555,0.17333333333333334
"Baseline (k=3, 2pt, pm=0.02)",42,18,64916.0,-3125470.9266666668,17262,64916,0.28933066666666657,0.23333333333333328
"Baseline (k=3, 2pt, pm=0.02)",42,19,64916.0,-3430764.6066666665,17262,64916,0.2897564444444443,0.21999999999999997
"Baseline (k=3, 2pt, pm=0.02)",42,20,65518.0,-1907655.08,17496,65518,0.28047822222222213,0.16000000000000003
"Baseline (k=3, 2pt, pm=0.02)",42,21,65648.0,-2424875.3266666667,17346,65648,0.27546577777777775,0.18666666666666665
"Baseline (k=3, 2pt, pm=0.02)",42,22,65648.0,-2236922.9066666667,17346,65648,0.26766666666666666,0.19999999999999996
"Baseline (k=3, 2pt, pm=0.02)",42,23,65831.0,-2093476.9466666668,17367,65831,0.26644444444444454,0.18666666666666665
"Baseline (k=3, 2pt, pm=0.02)",42,24,65831.0,-2486374.86,17367,65831,0.2591128888888889,0.18666666666666665
"Baseline (k=3, 2pt, pm=0.02)",42,25,66681.0,-1954859.18,17547,66681,0.25105155555555564,0.17333333333333334
"Baseline (k=3, 2pt, pm=0.02)",42,26,66681.0,-1949261.48,17547,66681,0.2458906666666667,0.19999999999999996
"Baseline (k=3, 2pt, pm=0.02)",42,27,66681.0,-2541560.2666666666,17547,66681,0.24570577777777775,0.21999999999999997
"Baseline (k=3, 2pt, pm=0.02)",42,28,66681.0,-2766864.553333333,17547,66681,0.24796266666666672,0.24
"Baseline (k=3, 2pt, pm=0.02)",42,29,66799.0,-3699421.48,17643,66799,0.24832355555555555,0.2466666666666667
"Baseline (k=3, 2pt, pm=0.02)",42,30,66799.0,-2758371.513333333,17643,66799,0.25081777777777786,0.23333333333333328
"Baseline (k=3, 2pt, pm=0.02)",42,31,66799.0,-1482237.1266666667,17643,66799,0.2469200000000001,0.21333333333333337
"Baseline (k=3, 2pt, pm=0.02)",42,32,66799.0,-1224050.9533333334,17643,66799,0.24536444444444455,0.14
"Baseline (k=3, 2pt, pm=0.02)",42,33,66799.0,-1953495.76,17643,66799,0.2376808888888888,0.18000000000000005
"Baseline (k=3, 2pt, pm=0.02)",42,34,66799.0,-3902031.3266666667,17643,66799,0.2385831111111111,0.2666666666666667
"Baseline (k=3, 2pt, pm=0.02)",42,35,66799.0,-1808773.1933333334,17643,66799,0.22974222222222218,0.17333333333333334
"Baseline (k=3, 2pt, pm=0.02)",42,36,66799.0,-2868605.68,17643,66799,0.2281724444444445,0.22666666666666668
"Baseline (k=3, 2pt, pm=0.02)",42,37,66799.0,-3669379.6933333334,17643,66799,0.23226044444444444,0.2666666666666667
"Baseline (k=3, 2pt, pm=0.02)",42,38,66799.0,-3470996.3866666667,17643,66799,0.22932888888888897,0.21999999999999997
"Baseline (k=3, 2pt, pm=0.02)",42,39,66799.0,-3488916.2533333334,17643,66799,0.22841511111111118,0.29333333333333333
"Baseline (k=3, 2pt, pm=0.02)",42,40,66799.0,-2622075.3466666667,17643,66799,0.23846488888888892,0.23333333333333328
"Baseline (k=3, 2pt, pm=0.02)",42,41,66799.0,-3746414.973333333,17643,66799,0.2392391111111112,0.28
"Baseline (k=3, 2pt, pm=0.02)",42,42,66799.0,-3356745.066666667,17643,66799,0.2328391111111112,0.2466666666666667
"Baseline (k=3, 2pt, pm=0.02)",42,43,66799.0,-3705985.42,17643,66799,0.2306826666666667,0.22666666666666668
"Baseline (k=3, 2pt, pm=0.02)",42,44,66799.0,-2119509.02,17643,66799,0.21653155555555553,0.19333333333333336
"Baseline (k=3, 2pt, pm=0.02)",42,45,66799.0,-3002426.2933333335,17643,66799,0.20729688888888897,0.21999999999999997
"Baseline (k=3, 2pt, pm=0.02)",42,46,66982.0,-2365861.6666666665,17664,66982,0.210016,0.2466666666666667
"Baseline (k=3, 2pt, pm=0.02)",42,47,66982.0,-2252710.24,17664,66982,0.21268444444444448,0.18666666666666665
"Baseline (k=3, 2pt, pm=0.02)",42,48,66982.0,-2277729.473333333,17664,66982,0.2180488888888889,0.21333333333333337
"Baseline (k=3, 2pt, pm=0.02)",42,49,66982.0,-3201890.14,17664,66982,0.21659822222222225,0.26
"Baseline (k=3, 2pt, pm=0.02)",42,50,66982.0,-2338088.526666667,17664,66982,0.2215466666666667,0.21333333333333337
"Baseline (k=3, 2pt, pm=0.02)",42,51,66982.0,-3127701.92,17664,66982,0.21975466666666665,0.21999999999999997
"Baseline (k=3, 2pt, pm=0.02)",42,52,66982.0,-2453927.473333333,17664,66982,0.22165066666666672,0.20666666666666667
"Baseline (k=3, 2pt, pm=0.02)",42,53,66982.0,-3061416.2466666666,17664,66982,0.2241582222222223,0.20666666666666667
"Baseline (k=3, 2pt, pm=0.02)",42,54,66982.0,-1928705.7733333334,17664,66982,0.2241733333333334,0.16000000000000003
"Baseline (k=3, 2pt, pm=0.02)",42,55,66982.0,-2423898.2133333334,17664,66982,0.22125866666666677,0.21333333333333337
"Baseline (k=3, 2pt, pm=0.02)",42,56,66982.0,-3920988.18,17664,66982,0.22364888888888884,0.2733333333333333
"Baseline (k=3, 2pt, pm=0.02)",42,57,67165.0,-2448891.7133333334,17685,67165,0.22889955555555555,0.17333333333333334
"Baseline (k=3, 2pt, pm=0.02)",42,58,67165.0,-2292917.5866666664,17685,67165,0.22122933333333336,0.23333333333333328
"Baseline (k=3, 2pt, pm=0.02)",42,59,67165.0,-4181136.2066666665,17685,67165,0.21954222222222225,0.2666666666666667
"Baseline (k=3, 2pt, pm=0.02)",42,60,67165.0,-3506207.8866666667,17685,67165,0.2267786666666668,0.24
"Baseline (k=3, 2pt, pm=0.02)",42,61,67165.0,-2333713.6866666665,17685,67165,0.22355288888888888,0.21333333333333337
"Baseline (k=3, 2pt, pm=0.02)",42,62,67165.0,-3074104.546666667,17685,67165,0.23136622222222222,0.21333333333333337
"Baseline (k=3, 2pt, pm=0.02)",42,63,67165.0,-3015917.4266666668,17685,67165,0.23186755555555572,0.24
"Baseline (k=3, 2pt, pm=0.02)",42,64,67165.0,-2487200.533333333,17685,67165,0.2322586666666666,0.18000000000000005
"Baseline (k=3, 2pt, pm=0.02)",42,65,67165.0,-3134380.026666667,17685,67165,0.22408888888888892,0.19333333333333336
"Baseline (k=3, 2pt, pm=0.02)",42,66,67165.0,-2095320.3933333333,17685,67165,0.21247822222222223,0.19999999999999996
"Baseline (k=3, 2pt, pm=0.02)",42,67,67165.0,-2532736.1266666665,17685,67165,0.21197866666666673,0.24
"Baseline (k=3, 2pt, pm=0.02)",42,68,67165.0,-2841858.3533333335,17685,67165,0.21427733333333332,0.22666666666666668
"Baseline (k=3, 2pt, pm=0.02)",42,69,67165.0,-2568760.6466666665,17685,67165,0.20929600000000004,0.20666666666666667
"Baseline (k=3, 2pt, pm=0.02)",42,70,67165.0,-2395514.36,17685,67165,0.18688799999999997,0.21333333333333337
"Baseline (k=3, 2pt, pm=0.02)",42,71,67165.0,-2597029.8933333335,17685,67165,0.1889768888888889,0.21333333333333337
"Baseline (k=3, 2pt, pm=0.02)",42,72,67165.0,-2118914.66,17685,67165,0.19337333333333326,0.18666666666666665
"Baseline (k=3, 2pt, pm=0.02)",42,73,67165.0,-2894353.8333333335,17685,67165,0.20167022222222225,0.24
"Baseline (k=3, 2pt, pm=0.02)",42,74,67165.0,-2341097.013333333,17685,67165,0.19751288888888893,0.21999999999999997
"Baseline (k=3, 2pt, pm=0.02)",42,75,67165.0,-2488272.3333333335,17685,67165,0.19360355555555553,0.18666666666666665
"Baseline (k=3, 2pt, pm=0.02)",42,76,67165.0,-3209498.12,17685,67165,0.18308000000000002,0.21999999999999997
"Baseline (k=3, 2pt, pm=0.02)",42,77,67165.0,-2442955.446666667,17685,67165,0.18575200000000008,0.16000000000000003
"Baseline (k=3, 2pt, pm=0.02)",42,78,67165.0,-2630501.42,17685,67165,0.1805271111111112,0.16666666666666663
"Baseline (k=3, 2pt, pm=0.02)",42,79,67165.0,-3194561.1466666665,17685,67165,0.1807786666666667,0.19999999999999996
"Baseline (k=3, 2pt, pm=0.02)",42,80,67165.0,-1829849.9133333333,17685,67165,0.1795502222222223,0.21333333333333337
"Baseline (k=3, 2pt, pm=0.02)",42,81,67165.0,-3058667.446666667,17685,67165,0.18045688888888897,0.2533333333333333
"Baseline (k=3, 2pt, pm=0.02)",42,82,67165.0,-2968040.6733333333,17685,67165,0.19272000000000006,0.28
"Baseline (k=3, 2pt, pm=0.02)",42,83,67165.0,-2936830.1533333333,17685,67165,0.20650133333333326,0.18666666666666665
"Baseline (k=3, 2pt, pm=0.02)",42,84,67165.0,-4475103.973333334,17685,67165,0.19862133333333337,0.26
"Baseline (k=3, 2pt, pm=0.02)",42,85,67165.0,-3170264.6266666665,17685,67165,0.18886666666666663,0.2733333333333333
"Baseline (k=3, 2pt, pm=0.02)",42,86,67165.0,-4063047.8533333335,17685,67165,0.18493955555555547,0.2666666666666667
"Baseline (k=3, 2pt, pm=0.02)",42,87,67165.0,-2557955.6533333333,17685,67165,0.1778915555555557,0.19999999999999996
"Baseline (k=3, 2pt, pm=0.02)",42,88,67165.0,-2239341.38,17685,67165,0.1844017777777779,0.19999999999999996
"Baseline (k=3, 2pt, pm=0.02)",42,89,67165.0,-3003400.4,17685,67165,0.1633768888888889,0.28
"Baseline (k=3, 2pt, pm=0.02)",42,90,67165.0,-3114241.7,17685,67165,0.17151466666666668,0.18000000000000005
"Baseline (k=3, 2pt, pm=0.02)",42,91,67165.0,-3603063.88,17685,67165,0.1623911111111111,0.2666666666666667
"Baseline (k=3, 2pt, pm=0.02)",42,92,67165.0,-2533415.12,17685,67165,0.16961688888888887,0.20666666666666667
"Baseline (k=3, 2pt, pm=0.02)",42,93,67165.0,-2993365.6733333333,17685,67165,0.17379111111111104,0.21999999999999997
"Baseline (k=3, 2pt, pm=0.02)",42,94,67165.0,-3626862.033333333,17685,67165,0.16668800000000009,0.2533333333333333
"Baseline (k=3, 2pt, pm=0.02)",42,95,67165.0,-2197490.36,17685,67165,0.1619253333333334,0.17333333333333334
"Baseline (k=3, 2pt, pm=0.02)",42,96,67165.0,-2606488.6266666665,17685,67165,0.16315022222222228,0.22666666666666668
"Baseline (k=3, 2pt, pm=0.02)",42,97,67165.0,-2980500.1933333334,17685,67165,0.15987733333333332,0.22666666666666668
"Baseline (k=3, 2pt, pm=0.02)",42,98,67165.0,-2635436.2933333335,17685,67165,0.15860088888888885,0.2466666666666667
"Baseline (k=3, 2pt, pm=0.02)",42,99,67165.0,-3036050.88,17685,67165,0.15165777777777784,0.28
"Baseline (k=3, 2pt, pm=0.02)",42,100,67165.0,-2048974.94,17685,67165,0.15643200000000002,0.19333333333333336
"Baseline (k=3, 2pt, pm=0.02)",42,101,67165.0,-2436972.1,17685,67165,0.15480977777777777,0.20666666666666667
"Baseline (k=3, 2pt, pm=0.02)",42,102,67165.0,-2139244.1333333333,17685,67165,0.15182666666666667,0.16666666666666663
"Baseline (k=3, 2pt, pm=0.02)",42,103,67165.0,-2043951.78,17685,67165,0.15570666666666663,0.18000000000000005
"Baseline (k=3, 2pt, pm=0.02)",42,104,67165.0,-1275751.0666666667,17685,67165,0.15407644444444452,0.12
"Baseline (k=3, 2pt, pm=0.02)",42,105,67165.0,-1249516.5666666667,17685,67165,0.14807022222222221,0.17333333333333334
"Baseline (k=3, 2pt, pm=0.02)",42,106,67165.0,-1951263.4933333334,17685,67165,0.1565191111111111,0.22666666666666668
"Baseline (k=3, 2pt, pm=0.02)",42,107,67165.0,-2506428.973333333,17685,67165,0.1631688888888889,0.18666666666666665
"Baseline (k=3, 2pt, pm=0.02)",42,108,67165.0,-3296959.8733333335,17685,67165,0.16272622222222224,0.28
"Baseline (k=3, 2pt, pm=0.02)",42,109,67165.0,-2067754.7666666666,17685,67165,0.17568711111111118,0.21999999999999997
"Baseline (k=3, 2pt, pm=0.02)",42,110,67165.0,-2649428.04,17685,67165,0.1764391111111111,0.18000000000000005
"Baseline (k=3, 2pt, pm=0.02)",42,111,67165.0,-2101262.4,17685,67165,0.1773928888888889,0.21333333333333337
"Baseline (k=3, 2pt, pm=0.02)",42,112,67165.0,-2426417.2933333335,17685,67165,0.17703644444444444,0.2466666666666667
"Baseline (k=3, 2pt, pm=0.02)",42,113,67165.0,-2259929.34,17685,67165,0.1839751111111111,0.18000000000000005
"Baseline (k=3, 2pt, pm=0.02)",42,114,67165.0,-2777930.4266666668,17685,67165,0.1746684444444445,0.23333333333333328
"Baseline (k=3, 2pt, pm=0.02)",42,115,67165.0,-2467163.4,17685,67165,0.1798177777777778,0.23333333333333328
"Baseline (k=3, 2pt, pm=0.02)",42,116,67165.0,-2948997.0,17685,67165,0.1870115555555556,0.2533333333333333
"Baseline (k=3, 2pt, pm=0.02)",42,117,67165.0,-3160374.3466666667,17685,67165,0.18808800000000014,0.18666666666666665
"Baseline (k=3, 2pt, pm=0.02)",42,118,67165.0,-3919182.3533333335,17685,67165,0.18373600000000007,0.31999999999999995
"Baseline (k=3, 2pt, pm=0.02)",42,119,67165.0,-3718845.513333333,17685,67165,0.1861457777777778,0.26
"Baseline (k=3, 2pt, pm=0.02)",42,120,67165.0,-3156874.3866666667,17685,67165,0.18097155555555555,0.23333333333333328
"Baseline (k=3, 2pt, pm=0.02)",42,121,67165.0,-2878435.7266666666,17685,67165,0.1877511111111111,0.24
"Baseline (k=3, 2pt, pm=0.02)",42,122,67165.0,-2765788.7266666666,17685,67165,0.18727377777777787,0.2533333333333333
"Baseline (k=3, 2pt, pm=0.02)",42,123,67165.0,-2586584.8066666666,17685,67165,0.18077511111111122,0.20666666666666667
"Baseline (k=3, 2pt, pm=0.02)",42,124,67165.0,-1417975.7466666666,17685,67165,0.18003111111111111,0.10666666666666669
"Baseline (k=3, 2pt, pm=0.02)",42,125,67165.0,-1832908.3333333333,17685,67165,0.1724231111111111,0.15333333333333332
"Baseline (k=3, 2pt, pm=0.02)",42,126,67165.0,-2588358.3066666666,17685,67165,0.1710195555555556,0.18000000000000005
"Baseline (k=3, 2pt, pm=0.02)",42,127,67165.0,-2940669.8666666667,17685,67165,0.17369511111111113,0.24
"Baseline (k=3, 2pt, pm=0.02)",42,128,67165.0,-2981024.3933333335,17685,67165,0.18176977777777786,0.19333333333333336
"Baseline (k=3, 2pt, pm=0.02)",42,129,67165.0,-2728223.0,17685,67165,0.18678488888888886,0.20666666666666667
"Baseline (k=3, 2pt, pm=0.02)",42,130,67165.0,-3160730.12,17685,67165,0.17582666666666671,0.21999999999999997
"Baseline (k=3, 2pt, pm=0.02)",42,131,67165.0,-1384478.1666666667,17685,67165,0.1705306666666667,0.16666666666666663
"Baseline (k=3, 2pt, pm=0.02)",42,132,67165.0,-3118784.34,17685,67165,0.171448,0.21999999999999997
"Baseline (k=3, 2pt, pm=0.02)",42,133,67165.0,-2827078.3533333335,17685,67165,0.17008177777777778,0.22666666666666668
"Baseline (k=3, 2pt, pm=0.02)",42,134,67165.0,-2055058.6666666667,17685,67165,0.16623822222222223,0.16666666666666663
"Baseline (k=3, 2pt, pm=0.02)",42,135,67165.0,-3042516.0866666664,17685,67165,0.16564355555555563,0.22666666666666668
"Baseline (k=3, 2pt, pm=0.02)",42,136,67165.0,-2452545.0733333332,17685,67165,0.16778222222222225,0.20666666666666667
"Baseline (k=3, 2pt, pm=0.02)",42,137,67165.0,-4351425.793333333,17685,67165,0.1728524444444445,0.2733333333333333
"Baseline (k=3, 2pt, pm=0.02)",42,138,67165.0,-2920768.053333333,17685,67165,0.18804622222222228,0.29333333333333333
"Baseline (k=3, 2pt, pm=0.02)",42,139,67165.0,-2513357.44,17685,67165,0.19641955555555554,0.21333333333333337
"Baseline (k=3, 2pt, pm=0.02)",42,140,67165.0,-2445456.16,17685,67165,0.20523111111111117,0.21333333333333337
"Baseline (k=3, 2pt, pm=0.02)",42,141,67165.0,-4247582.526666666,17685,67165,0.2127075555555556,0.31333333333333335
"Baseline (k=3, 2pt, pm=0.02)",42,142,67165.0,-3591951.44,17685,67165,0.21209600000000006,0.2466666666666667
"Baseline (k=3, 2pt, pm=0.02)",42,143,67165.0,-2068369.9466666668,17685,67165,0.20324444444444445,0.19333333333333336
"Baseline (k=3, 2pt, pm=0.02)",42,144,67165.0,-3449758.433333333,17685,67165,0.19068622222222215,0.2533333333333333
"Baseline (k=3, 2pt, pm=0.02)",42,145,67165.0,-3678037.533333333,17685,67165,0.2005333333333333,0.2733333333333333
"Baseline (k=3, 2pt, pm=0.02)",42,146,67165.0,-2111968.12,17685,67165,0.2029457777777778,0.21333333333333337
"Baseline (k=3, 2pt, pm=0.02)",42,147,67165.0,-3567307.3333333335,17685,67165,0.20242933333333327,0.24
"Baseline (k=3, 2pt, pm=0.02)",42,148,67165.0,-1622489.7933333332,17685,67165,0.2042133333333334,0.18666666666666665
"Baseline (k=3, 2pt, pm=0.02)",42,149,67165.0,-2338890.1466666665,17685,67165,0.19965244444444447,0.20666666666666667
"Baseline (k=3, 2pt, pm=0.02)",42,150,67165.0,-3082290.72,17685,67165,0.1973164444444445,0.26
"Baseline (k=3, 2pt, pm=0.02)",42,151,67165.0,-3014744.3466666667,17685,67165,0.16853066666666675,0.26
"Baseline (k=3, 2pt, pm=0.02)",42,152,67165.0,-2236859.6266666665,17685,67165,0.15590044444444448,0.19999999999999996
"Baseline (k=3, 2pt, pm=0.02)",42,153,67165.0,-3152937.26,17685,67165,0.16379644444444444,0.24
"Baseline (k=3, 2pt, pm=0.02)",42,154,67165.0,-1956168.0533333332,17685,67165,0.1689173333333334,0.21333333333333337
"Baseline (k=3, 2pt, pm=0.02)",42,155,67165.0,-2142726.3133333335,17685,67165,0.17480977777777784,0.15333333333333332
"Baseline (k=3, 2pt, pm=0.02)",42,156,67165.0,-3485704.8866666667,17685,67165,0.17702933333333337,0.2866666666666666
"Baseline (k=3, 2pt, pm=0.02)",42,157,67165.0,-2207329.6466666665,17685,67165,0.1859573333333334,0.21999999999999997
"Baseline (k=3, 2pt, pm=0.02)",42,158,67165.0,-2662879.8933333335,17685,67165,0.18563111111111114,0.18666666666666665
"Baseline (k=3, 2pt, pm=0.02)",42,159,67165.0,-2733397.3066666666,17685,67165,0.18349777777777787,0.22666666666666668
"Baseline (k=3, 2pt, pm=0.02)",42,160,67165.0,-1304294.8466666667,17685,67165,0.17077955555555557,0.14
"Baseline (k=3, 2pt, pm=0.02)",42,161,67165.0,-3009657.4066666667,17685,67165,0.17017955555555556,0.21333333333333337
"Baseline (k=3, 2pt, pm=0.02)",42,162,67165.0,-1973782.6133333333,17685,67165,0.16602133333333338,0.20666666666666667
"Baseline (k=3, 2pt, pm=0.02)",42,163,67165.0,-2320771.7133333334,17685,67165,0.16922488888888892,0.16666666666666663
"Baseline (k=3, 2pt, pm=0.02)",42,164,67165.0,-2098310.8,17685,67165,0.1766382222222222,0.16666666666666663
"Baseline (k=3, 2pt, pm=0.02)",42,165,67165.0,-3159240.7666666666,17685,67165,0.17190488888888894,0.29333333333333333
"Baseline (k=3, 2pt, pm=0.02)",42,166,67165.0,-2175201.053333333,17685,67165,0.1606328888888889,0.21333333333333337
"Baseline (k=3, 2pt, pm=0.02)",42,167,67165.0,-2108829.9133333336,17685,67165,0.1672924444444445,0.19999999999999996
"Baseline (k=3, 2pt, pm=0.02)",42,168,67165.0,-3739364.1333333333,17685,67165,0.16347644444444442,0.28
"Baseline (k=3, 2pt, pm=0.02)",42,169,67165.0,-2990369.013333333,17685,67165,0.1585697777777778,0.22666666666666668
"Baseline (k=3, 2pt, pm=0.02)",42,170,67165.0,-3055465.3066666666,17685,67165,0.16826755555555561,0.23333333333333328
"Baseline (k=3, 2pt, pm=0.02)",42,171,67165.0,-3150873.0733333332,17685,67165,0.18099822222222228,0.2866666666666666
"Baseline (k=3, 2pt, pm=0.02)",42,172,67165.0,-2394366.8,17685,67165,0.19551200000000002,0.19999999999999996
"Baseline (k=3, 2pt, pm=0.02)",42,173,67165.0,-2511956.96,17685,67165,0.1963511111111111,0.18666666666666665
"Baseline (k=3, 2pt, pm=0.02)",42,174,67165.0,-2898452.0933333333,17685,67165,0.19174222222222226,0.21333333333333337
"Baseline (k=3, 2pt, pm=0.02)",42,175,67165.0,-2876371.5866666664,17685,67165,0.19449066666666667,0.21999999999999997
"Baseline (k=3, 2pt, pm=0.02)",42,176,67165.0,-3237148.5733333332,17685,67165,0.1808826666666667,0.21999999999999997
"Baseline (k=3, 2pt, pm=0.02)",42,177,67165.0,-2829114.68,17685,67165,0.1598746666666667,0.2533333333333333
"Baseline (k=3, 2pt, pm=0.02)",42,178,67165.0,-2867167.7266666666,17685,67165,0.1579786666666667,0.23333333333333328
"Baseline (k=3, 2pt, pm=0.02)",42,179,67165.0,-2281320.966666667,17685,67165,0.15721866666666667,0.21999999999999997
"Baseline (k=3, 2pt, pm=0.02)",42,180,67165.0,-3466109.18,17685,67165,0.1627262222222222,0.2533333333333333
"Baseline (k=3, 2pt, pm=0.02)",42,181,67165.0,-3592927.486666667,17685,67165,0.16907644444444445,0.2533333333333333
"Baseline (k=3, 2pt, pm=0.02)",42,182,67165.0,-2888039.7733333334,17685,67165,0.17614044444444443,0.18666666666666665
"Baseline (k=3, 2pt, pm=0.02)",42,183,67165.0,-3644352.2666666666,17685,67165,0.1737671111111111,0.24
"Baseline (k=3, 2pt, pm=0.02)",42,184,67165.0,-3711848.1266666665,17685,67165,0.1779920000000001,0.2666666666666667
"Baseline (k=3, 2pt, pm=0.02)",42,185,67165.0,-2590865.486666667,17685,67165,0.1764204444444445,0.23333333333333328
"Baseline (k=3, 2pt, pm=0.02)",42,186,67165.0,-1901216.8,17685,67165,0.1755635555555556,0.19333333333333336
"Baseline (k=3, 2pt, pm=0.02)",42,187,67165.0,-1757153.3133333332,17685,67165,0.18385333333333329,0.21999999999999997
"Baseline (k=3, 2pt, pm=0.02)",42,188,67165.0,-1060067.94,17685,67165,0.18026133333333333,0.11333333333333329
"Baseline (k=3, 2pt, pm=0.02)",42,189,67165.0,-2541304.84,17685,67165,0.17320444444444452,0.23333333333333328
"Baseline (k=3, 2pt, pm=0.02)",42,190,67165.0,-1766993.38,17685,67165,0.16467822222222225,0.16666666666666663
"Baseline (k=3, 2pt, pm=0.02)",42,191,67165.0,-2900728.18,17685,67165,0.17440444444444447,0.23333333333333328
"Baseline (k=3, 2pt, pm=0.02)",42,192,67165.0,-2291390.8933333335,17685,67165,0.1776666666666666,0.22666666666666668
"Baseline (k=3, 2pt, pm=0.02)",42,193,67165.0,-2781625.5733333332,17685,67165,0.16969688888888887,0.28
"Baseline (k=3, 2pt, pm=0.02)",42,194,67165.0,-2764042.22,17685,67165,0.17618755555555554,0.20666666666666667
"Baseline (k=3, 2pt, pm=0.02)",42,195,67165.0,-2072479.78,17685,67165,0.18123999999999998,0.19999999999999996
"Baseline (k=3, 2pt, pm=0.02)",42,196,67165.0,-1532667.7866666666,17685,67165,0.1797262222222223,0.18000000000000005
"Baseline (k=3, 2pt, pm=0.02)",42,197,67165.0,-2659075.2333333334,17685,67165,0.17991022222222233,0.2533333333333333
"Baseline (k=3, 2pt, pm=0.02)",42,198,67165.0,-2731162.1266666665,17685,67165,0.17659999999999998,0.24
"Baseline (k=3, 2pt, pm=0.02)",42,199,67165.0,-2941387.2133333334,17685,67165,0.16676444444444447,0.23333333333333328
"Baseline (k=3, 2pt, pm=0.02)",42,200,67165.0,-2097525.053333333,17685,67165,0.17008266666666677,0.21999999999999997
"Baseline (k=3, 2pt, pm=0.02)",43,0,47659.0,-17477563.38,17673,47659,0.4971146666666663,0.4666666666666667
"Baseline (k=3, 2pt, pm=0.02)",43,1,51249.0,-4827476.68,17013,51249,0.49023111111111084,0.20666666666666667
"Baseline (k=3, 2pt, pm=0.02)",43,2,52961.0,-4198896.6466666665,17127,52961,0.48158666666666666,0.19333333333333336
"Baseline (k=3, 2pt, pm=0.02)",43,3,52961.0,-1908929.2466666666,17127,52961,0.4651475555555555,0.11333333333333329
"Baseline (k=3, 2pt, pm=0.02)",43,4,55181.0,-2144462.2866666666,16887,55181,0.4486373333333333,0.18000000000000005
"Baseline (k=3, 2pt, pm=0.02)",43,5,56633.0,-2165696.52,17301,56633,0.43319288888888885,0.07999999999999996
"Baseline (k=3, 2pt, pm=0.02)",43,6,56922.0,-2239450.3733333335,17664,56922,0.4211626666666668,0.19999999999999996
"Baseline (k=3, 2pt, pm=0.02)",43,7,57820.0,-3460171.56,16860,57820,0.3991422222222223,0.21333333333333337
"Baseline (k=3, 2pt, pm=0.02)",43,8,57820.0,-3542985.033333333,16860,57820,0.3738915555555557,0.2466666666666667
"Baseline (k=3, 2pt, pm=0.02)",43,9,58800.0,-2067382.1866666668,16890,58800,0.36697955555555545,0.19333333333333336
"Baseline (k=3, 2pt, pm=0.02)",43,10,59893.0,-4379701.3,15861,59893,0.36364711111111125,0.2466666666666667
"Baseline (k=3, 2pt, pm=0.02)",43,11,60435.0,-3153491.64,17325,60435,0.3627377777777779,0.19999999999999996
"Baseline (k=3, 2pt, pm=0.02)",43,12,62561.0,-2943119.4266666668,16497,62561,0.3485022222222224,0.22666666666666668
"Baseline (k=3, 2pt, pm=0.02)",43,13,62561.0,-3092685.9266666668,16497,62561,0.3402826666666669,0.19333333333333336
"Baseline (k=3, 2pt, pm=0.02)",43,14,63028.0,-3221188.8533333335,15726,63028,0.32382755555555576,0.23333333333333328
"Baseline (k=3, 2pt, pm=0.02)",43,15,64090.0,-2749713.533333333,16590,64090,0.3111262222222222,0.14
"Baseline (k=3, 2pt, pm=0.02)",43,16,64090.0,-1740633.7933333332,16590,64090,0.28627377777777774,0.1466666666666666
"Baseline (k=3, 2pt, pm=0.02)",43,17,64839.0,-1896271.96,17583,64839,0.2673066666666668,0.19333333333333336
"Baseline (k=3, 2pt, pm=0.02)",43,18,64839.0,-1990503.4733333334,17583,64839,0.2496657777777778,0.18000000000000005
"Baseline (k=3, 2pt, pm=0.02)",43,19,65282.0,-1887674.2333333334,17304,65282,0.23371911111111113,0.14
"Baseline (k=3, 2pt, pm=0.02)",43,20,66433.0,-2218673.6933333334,17601,66433,0.21808799999999995,0.18666666666666665
"Baseline (k=3, 2pt, pm=0.02)",43,21,66433.0,-2457316.78,17601,66433,0.21271911111111105,0.18000000000000005
"Baseline (k=3, 2pt, pm=0.02)",43,22,66799.0,-3775495.5866666664,17643,66799,0.2067991111111111,0.2466666666666667
"Baseline (k=3, 2pt, pm=0.02)",43,23,66799.0,-1835074.9,17643,66799,0.20978755555555564,0.1266666666666667
"Baseline (k=3, 2pt, pm=0.02)",43,24,66799.0,-2380549.9,17643,66799,0.2132666666666667,0.21999999999999997
"Baseline (k=3, 2pt, pm=0.02)",43,25,66799.0,-2651023.5733333332,17643,66799,0.21551555555555552,0.21999999999999997
"Baseline (k=3, 2pt, pm=0.02)",43,26,66799.0,-3231907.8333333335,17643,66799,0.22242044444444445,0.18666666666666665
"Baseline (k=3, 2pt, pm=0.02)",43,27,66799.0,-3104140.2733333334,17643,66799,0.21545422222222224,0.23333333333333328
"Baseline (k=3, 2pt, pm=0.02)",43,28,66864.0,-2685460.76,17568,66864,0.20089066666666663,0.24
"Baseline (k=3, 2pt, pm=0.02)",43,29,66864.0,-3007004.02,17568,66864,0.2044586666666668,0.2866666666666666
"Baseline (k=3, 2pt, pm=0.02)",43,30,66864.0,-2016123.2933333332,17568,66864,0.20003111111111116,0.21333333333333337
"Baseline (k=3, 2pt, pm=0.02)",43,31,66982.0,-3233784.6266666665,17664,66982,0.21053244444444444,0.2666666666666667
"Baseline (k=3, 2pt, pm=0.02)",43,32,66982.0,-2258392.2266666666,17664,66982,0.22136977777777772,0.24
"Baseline (k=3, 2pt, pm=0.02)",43,33,66982.0,-2773310.3133333335,17664,66982,0.21983822222222224,0.21999999999999997
"Baseline (k=3, 2pt, pm=0.02)",43,34,66982.0,-1542093.1333333333,17664,66982,0.21875555555555562,0.18000000000000005
"Baseline (k=3, 2pt, pm=0.02)",43,35,66982.0,-2481704.28,17664,66982,0.216304888888889,0.19999999999999996
"Baseline (k=3, 2pt, pm=0.02)",43,36,66982.0,-2442220.02,17664,66982,0.21615822222222236,0.22666666666666668
"Baseline (k=3, 2pt, pm=0.02)",43,37,66982.0,-3050581.946666667,17664,66982,0.2192586666666667,0.21999999999999997
"Baseline (k=3, 2pt, pm=0.02)",43,38,66982.0,-2644355.26,17664,66982,0.2186453333333333,0.22666666666666668
"Baseline (k=3, 2pt, pm=0.02)",43,39,66982.0,-2011321.2266666666,17664,66982,0.21766755555555556,0.16000000000000003
"Baseline (k=3, 2pt, pm=0.02)",43,40,66982.0,-1918098.9866666666,17664,66982,0.22233422222222227,0.19333333333333336
"Baseline (k=3, 2pt, pm=0.02)",43,41,66982.0,-2656883.973333333,17664,66982,0.22407288888888896,0.20666666666666667
"Baseline (k=3, 2pt, pm=0.02)",43,42,66982.0,-3639602.24,17664,66982,0.22289333333333328,0.20666666666666667
"Baseline (k=3, 2pt, pm=0.02)",43,43,66982.0,-3510090.493333333,17664,66982,0.2186231111111111,0.2733333333333333
"Baseline (k=3, 2pt, pm=0.02)",43,44,66982.0,-2725684.0733333332,17664,66982,0.22140088888888884,0.19333333333333336
"Baseline (k=3, 2pt, pm=0.02)",43,45,66982.0,-2845151.046666667,17664,66982,0.208192,0.21999999999999997
"Baseline (k=3, 2pt, pm=0.02)",43,46,66982.0,-3828162.3,17664,66982,0.2109040000000001,0.2866666666666666
"Baseline (k=3, 2pt, pm=0.02)",43,47,66982.0,-1838319.46,17664,66982,0.20574577777777775,0.21333333333333337
"Baseline (k=3, 2pt, pm=0.02)",43,48,66982.0,-2419505.5733333332,17664,66982,0.20637333333333335,0.18666666666666665
"Baseline (k=3, 2pt, pm=0.02)",43,49,66982.0,-2121667.2666666666,17664,66982,0.20801333333333327,0.2466666666666667
"Baseline (k=3, 2pt, pm=0.02)",43,50,66982.0,-2628127.14,17664,66982,0.2021804444444445,0.24
"Baseline (k=3, 2pt, pm=0.02)",43,51,66982.0,-3175299.24,17664,66982,0.1889360000000001,0.2533333333333333
"Baseline (k=3, 2pt, pm=0.02)",43,52,66982.0,-2275152.2333333334,17664,66982,0.1797751111111111,0.21333333333333337
"Baseline (k=3, 2pt, pm=0.02)",43,53,66982.0,-2812223.4066666667,17664,66982,0.18389066666666673,0.23333333333333328
"Baseline (k=3, 2pt, pm=0.02)",43,54,66982.0,-2565031.3733333335,17664,66982,0.18205955555555556,0.21999999999999997
"Baseline (k=3, 2pt, pm=0.02)",43,55,66982.0,-2855198.6066666665,17664,66982,0.18934577777777775,0.2533333333333333
"Baseline (k=3, 2pt, pm=0.02)",43,56,66982.0,-2853255.7866666666,17664,66982,0.19272177777777777,0.23333333333333328
"Baseline (k=3, 2pt, pm=0.02)",43,57,66982.0,-2970023.026666667,17664,66982,0.18196,0.20666666666666667
"Baseline (k=3, 2pt, pm=0.02)",43,58,66982.0,-2277059.68,17664,66982,0.18333688888888894,0.17333333333333334
"Baseline (k=3, 2pt, pm=0.02)",43,59,66982.0,-2345924.86,17664,66982,0.1824017777777778,0.24
"Baseline (k=3, 2pt, pm=0.02)",43,60,66982.0,-1991947.08,17664,66982,0.19555822222222224,0.19333333333333336
"Baseline (k=3, 2pt, pm=0.02)",43,61,66982.0,-2650686.546666667,17664,66982,0.20147022222222233,0.24
"Baseline (k=3, 2pt, pm=0.02)",43,62,66982.0,-1555554.24,17664,66982,0.20560000000000003,0.17333333333333334
"Baseline (k=3, 2pt, pm=0.02)",43,63,66982.0,-3318674.32,17664,66982,0.21730933333333333,0.23333333333333328
"Baseline (k=3, 2pt, pm=0.02)",43,64,66982.0,-2286251.46,17664,66982,0.20814311111111114,0.19999999999999996
"Baseline (k=3, 2pt, pm=0.02)",43,65,66982.0,-3488066.8266666667,17664,66982,0.20545777777777777,0.2866666666666666
"Baseline (k=3, 2pt, pm=0.02)",43,66,66982.0,-2279883.18,17664,66982,0.21135199999999993,0.21999999999999997
"Baseline (k=3, 2pt, pm=0.02)",43,67,66982.0,-2346250.92,17664,66982,0.213312,0.16000000000000003
"Baseline (k=3, 2pt, pm=0.02)",43,68,66982.0,-1940487.0266666666,17664,66982,0.2153075555555557,0.16000000000000003
"Baseline (k=3, 2pt, pm=0.02)",43,69,66982.0,-2553913.5933333333,17664,66982,0.20903200000000002,0.21999999999999997
"Baseline (k=3, 2pt, pm=0.02)",43,70,66982.0,-2769501.0933333333,17664,66982,0.20242399999999997,0.23333333333333328
"Baseline (k=3, 2pt, pm=0.02)",43,71,66982.0,-3668761.033333333,17664,66982,0.20595199999999994,0.22666666666666668
"Baseline (k=3, 2pt, pm=0.02)",43,72,66982.0,-2670024.8266666667,17664,66982,0.2009102222222223,0.22666666666666668
"Baseline (k=3, 2pt, pm=0.02)",43,73,66982.0,-2006121.1666666667,17664,66982,0.2004035555555556,0.19333333333333336
"Baseline (k=3, 2pt, pm=0.02)",43,74,66982.0,-2398406.493333333,17664,66982,0.19660355555555561,0.21999999999999997
"Baseline (k=3, 2pt, pm=0.02)",43,75,66982.0,-2512977.1133333333,17664,66982,0.20216444444444445,0.19333333333333336
"Baseline (k=3, 2pt, pm=0.02)",43,76,66982.0,-2444079.26,17664,66982,0.20462577777777782,0.20666666666666667
"Baseline (k=3, 2pt, pm=0.02)",43,77,66982.0,-2543919.08,17664,66982,0.20072800000000005,0.18666666666666665
"Baseline (k=3, 2pt, pm=0.02)",43,78,66982.0,-2405423.2933333335,17664,66982,0.20502400000000012,0.23333333333333328
"Baseline (k=3, 2pt, pm=0.02)",43,79,66982.0,-2825537.54,17664,66982,0.20937866666666669,0.21999999999999997
"Baseline (k=3, 2pt, pm=0.02)",43,80,66982.0,-1958374.3333333333,17664,66982,0.21090311111111115,0.19333333333333336
"Baseline (k=3, 2pt, pm=0.02)",43,81,66982.0,-3202112.6133333333,17664,66982,0.19940800000000006,0.2866666666666666
"Baseline (k=3, 2pt, pm=0.02)",43,82,66982.0,-2459434.3133333335,17664,66982,0.2071431111111112,0.21333333333333337
"Baseline (k=3, 2pt, pm=0.02)",43,83,66982.0,-2474749.046666667,17664,66982,0.2093004444444444,0.20666666666666667
"Baseline (k=3, 2pt, pm=0.02)",43,84,66982.0,-1914327.0333333334,17664,66982,0.21021422222222227,0.19333333333333336
"Baseline (k=3, 2pt, pm=0.02)",43,85,66982.0,-2949583.84,17664,66982,0.20506133333333343,0.23333333333333328
"Baseline (k=3, 2pt, pm=0.02)",43,86,66982.0,-4048421.54,17664,66982,0.2165226666666667,0.20666666666666667
"Baseline (k=3, 2pt, pm=0.02)",43,87,66982.0,-3662853.2866666666,17664,66982,0.21852888888888905,0.26
"Baseline (k=3, 2pt, pm=0.02)",43,88,66982.0,-3046513.76,17664,66982,0.21140177777777772,0.28
"Baseline (k=3, 2pt, pm=0.02)",43,89,66982.0,-2569501.493333333,17664,66982,0.2030613333333333,0.19999999999999996
"Baseline (k=3, 2pt, pm=0.02)",43,90,66982.0,-2138968.7866666666,17664,66982,0.19231111111111113,0.19333333333333336
"Baseline (k=3, 2pt, pm=0.02)",43,91,66982.0,-2520231.4133333336,17664,66982,0.18816266666666667,0.24
"Baseline (k=3, 2pt, pm=0.02)",43,92,66982.0,-3756413.0866666664,17664,66982,0.1952506666666667,0.28
"Baseline (k=3, 2pt, pm=0.02)",43,93,66982.0,-2653702.6733333333,17664,66982,0.20149155555555553,0.23333333333333328
"Baseline (k=3, 2pt, pm=0.02)",43,94,66982.0,-3442153.2,17664,66982,0.1976444444444444,0.19999999999999996
"Baseline (k=3, 2pt, pm=0.02)",43,95,66982.0,-2537882.8466666667,17664,66982,0.20717599999999997,0.20666666666666667
"Baseline (k=3, 2pt, pm=0.02)",43,96,66982.0,-2016261.6533333333,17664,66982,0.19460799999999995,0.20666666666666667
"Baseline (k=3, 2pt, pm=0.02)",43,97,66982.0,-3438848.2866666666,17664,66982,0.17868088888888883,0.2666666666666667
"Baseline (k=3, 2pt, pm=0.02)",43,98,66982.0,-3088874.5,17664,66982,0.17891377777777784,0.2733333333333333
"Baseline (k=3, 2pt, pm=0.02)",43,99,66982.0,-1821149.94,17664,66982,0.18493422222222225,0.17333333333333334
"Baseline (k=3, 2pt, pm=0.02)",43,100,66982.0,-2351554.5,17664,66982,0.18024266666666672,0.19333333333333336
"Baseline (k=3, 2pt, pm=0.02)",43,101,66982.0,-1966837.1933333334,17664,66982,0.16649688888888903,0.16666666666666663
"Baseline (k=3, 2pt, pm=0.02)",43,102,66982.0,-2397747.7933333335,17664,66982,0.14288444444444454,0.2733333333333333
"Baseline (k=3, 2pt, pm=0.02)",43,103,66982.0,-2220657.2,17664,66982,0.14791111111111113,0.2666666666666667
"Baseline (k=3, 2pt, pm=0.02)",43,104,66982.0,-2459079.98,17664,66982,0.1598462222222223,0.21333333333333337
"Baseline (k=3, 2pt, pm=0.02)",43,105,66982.0,-2335800.7533333334,17664,66982,0.1626640000000001,0.20666666666666667
"Baseline (k=3, 2pt, pm=0.02)",43,106,66982.0,-1902503.92,17664,66982,0.15849866666666668,0.18000000000000005
"Baseline (k=3, 2pt, pm=0.02)",43,107,66982.0,-3213191.0,17664,66982,0.15750755555555554,0.22666666666666668
"Baseline (k=3, 2pt, pm=0.02)",43,108,66982.0,-1812606.3533333333,17664,66982,0.1640720000000001,0.19999999999999996
"Baseline (k=3, 2pt, pm=0.02)",43,109,66982.0,-2984827.46,17664,66982,0.1616551111111111,0.2666666666666667
"Baseline (k=3, 2pt, pm=0.02)",43,110,66982.0,-2852451.9266666668,17664,66982,0.16807822222222224,0.2666666666666667
"Baseline (k=3, 2pt, pm=0.02)",43,111,66982.0,-2498506.4,17664,66982,0.1653920000000001,0.18666666666666665
"Baseline (k=3, 2pt, pm=0.02)",43,112,66982.0,-3579522.7,17664,66982,0.1719653333333334,0.26
"Baseline (k=3, 2pt, pm=0.02)",43,113,66982.0,-1726035.6666666667,17664,66982,0.1802995555555556,0.15333333333333332
"Baseline (k=3, 2pt, pm=0.02)",43,114,66982.0,-2377790.7133333334,17664,66982,0.1893982222222222,0.19999999999999996
"Baseline (k=3, 2pt, pm=0.02)",43,115,66982.0,-3378318.3266666667,17664,66982,0.18079377777777775,0.2466666666666667
"Baseline (k=3, 2pt, pm=0.02)",43,116,66982.0,-1701847.4733333334,17664,66982,0.18691733333333335,0.16000000000000003
"Baseline (k=3, 2pt, pm=0.02)",43,117,66982.0,-2256814.6666666665,17664,66982,0.18493422222222214,0.21999999999999997
"Baseline (k=3, 2pt, pm=0.02)",43,118,66982.0,-3231398.3266666667,17664,66982,0.18653866666666674,0.30000000000000004
"Baseline (k=3, 2pt, pm=0.02)",43,119,66982.0,-2643655.993333333,17664,66982,0.1907288888888889,0.21333333333333337
"Baseline (k=3, 2pt, pm=0.02)",43,120,66982.0,-2376138.1,17664,66982,0.19262933333333332,0.1466666666666666
"Baseline (k=3, 2pt, pm=0.02)",43,121,66982.0,-1851709.7666666666,17664,66982,0.18989866666666672,0.16000000000000003
"Baseline (k=3, 2pt, pm=0.02)",43,122,66982.0,-2163738.6666666665,17664,66982,0.18898666666666664,0.19333333333333336
"Baseline (k=3, 2pt, pm=0.02)",43,123,66982.0,-3015933.6333333333,17664,66982,0.1896746666666667,0.28
"Baseline (k=3, 2pt, pm=0.02)",43,124,66982.0,-3505644.0866666664,17664,66982,0.195864888888889,0.26
"Baseline (k=3, 2pt, pm=0.02)",43,125,66982.0,-1911409.7933333332,17664,66982,0.20542044444444457,0.18666666666666665
"Baseline (k=3, 2pt, pm=0.02)",43,126,66982.0,-2477205.986666667,17664,66982,0.2067795555555556,0.17333333333333334
"Baseline (k=3, 2pt, pm=0.02)",43,127,66982.0,-3096929.4,17664,66982,0.208104,0.2533333333333333
"Baseline (k=3, 2pt, pm=0.02)",43,128,66982.0,-3679735.8266666667,17664,66982,0.21851022222222224,0.2466666666666667
"Baseline (k=3, 2pt, pm=0.02)",43,129,66982.0,-3144725.1866666665,17664,66982,0.2164026666666668,0.2466666666666667
"Baseline (k=3, 2pt, pm=0.02)",43,130,66982.0,-1982867.2866666666,17664,66982,0.21744177777777784,0.20666666666666667
"Baseline (k=3, 2pt, pm=0.02)",43,131,66982.0,-2220987.86,17664,66982,0.19787911111111114,0.20666666666666667
"Baseline (k=3, 2pt, pm=0.02)",43,132,66982.0,-4023147.066666667,17664,66982,0.1818355555555556,0.28
"Baseline (k=3, 2pt, pm=0.02)",43,133,66982.0,-2239440.1066666665,17664,66982,0.17673422222222224,0.21333333333333337
"Baseline (k=3, 2pt, pm=0.02)",43,134,66982.0,-2684203.006666667,17664,66982,0.17838577777777792,0.21333333333333337
"Baseline (k=3, 2pt, pm=0.02)",43,135,67165.0,-4135280.7666666666,17685,67165,0.1806622222222222,0.26
"Baseline (k=3, 2pt, pm=0.02)",43,136,67165.0,-2697958.96,17685,67165,0.17950577777777776,0.2533333333333333
"Baseline (k=3, 2pt, pm=0.02)",43,137,67165.0,-3435263.84,17685,67165,0.18166133333333342,0.18666666666666665
"Baseline (k=3, 2pt, pm=0.02)",43,138,67165.0,-3004685.4266666668,17685,67165,0.17957600000000007,0.2533333333333333
"Baseline (k=3, 2pt, pm=0.02)",43,139,67165.0,-2076046.8733333333,17685,67165,0.18677600000000003,0.19333333333333336
"Baseline (k=3, 2pt, pm=0.02)",43,140,67165.0,-2590069.506666667,17685,67165,0.1899715555555556,0.17333333333333334
"Baseline (k=3, 2pt, pm=0.02)",43,141,67165.0,-2507472.3066666666,17685,67165,0.17942577777777788,0.22666666666666668
"Baseline (k=3, 2pt, pm=0.02)",43,142,67165.0,-2197573.36,17685,67165,0.1708195555555555,0.19333333333333336
"Baseline (k=3, 2pt, pm=0.02)",43,143,67165.0,-1858422.84,17685,67165,0.17234933333333335,0.15333333333333332
"Baseline (k=3, 2pt, pm=0.02)",43,144,67165.0,-2830220.053333333,17685,67165,0.17618577777777772,0.23333333333333328
"Baseline (k=3, 2pt, pm=0.02)",43,145,67165.0,-2110306.8066666666,17685,67165,0.18760355555555555,0.16666666666666663
"Baseline (k=3, 2pt, pm=0.02)",43,146,67165.0,-3082195.2133333334,17685,67165,0.19074222222222217,0.23333333333333328
"Baseline (k=3, 2pt, pm=0.02)",43,147,67165.0,-2483037.3066666666,17685,67165,0.18654933333333334,0.18666666666666665
"Baseline (k=3, 2pt, pm=0.02)",43,148,67165.0,-2767565.1466666665,17685,67165,0.18211733333333338,0.21333333333333337
"Baseline (k=3, 2pt, pm=0.02)",43,149,67165.0,-2995259.04,17685,67165,0.185392,0.2466666666666667
"Baseline (k=3, 2pt, pm=0.02)",43,150,67165.0,-1301874.9266666668,17685,67165,0.1904435555555556,0.16666666666666663
"Baseline (k=3, 2pt, pm=0.02)",43,151,67165.0,-3392049.98,17685,67165,0.18959022222222224,0.21999999999999997
"Baseline (k=3, 2pt, pm=0.02)",43,152,67165.0,-2570032.78,17685,67165,0.19054399999999996,0.20666666666666667
"Baseline (k=3, 2pt, pm=0.02)",43,153,67165.0,-2755692.553333333,17685,67165,0.18595022222222216,0.19333333333333336
"Baseline (k=3, 2pt, pm=0.02)",43,154,67165.0,-3808227.446666667,17685,67165,0.18648266666666669,0.21999999999999997
"Baseline (k=3, 2pt, pm=0.02)",43,155,67165.0,-3040075.22,17685,67165,0.18855466666666665,0.24
"Baseline (k=3, 2pt, pm=0.02)",43,156,67165.0,-3531247.12,17685,67165,0.19440711111111109,0.26
"Baseline (k=3, 2pt, pm=0.02)",43,157,67165.0,-3282321.7133333334,17685,67165,0.1950684444444444,0.21333333333333337
"Baseline (k=3, 2pt, pm=0.02)",43,158,67165.0,-2948869.3933333335,17685,67165,0.19015200000000015,0.22666666666666668
"Baseline (k=3, 2pt, pm=0.02)",43,159,67165.0,-3740674.0,17685,67165,0.19230222222222224,0.2466666666666667
"Baseline (k=3, 2pt, pm=0.02)",43,160,67165.0,-1649679.5466666666,17685,67165,0.19427022222222223,0.16666666666666663
"Baseline (k=3, 2pt, pm=0.02)",43,161,67165.0,-2793750.5933333333,17685,67165,0.20199466666666674,0.18000000000000005
"Baseline (k=3, 2pt, pm=0.02)",43,162,67165.0,-2705184.546666667,17685,67165,0.20166400000000004,0.23333333333333328
"Baseline (k=3, 2pt, pm=0.02)",43,163,67165.0,-2104818.566666667,17685,67165,0.19185777777777788,0.20666666666666667
"Baseline (k=3, 2pt, pm=0.02)",43,164,67165.0,-2148025.02,17685,67165,0.19017422222222216,0.2466666666666667
"Baseline (k=3, 2pt, pm=0.02)",43,165,67165.0,-3376805.86,17685,67165,0.18780711111111115,0.2466666666666667
"Baseline (k=3, 2pt, pm=0.02)",43,166,67165.0,-2594376.966666667,17685,67165,0.19237511111111114,0.21333333333333337
"Baseline (k=3, 2pt, pm=0.02)",43,167,67165.0,-2010132.2333333334,17685,67165,0.18980711111111107,0.19999999999999996
"Baseline (k=3, 2pt, pm=0.02)",43,168,67165.0,-2590334.14,17685,67165,0.1896577777777777,0.2533333333333333
"Baseline (k=3, 2pt, pm=0.02)",43,169,67165.0,-2245573.64,17685,67165,0.1898302222222222,0.19333333333333336
"Baseline (k=3, 2pt, pm=0.02)",43,170,67165.0,-1994716.8666666667,17685,67165,0.21127111111111116,0.18000000000000005
"Baseline (k=3, 2pt, pm=0.02)",43,171,67165.0,-3099928.7266666666,17685,67165,0.20395199999999997,0.2533333333333333
"Baseline (k=3, 2pt, pm=0.02)",43,172,67165.0,-2251258.8866666667,17685,67165,0.19377333333333335,0.23333333333333328
"Baseline (k=3, 2pt, pm=0.02)",43,173,67165.0,-2213979.066666667,17685,67165,0.19841777777777778,0.17333333333333334
"Baseline (k=3, 2pt, pm=0.02)",43,174,67165.0,-2958233.88,17685,67165,0.19169600000000006,0.19333333333333336
"Baseline (k=3, 2pt, pm=0.02)",43,175,67165.0,-2116395.473333333,17685,67165,0.18893155555555563,0.19333333333333336
"Baseline (k=3, 2pt, pm=0.02)",43,176,67165.0,-3573562.7866666666,17685,67165,0.18887377777777786,0.2533333333333333
"Baseline (k=3, 2pt, pm=0.02)",43,177,67165.0,-2939211.0866666664,17685,67165,0.19667999999999997,0.2466666666666667
"Baseline (k=3, 2pt, pm=0.02)",43,178,67165.0,-3875193.58,17685,67165,0.19127822222222224,0.2733333333333333
"Baseline (k=3, 2pt, pm=0.02)",43,179,67165.0,-3344657.86,17685,67165,0.18894311111111117,0.2733333333333333
"Baseline (k=3, 2pt, pm=0.02)",43,180,67165.0,-2644472.3466666667,17685,67165,0.18942222222222213,0.2666666666666667
"Baseline (k=3, 2pt, pm=0.02)",43,181,67165.0,-3439255.433333333,17685,67165,0.18772888888888895,0.24
"Baseline (k=3, 2pt, pm=0.02)",43,182,67165.0,-2344035.1933333334,17685,67165,0.17565866666666666,0.18666666666666665
"Baseline (k=3, 2pt, pm=0.02)",43,183,67165.0,-2325935.7466666666,17685,67165,0.16531288888888895,0.20666666666666667
"Baseline (k=3, 2pt, pm=0.02)",43,184,67165.0,-2890087.2066666665,17685,67165,0.17662488888888894,0.22666666666666668
"Baseline (k=3, 2pt, pm=0.02)",43,185,67165.0,-2092267.9333333333,17685,67165,0.1763102222222222,0.22666666666666668
"Baseline (k=3, 2pt, pm=0.02)",43,186,67165.0,-2965559.1933333334,17685,67165,0.1871493333333334,0.23333333333333328
"Baseline (k=3, 2pt, pm=0.02)",43,187,67165.0,-2022005.2866666666,17685,67165,0.18414311111111117,0.16000000000000003
"Baseline (k=3, 2pt, pm=0.02)",43,188,67165.0,-2738379.06,17685,67165,0.1771377777777779,0.21333333333333337
"Baseline (k=3, 2pt, pm=0.02)",43,189,67165.0,-2880765.48,17685,67165,0.17968711111111116,0.2666666666666667
"Baseline (k=3, 2pt, pm=0.02)",43,190,67165.0,-2640292.2733333334,17685,67165,0.17859022222222223,0.23333333333333328
"Baseline (k=3, 2pt, pm=0.02)",43,191,67165.0,-3889984.013333333,17685,67165,0.18319111111111122,0.2733333333333333
"Baseline (k=3, 2pt, pm=0.02)",43,192,67165.0,-2560356.14,17685,67165,0.19292444444444456,0.21333333333333337
"Baseline (k=3, 2pt, pm=0.02)",43,193,67165.0,-2239810.8266666667,17685,67165,0.19619644444444442,0.21999999999999997
"Baseline (k=3, 2pt, pm=0.02)",43,194,67165.0,-3694592.6266666665,17685,67165,0.19423199999999993,0.24
"Baseline (k=3, 2pt, pm=0.02)",43,195,67165.0,-2086772.3133333332,17685,67165,0.19661422222222225,0.18666666666666665
"Baseline (k=3, 2pt, pm=0.02)",43,196,67165.0,-3133675.033333333,17685,67165,0.20133688888888898,0.2666666666666667
"Baseline (k=3, 2pt, pm=0.02)",43,197,67165.0,-2562377.993333333,17685,67165,0.20737066666666665,0.17333333333333334
"Baseline (k=3, 2pt, pm=0.02)",43,198,67165.0,-2402663.68,17685,67165,0.21553777777777788,0.18666666666666665
"Baseline (k=3, 2pt, pm=0.02)",43,199,67165.0,-1542700.1133333333,17685,67165,0.21560088888888895,0.19333333333333336
"Baseline (k=3, 2pt, pm=0.02)",43,200,67165.0,-3655609.2666666666,17685,67165,0.2081306666666666,0.2533333333333333
"Baseline (k=3, 2pt, pm=0.02)",44,0,51993.0,-14890690.52,16851,51993,0.4965537777777776,0.4866666666666667
"Baseline (k=3, 2pt, pm=0.02)",44,1,52701.0,-4614129.113333333,17427,52701,0.4871315555555553,0.23333333333333328
"Baseline (k=3, 2pt, pm=0.02)",44,2,52701.0,-2533613.8133333335,17427,52701,0.47448,0.21333333333333337
"Baseline (k=3, 2pt, pm=0.02)",44,3,54112.0,-2460553.3,17424,54112,0.4557493333333333,0.21333333333333337
"Baseline (k=3, 2pt, pm=0.02)",44,4,54112.0,-3205157.2133333334,17424,54112,0.43083555555555536,0.19999999999999996
"Baseline (k=3, 2pt, pm=0.02)",44,5,55518.0,-2683633.48,16266,55518,0.4141342222222223,0.18000000000000005
"Baseline (k=3, 2pt, pm=0.02)",44,6,55966.0,-3298649.64,17142,55966,0.40757066666666675,0.16000000000000003
"Baseline (k=3, 2pt, pm=0.02)",44,7,57808.0,-1996178.08,17106,57808,0.38386755555555546,0.16666666666666663
"Baseline (k=3, 2pt, pm=0.02)",44,8,58711.0,-2466429.6666666665,17457,58711,0.36876622222222244,0.21999999999999997
"Baseline (k=3, 2pt, pm=0.02)",44,9,59414.0,-3822868.34,16878,59414,0.35747022222222236,0.20666666666666667
"Baseline (k=3, 2pt, pm=0.02)",44,10,60175.0,-2802290.053333333,17625,60175,0.3479146666666668,0.18666666666666665
"Baseline (k=3, 2pt, pm=0.02)",44,11,61061.0,-2831155.46,17067,61061,0.3272373333333334,0.16666666666666663
"Baseline (k=3, 2pt, pm=0.02)",44,12,61533.0,-1726231.7066666668,17451,61533,0.3157226666666667,0.16000000000000003
"Baseline (k=3, 2pt, pm=0.02)",44,13,61533.0,-3552457.493333333,17451,61533,0.3038968888888889,0.21333333333333337
"Baseline (k=3, 2pt, pm=0.02)",44,14,61947.0,-3841591.1333333333,16509,61947,0.296192888888889,0.2533333333333333
"Baseline (k=3, 2pt, pm=0.02)",44,15,63493.0,-1880323.72,17511,63493,0.30002222222222225,0.17333333333333334
"Baseline (k=3, 2pt, pm=0.02)",44,16,63493.0,-1779109.6,17511,63493,0.289208888888889,0.1466666666666666
"Baseline (k=3, 2pt, pm=0.02)",44,17,63493.0,-2654945.553333333,17511,63493,0.2909626666666667,0.22666666666666668
"Baseline (k=3, 2pt, pm=0.02)",44,18,63676.0,-1884274.8933333333,17532,63676,0.28541866666666665,0.15333333333333332
"Baseline (k=3, 2pt, pm=0.02)",44,19,63806.0,-2853407.2466666666,17382,63806,0.27491555555555564,0.19999999999999996
"Baseline (k=3, 2pt, pm=0.02)",44,20,64904.0,-2348653.1533333333,17508,64904,0.260256888888889,0.18000000000000005
"Baseline (k=3, 2pt, pm=0.02)",44,21,64904.0,-2182357.6466666665,17508,64904,0.25977777777777783,0.23333333333333328
"Baseline (k=3, 2pt, pm=0.02)",44,22,64904.0,-2202020.3266666667,17508,64904,0.2670568888888889,0.14
"Baseline (k=3, 2pt, pm=0.02)",44,23,65282.0,-2963191.66,17304,65282,0.2623546666666668,0.21333333333333337
"Baseline (k=3, 2pt, pm=0.02)",44,24,65282.0,-3168852.6466666665,17304,65282,0.2618942222222222,0.23333333333333328
"Baseline (k=3, 2pt, pm=0.02)",44,25,65571.0,-1694328.44,17667,65571,0.2617555555555557,0.18000000000000005
"Baseline (k=3, 2pt, pm=0.02)",44,26,65571.0,-2193501.7733333334,17667,65571,0.2653822222222222,0.18666666666666665
"Baseline (k=3, 2pt, pm=0.02)",44,27,65571.0,-2435703.7533333334,17667,65571,0.26249599999999995,0.24
"Baseline (k=3, 2pt, pm=0.02)",44,28,65701.0,-2219264.36,17517,65701,0.2614435555555555,0.21333333333333337
"Baseline (k=3, 2pt, pm=0.02)",44,29,65701.0,-2115768.986666667,17517,65701,0.25789155555555565,0.16000000000000003
"Baseline (k=3, 2pt, pm=0.02)",44,30,65701.0,-3087019.58,17517,65701,0.25705244444444453,0.21333333333333337
"Baseline (k=3, 2pt, pm=0.02)",44,31,65973.0,-1690389.9133333333,16971,65973,0.24898399999999998,0.11333333333333329
"Baseline (k=3, 2pt, pm=0.02)",44,32,65973.0,-3316985.6133333333,16971,65973,0.24728355555555556,0.20666666666666667
"Baseline (k=3, 2pt, pm=0.02)",44,33,65973.0,-2909248.08,16971,65973,0.24861955555555543,0.23333333333333328
"Baseline (k=3, 2pt, pm=0.02)",44,34,65973.0,-1995731.0,16971,65973,0.244392,0.16666666666666663
"Baseline (k=3, 2pt, pm=0.02)",44,35,66681.0,-2222382.42,17547,66681,0.2393022222222222,0.19333333333333336
"Baseline (k=3, 2pt, pm=0.02)",44,36,66681.0,-1778334.6866666668,17547,66681,0.2389804444444444,0.14
"Baseline (k=3, 2pt, pm=0.02)",44,37,66681.0,-3020318.8266666667,17547,66681,0.23488177777777786,0.21999999999999997
"Baseline (k=3, 2pt, pm=0.02)",44,38,66681.0,-3215803.68,17547,66681,0.2347733333333334,0.26
"Baseline (k=3, 2pt, pm=0.02)",44,39,66681.0,-2319905.546666667,17547,66681,0.23939288888888888,0.21333333333333337
"Baseline (k=3, 2pt, pm=0.02)",44,40,66681.0,-2647468.8866666667,17547,66681,0.23666488888888892,0.20666666666666667
"Baseline (k=3, 2pt, pm=0.02)",44,41,66681.0,-2160419.48,17547,66681,0.235584,0.19999999999999996
"Baseline (k=3, 2pt, pm=0.02)",44,42,66864.0,-2454113.88,17568,66864,0.23497688888888896,0.18666666666666665
"Baseline (k=3, 2pt, pm=0.02)",44,43,66864.0,-3080574.6333333333,17568,66864,0.23957511111111113,0.19999999999999996
"Baseline (k=3, 2pt, pm=0.02)",44,44,66864.0,-3378736.1866666665,17568,66864,0.24110933333333334,0.2533333333333333
"Baseline (k=3, 2pt, pm=0.02)",44,45,66864.0,-2265027.12,17568,66864,0.24518844444444451,0.21333333333333337
"Baseline (k=3, 2pt, pm=0.02)",44,46,66864.0,-2736373.7666666666,17568,66864,0.24633955555555556,0.21999999999999997
"Baseline (k=3, 2pt, pm=0.02)",44,47,66864.0,-2886840.02,17568,66864,0.24681688888888878,0.22666666666666668
"Baseline (k=3, 2pt, pm=0.02)",44,48,66864.0,-1958976.0933333333,17568,66864,0.24697777777777788,0.17333333333333334
"Baseline (k=3, 2pt, pm=0.02)",44,49,66864.0,-3971119.86,17568,66864,0.24094222222222225,0.26
"Baseline (k=3, 2pt, pm=0.02)",44,50,66864.0,-3184197.44,17568,66864,0.23866133333333336,0.26
"Baseline (k=3, 2pt, pm=0.02)",44,51,66864.0,-1523698.9933333334,17568,66864,0.23145333333333337,0.18666666666666665
"Baseline (k=3, 2pt, pm=0.02)",44,52,66864.0,-3087833.453333333,17568,66864,0.23539822222222218,0.19999999999999996
"Baseline (k=3, 2pt, pm=0.02)",44,53,66864.0,-2110686.34,17568,66864,0.22639555555555546,0.19333333333333336
"Baseline (k=3, 2pt, pm=0.02)",44,54,66864.0,-3811818.493333333,17568,66864,0.22139288888888886,0.21333333333333337
"Baseline (k=3, 2pt, pm=0.02)",44,55,66864.0,-4066900.566666667,17568,66864,0.2267262222222222,0.29333333333333333
"Baseline (k=3, 2pt, pm=0.02)",44,56,66864.0,-2720299.58,17568,66864,0.23154577777777768,0.24
"Baseline (k=3, 2pt, pm=0.02)",44,57,66864.0,-3062351.92,17568,66864,0.2312435555555555,0.22666666666666668
"Baseline (k=3, 2pt, pm=0.02)",44,58,66864.0,-2439455.6266666665,17568,66864,0.23576444444444436,0.18666666666666665
"Baseline (k=3, 2pt, pm=0.02)",44,59,67047.0,-3174058.4133333336,17589,67047,0.23532000000000003,0.21333333333333337
"Baseline (k=3, 2pt, pm=0.02)",44,60,67047.0,-3444761.7666666666,17589,67047,0.23394133333333328,0.21333333333333337
"Baseline (k=3, 2pt, pm=0.02)",44,61,67047.0,-3892888.5,17589,67047,0.2300782222222223,0.2666666666666667
"Baseline (k=3, 2pt, pm=0.02)",44,62,67047.0,-3741046.98,17589,67047,0.21369688888888894,0.23333333333333328
"Baseline (k=3, 2pt, pm=0.02)",44,63,67047.0,-2729905.953333333,17589,67047,0.20960000000000004,0.26
"Baseline (k=3, 2pt, pm=0.02)",44,64,67047.0,-4510620.266666667,17589,67047,0.21499111111111113,0.2733333333333333
"Baseline (k=3, 2pt, pm=0.02)",44,65,67047.0,-3471282.4133333336,17589,67047,0.2136817777777779,0.2533333333333333
"Baseline (k=3, 2pt, pm=0.02)",44,66,67047.0,-2733800.48,17589,67047,0.2100942222222222,0.21999999999999997
"Baseline (k=3, 2pt, pm=0.02)",44,67,67047.0,-2210184.8266666667,17589,67047,0.2087120000000001,0.17333333333333334
"Baseline (k=3, 2pt, pm=0.02)",44,68,67047.0,-2675786.68,17589,67047,0.21251644444444445,0.28
"Baseline (k=3, 2pt, pm=0.02)",44,69,67047.0,-3173759.526666667,17589,67047,0.2122968888888889,0.2866666666666666
"Baseline (k=3, 2pt, pm=0.02)",44,70,67047.0,-1579678.18,17589,67047,0.2287573333333334,0.15333333333333332
"Baseline (k=3, 2pt, pm=0.02)",44,71,67047.0,-3105946.3533333335,17589,67047,0.22992888888888893,0.2466666666666667
"Baseline (k=3, 2pt, pm=0.02)",44,72,67047.0,-3643416.62,17589,67047,0.21686311111111117,0.26
"Baseline (k=3, 2pt, pm=0.02)",44,73,67047.0,-2205137.3666666667,17589,67047,0.21468800000000013,0.20666666666666667
"Baseline (k=3, 2pt, pm=0.02)",44,74,67047.0,-3252786.033333333,17589,67047,0.20560977777777784,0.21999999999999997
"Baseline (k=3, 2pt, pm=0.02)",44,75,67047.0,-1936500.9733333334,17589,67047,0.20630399999999993,0.19999999999999996
"Baseline (k=3, 2pt, pm=0.02)",44,76,67047.0,-3450990.2466666666,17589,67047,0.19711555555555557,0.2733333333333333
"Baseline (k=3, 2pt, pm=0.02)",44,77,67047.0,-2826350.76,17589,67047,0.20055022222222227,0.19333333333333336
"Baseline (k=3, 2pt, pm=0.02)",44,78,67047.0,-2306473.16,17589,67047,0.19658044444444442,0.24
"Baseline (k=3, 2pt, pm=0.02)",44,79,67047.0,-3099749.2133333334,17589,67047,0.1970195555555555,0.24
"Baseline (k=3, 2pt, pm=0.02)",44,80,67047.0,-1794461.5866666667,17589,67047,0.19835288888888897,0.15333333333333332
"Baseline (k=3, 2pt, pm=0.02)",44,81,67047.0,-3568686.3666666667,17589,67047,0.20045688888888896,0.2666666666666667
"Baseline (k=3, 2pt, pm=0.02)",44,82,67047.0,-3060705.98,17589,67047,0.20559466666666665,0.22666666666666668
"Baseline (k=3, 2pt, pm=0.02)",44,83,67047.0,-2204997.6,17589,67047,0.19774311111111106,0.20666666666666667
"Baseline (k=3, 2pt, pm=0.02)",44,84,67047.0,-2053824.3133333332,17589,67047,0.1933048888888888,0.16666666666666663
"Baseline (k=3, 2pt, pm=0.02)",44,85,67047.0,-2557476.3466666667,17589,67047,0.19583288888888883,0.20666666666666667
"Baseline (k=3, 2pt, pm=0.02)",44,86,67047.0,-1778166.64,17589,67047,0.1880791111111111,0.19999999999999996
"Baseline (k=3, 2pt, pm=0.02)",44,87,67047.0,-3480670.526666667,17589,67047,0.18675911111111115,0.21333333333333337
"Baseline (k=3, 2pt, pm=0.02)",44,88,67047.0,-2648772.7533333334,17589,67047,0.18555555555555558,0.23333333333333328
"Baseline (k=3, 2pt, pm=0.02)",44,89,67047.0,-2364151.453333333,17589,67047,0.19125600000000006,0.20666666666666667
"Baseline (k=3, 2pt, pm=0.02)",44,90,67047.0,-3727671.5733333332,17589,67047,0.18965600000000005,0.2466666666666667
"Baseline (k=3, 2pt, pm=0.02)",44,91,67047.0,-3175834.6666666665,17589,67047,0.19018755555555558,0.2533333333333333
"Baseline (k=3, 2pt, pm=0.02)",44,92,67047.0,-2300028.7933333335,17589,67047,0.19196355555555544,0.19333333333333336
"Baseline (k=3, 2pt, pm=0.02)",44,93,67047.0,-2317657.0933333333,17589,67047,0.19411644444444448,0.17333333333333334
"Baseline (k=3, 2pt, pm=0.02)",44,94,67047.0,-3411139.2,17589,67047,0.18899733333333338,0.21999999999999997
"Baseline (k=3, 2pt, pm=0.02)",44,95,67047.0,-3315435.8866666667,17589,67047,0.19443822222222223,0.2866666666666666
"Baseline (k=3, 2pt, pm=0.02)",44,96,67165.0,-2423310.36,17685,67165,0.19485066666666676,0.20666666666666667
"Baseline (k=3, 2pt, pm=0.02)",44,97,67165.0,-1593082.6866666668,17685,67165,0.1923191111111111,0.17333333333333334
"Baseline (k=3, 2pt, pm=0.02)",44,98,67165.0,-3875453.56,17685,67165,0.1991164444444444,0.2466666666666667
"Baseline (k=3, 2pt, pm=0.02)",44,99,67165.0,-2669046.6533333333,17685,67165,0.19081866666666664,0.16666666666666663
"Baseline (k=3, 2pt, pm=0.02)",44,100,67165.0,-2316926.18,17685,67165,0.1872106666666667,0.24
"Baseline (k=3, 2pt, pm=0.02)",44,101,67165.0,-2336161.64,17685,67165,0.18937777777777778,0.18000000000000005
"Baseline (k=3, 2pt, pm=0.02)",44,102,67165.0,-1843936.9533333334,17685,67165,0.19632088888888885,0.16000000000000003
"Baseline (k=3, 2pt, pm=0.02)",44,103,67165.0,-3269702.7666666666,17685,67165,0.20138133333333344,0.26
"Baseline (k=3, 2pt, pm=0.02)",44,104,67165.0,-2556748.6666666665,17685,67165,0.2095484444444445,0.24
"Baseline (k=3, 2pt, pm=0.02)",44,105,67165.0,-2599769.1666666665,17685,67165,0.211648,0.19999999999999996
"Baseline (k=3, 2pt, pm=0.02)",44,106,67165.0,-2528707.62,17685,67165,0.21699644444444455,0.21999999999999997
"Baseline (k=3, 2pt, pm=0.02)",44,107,67165.0,-2566756.82,17685,67165,0.22145422222222222,0.21333333333333337
"Baseline (k=3, 2pt, pm=0.02)",44,108,67165.0,-3631734.7133333334,17685,67165,0.2253955555555555,0.2666666666666667
"Baseline (k=3, 2pt, pm=0.02)",44,109,67165.0,-3027254.22,17685,67165,0.22769955555555563,0.22666666666666668
"Baseline (k=3, 2pt, pm=0.02)",44,110,67165.0,-2146838.2533333334,17685,67165,0.2286124444444445,0.19999999999999996
"Baseline (k=3, 2pt, pm=0.02)",44,111,67165.0,-2969460.933333333,17685,67165,0.2355520000000001,0.22666666666666668
"Baseline (k=3, 2pt, pm=0.02)",44,112,67165.0,-3675629.7333333334,17685,67165,0.23402133333333347,0.19333333333333336
"Baseline (k=3, 2pt, pm=0.02)",44,113,67165.0,-3094795.6933333334,17685,67165,0.22160088888888893,0.23333333333333328
"Baseline (k=3, 2pt, pm=0.02)",44,114,67165.0,-2896171.52,17685,67165,0.21952177777777784,0.26
"Baseline (k=3, 2pt, pm=0.02)",44,115,67165.0,-1927729.3933333333,17685,67165,0.21368533333333342,0.21333333333333337
"Baseline (k=3, 2pt, pm=0.02)",44,116,67165.0,-3059597.053333333,17685,67165,0.21561599999999997,0.19999999999999996
"Baseline (k=3, 2pt, pm=0.02)",44,117,67165.0,-2857788.54,17685,67165,0.2237493333333333,0.18666666666666665
"Baseline (k=3, 2pt, pm=0.02)",44,118,67165.0,-4006981.46,17685,67165,0.21684177777777783,0.2733333333333333
"Baseline (k=3, 2pt, pm=0.02)",44,119,67165.0,-3643785.493333333,17685,67165,0.21429333333333336,0.2533333333333333
"Baseline (k=3, 2pt, pm=0.02)",44,120,67165.0,-2925977.993333333,17685,67165,0.21579022222222222,0.2733333333333333
"Baseline (k=3, 2pt, pm=0.02)",44,121,67165.0,-1629456.3333333333,17685,67165,0.20767911111111115,0.16666666666666663
"Baseline (k=3, 2pt, pm=0.02)",44,122,67165.0,-3217718.6733333333,17685,67165,0.2037191111111111,0.21999999999999997
"Baseline (k=3, 2pt, pm=0.02)",44,123,67165.0,-2100351.5,17685,67165,0.20286755555555555,0.16666666666666663
"Baseline (k=3, 2pt, pm=0.02)",44,124,67165.0,-2616737.96,17685,67165,0.19655555555555562,0.22666666666666668
"Baseline (k=3, 2pt, pm=0.02)",44,125,67165.0,-3353987.1266666665,17685,67165,0.19720000000000007,0.24
"Baseline (k=3, 2pt, pm=0.02)",44,126,67165.0,-3692118.473333333,17685,67165,0.20124177777777785,0.2466666666666667
"Baseline (k=3, 2pt, pm=0.02)",44,127,67165.0,-2287476.7933333335,17685,67165,0.20441688888888898,0.17333333333333334
"Baseline (k=3, 2pt, pm=0.02)",44,128,67165.0,-2274810.44,17685,67165,0.2114622222222221,0.18000000000000005
"Baseline (k=3, 2pt, pm=0.02)",44,129,67165.0,-2701210.6733333333,17685,67165,0.21684711111111116,0.22666666666666668
"Baseline (k=3, 2pt, pm=0.02)",44,130,67165.0,-2577991.34,17685,67165,0.21820888888888887,0.21999999999999997
"Baseline (k=3, 2pt, pm=0.02)",44,131,67165.0,-3556668.5,17685,67165,0.22271822222222215,0.2866666666666666
"Baseline (k=3, 2pt, pm=0.02)",44,132,67165.0,-2172258.5866666664,17685,67165,0.2248533333333334,0.18666666666666665
"Baseline (k=3, 2pt, pm=0.02)",44,133,67165.0,-2150934.6533333333,17685,67165,0.23182488888888883,0.14
"Baseline (k=3, 2pt, pm=0.02)",44,134,67165.0,-3311409.8133333335,17685,67165,0.22847999999999996,0.21333333333333337
"Baseline (k=3, 2pt, pm=0.02)",44,135,67165.0,-4953227.846666667,17685,67165,0.23136177777777775,0.28
"Baseline (k=3, 2pt, pm=0.02)",44,136,67165.0,-3132542.2133333334,17685,67165,0.23534222222222226,0.21333333333333337
"Baseline (k=3, 2pt, pm=0.02)",44,137,67165.0,-2823345.38,17685,67165,0.22835644444444436,0.16666666666666663
"Baseline (k=3, 2pt, pm=0.02)",44,138,67165.0,-2947796.68,17685,67165,0.21630933333333338,0.2466666666666667
"Baseline (k=3, 2pt, pm=0.02)",44,139,67165.0,-3114459.033333333,17685,67165,0.2145173333333334,0.24
"Baseline (k=3, 2pt, pm=0.02)",44,140,67165.0,-3005811.36,17685,67165,0.21039200000000016,0.24
"Baseline (k=3, 2pt, pm=0.02)",44,141,67165.0,-3399966.44,17685,67165,0.21129422222222222,0.22666666666666668
"Baseline (k=3, 2pt, pm=0.02)",44,142,67165.0,-2519011.84,17685,67165,0.22190311111111108,0.22666666666666668
"Baseline (k=3, 2pt, pm=0.02)",44,143,67165.0,-3206261.1066666665,17685,67165,0.22132888888888888,0.24
"Baseline (k=3, 2pt, pm=0.02)",44,144,67165.0,-2460420.38,17685,67165,0.22019466666666662,0.22666666666666668
"Baseline (k=3, 2pt, pm=0.02)",44,145,67165.0,-2054006.4133333333,17685,67165,0.2124737777777778,0.18666666666666665
"Baseline (k=3, 2pt, pm=0.02)",44,146,67165.0,-2199499.5,17685,67165,0.20273600000000006,0.19333333333333336
"Baseline (k=3, 2pt, pm=0.02)",44,147,67165.0,-1484301.04,17685,67165,0.2076897777777779,0.17333333333333334
"Baseline (k=3, 2pt, pm=0.02)",44,148,67165.0,-2437069.973333333,17685,67165,0.20141599999999996,0.22666666666666668
"Baseline (k=3, 2pt, pm=0.02)",44,149,67165.0,-2030716.8666666667,17685,67165,0.19386311111111115,0.19333333333333336
"Baseline (k=3, 2pt, pm=0.02)",44,150,67165.0,-3225655.6933333334,17685,67165,0.19640000000000019,0.21999999999999997
"Baseline (k=3, 2pt, pm=0.02)",44,151,67165.0,-2565868.4066666667,17685,67165,0.20540711111111126,0.17333333333333334
"Baseline (k=3, 2pt, pm=0.02)",44,152,67165.0,-2940677.6733333333,17685,67165,0.1958142222222223,0.18666666666666665
"Baseline (k=3, 2pt, pm=0.02)",44,153,67165.0,-2211649.2866666666,17685,67165,0.20012266666666662,0.21333333333333337
"Baseline (k=3, 2pt, pm=0.02)",44,154,67165.0,-2239732.84,17685,67165,0.20471022222222224,0.19333333333333336
"Baseline (k=3, 2pt, pm=0.02)",44,155,67165.0,-3223313.5733333332,17685,67165,0.20716355555555555,0.2533333333333333
"Baseline (k=3, 2pt, pm=0.02)",44,156,67165.0,-3962492.6933333334,17685,67165,0.20696800000000007,0.2733333333333333
"Baseline (k=3, 2pt, pm=0.02)",44,157,67165.0,-3053506.7133333334,17685,67165,0.2087440000000001,0.17333333333333334
"Baseline (k=3, 2pt, pm=0.02)",44,158,67165.0,-3977289.546666667,17685,67165,0.19840444444444455,0.2533333333333333
"Baseline (k=3, 2pt, pm=0.02)",44,159,67165.0,-2386223.6466666665,17685,67165,0.20342577777777784,0.24
"Baseline (k=3, 2pt, pm=0.02)",44,160,67165.0,-2192504.14,17685,67165,0.20056799999999997,0.16000000000000003
"Baseline (k=3, 2pt, pm=0.02)",44,161,67165.0,-2840908.2533333334,17685,67165,0.2000746666666667,0.21999999999999997
"Baseline (k=3, 2pt, pm=0.02)",44,162,67165.0,-3422750.5933333333,17685,67165,0.19688711111111115,0.2466666666666667
"Baseline (k=3, 2pt, pm=0.02)",44,163,67165.0,-1627473.1066666667,17685,67165,0.20458577777777773,0.19999999999999996
"Baseline (k=3, 2pt, pm=0.02)",44,164,67165.0,-1860228.48,17685,67165,0.20930933333333343,0.18000000000000005
"Baseline (k=3, 2pt, pm=0.02)",44,165,67165.0,-2553893.006666667,17685,67165,0.20575288888888885,0.20666666666666667
"Baseline (k=3, 2pt, pm=0.02)",44,166,67165.0,-3331517.9133333336,17685,67165,0.2077697777777778,0.2466666666666667
"Baseline (k=3, 2pt, pm=0.02)",44,167,67165.0,-2416303.0733333332,17685,67165,0.2028017777777777,0.15333333333333332
"Baseline (k=3, 2pt, pm=0.02)",44,168,67165.0,-4269769.04,17685,67165,0.200432888888889,0.2533333333333333
"Baseline (k=3, 2pt, pm=0.02)",44,169,67165.0,-4044665.1333333333,17685,67165,0.20269955555555552,0.30000000000000004
"Baseline (k=3, 2pt, pm=0.02)",44,170,67165.0,-1991780.1266666667,17685,67165,0.20519555555555555,0.19333333333333336
"Baseline (k=3, 2pt, pm=0.02)",44,171,67165.0,-4306662.213333333,17685,67165,0.20866577777777778,0.23333333333333328
"Baseline (k=3, 2pt, pm=0.02)",44,172,67165.0,-3724658.74,17685,67165,0.21023466666666657,0.20666666666666667
"Baseline (k=3, 2pt, pm=0.02)",44,173,67165.0,-3242862.16,17685,67165,0.21291288888888885,0.2533333333333333
"Baseline (k=3, 2pt, pm=0.02)",44,174,67165.0,-3237188.2333333334,17685,67165,0.20987377777777777,0.2466666666666667
"Baseline (k=3, 2pt, pm=0.02)",44,175,67165.0,-2624749.86,17685,67165,0.208392888888889,0.2533333333333333
"Baseline (k=3, 2pt, pm=0.02)",44,176,67165.0,-2273687.76,17685,67165,0.2121742222222223,0.20666666666666667
"Baseline (k=3, 2pt, pm=0.02)",44,177,67165.0,-1434251.7933333332,17685,67165,0.21367644444444445,0.1266666666666667
"Baseline (k=3, 2pt, pm=0.02)",44,178,67165.0,-3485184.3733333335,17685,67165,0.21614399999999998,0.21999999999999997
"Baseline (k=3, 2pt, pm=0.02)",44,179,67165.0,-2883309.8,17685,67165,0.22159466666666666,0.23333333333333328
"Baseline (k=3, 2pt, pm=0.02)",44,180,67165.0,-3124014.6266666665,17685,67165,0.2250657777777778,0.2666666666666667
"Baseline (k=3, 2pt, pm=0.02)",44,181,67165.0,-3224327.7,17685,67165,0.22670400000000007,0.23333333333333328
"Baseline (k=3, 2pt, pm=0.02)",44,182,67165.0,-2428021.3533333335,17685,67165,0.21924266666666667,0.16666666666666663
"Baseline (k=3, 2pt, pm=0.02)",44,183,67165.0,-3863335.5733333332,17685,67165,0.21621333333333337,0.28
"Baseline (k=3, 2pt, pm=0.02)",44,184,67165.0,-3065685.6333333333,17685,67165,0.21418400000000004,0.2666666666666667
"Baseline (k=3, 2pt, pm=0.02)",44,185,67165.0,-3886137.48,17685,67165,0.2156071111111111,0.2733333333333333
"Baseline (k=3, 2pt, pm=0.02)",44,186,67165.0,-2172127.0933333333,17685,67165,0.20724355555555554,0.21999999999999997
"Baseline (k=3, 2pt, pm=0.02)",44,187,67165.0,-2700781.1866666665,17685,67165,0.20562133333333343,0.19333333333333336
"Baseline (k=3, 2pt, pm=0.02)",44,188,67165.0,-3594676.24,17685,67165,0.20665688888888886,0.21999999999999997
"Baseline (k=3, 2pt, pm=0.02)",44,189,67165.0,-2790886.32,17685,67165,0.20249066666666668,0.21999999999999997
"Baseline (k=3, 2pt, pm=0.02)",44,190,67165.0,-3226380.66,17685,67165,0.21255288888888887,0.23333333333333328
"Baseline (k=3, 2pt, pm=0.02)",44,191,67165.0,-3459635.0933333333,17685,67165,0.21779999999999997,0.28
"Baseline (k=3, 2pt, pm=0.02)",44,192,67165.0,-3623138.5,17685,67165,0.21955555555555553,0.2533333333333333
"Baseline (k=3, 2pt, pm=0.02)",44,193,67165.0,-2721080.053333333,17685,67165,0.22545155555555563,0.19999999999999996
"Baseline (k=3, 2pt, pm=0.02)",44,194,67165.0,-2714392.3266666667,17685,67165,0.2265271111111112,0.20666666666666667
"Baseline (k=3, 2pt, pm=0.02)",44,195,67165.0,-3455231.013333333,17685,67165,0.21734933333333323,0.26
"Baseline (k=3, 2pt, pm=0.02)",44,196,67165.0,-2792538.4066666667,17685,67165,0.21488177777777775,0.23333333333333328
"Baseline (k=3, 2pt, pm=0.02)",44,197,67165.0,-2912066.4,17685,67165,0.21861866666666668,0.2533333333333333
"Baseline (k=3, 2pt, pm=0.02)",44,198,67165.0,-2146979.5866666664,17685,67165,0.21896622222222217,0.20666666666666667
"Baseline (k=3, 2pt, pm=0.02)",44,199,67165.0,-2755208.2666666666,17685,67165,0.21900888888888878,0.2466666666666667
"Baseline (k=3, 2pt, pm=0.02)",44,200,67165.0,-2784041.0866666664,17685,67165,0.2147528888888889,0.20666666666666667
"Baseline (k=3, 2pt, pm=0.02)",45,0,51191.0,-22634740.36,15687,51191,0.49700977777777744,0.5933333333333333
"Baseline (k=3, 2pt, pm=0.02)",45,1,53558.0,-7882197.64,16206,53558,0.4917813333333333,0.33333333333333337
"Baseline (k=3, 2pt, pm=0.02)",45,2,53558.0,-3063967.966666667,16206,53558,0.4830853333333332,0.15333333333333332
"Baseline (k=3, 2pt, pm=0.02)",45,3,55453.0,-1341184.22,16341,55453,0.4630826666666666,0.12
"Baseline (k=3, 2pt, pm=0.02)",45,4,57170.0,-2395700.8666666667,17610,57170,0.4349635555555556,0.18000000000000005
"Baseline (k=3, 2pt, pm=0.02)",45,5,58764.0,-2604393.84,17628,58764,0.4130826666666667,0.17333333333333334
"Baseline (k=3, 2pt, pm=0.02)",45,6,60423.0,-2528296.44,17571,60423,0.38907022222222243,0.16000000000000003
"Baseline (k=3, 2pt, pm=0.02)",45,7,60423.0,-2742132.2266666666,17571,60423,0.36545599999999995,0.18000000000000005
"Baseline (k=3, 2pt, pm=0.02)",45,8,60423.0,-2737816.8133333335,17571,60423,0.35467377777777775,0.18000000000000005
"Baseline (k=3, 2pt, pm=0.02)",45,9,60919.0,-2390421.7266666666,17463,60919,0.34774933333333324,0.19333333333333336
"Baseline (k=3, 2pt, pm=0.02)",45,10,62065.0,-1499514.6,16605,62065,0.3382737777777778,0.10666666666666669
"Baseline (k=3, 2pt, pm=0.02)",45,11,62065.0,-1937307.7933333332,16605,62065,0.33317688888888886,0.18000000000000005
"Baseline (k=3, 2pt, pm=0.02)",45,12,62809.0,-2463651.0733333332,16443,62809,0.33110577777777783,0.16666666666666663
"Baseline (k=3, 2pt, pm=0.02)",45,13,62968.0,-3230251.56,16956,62968,0.3226586666666666,0.24
"Baseline (k=3, 2pt, pm=0.02)",45,14,63830.0,-1627061.84,16890,63830,0.3161786666666667,0.11333333333333329
"Baseline (k=3, 2pt, pm=0.02)",45,15,64538.0,-1921772.26,17466,64538,0.30511999999999995,0.14
"Baseline (k=3, 2pt, pm=0.02)",45,16,64538.0,-1405775.98,17466,64538,0.290360888888889,0.15333333333333332
"Baseline (k=3, 2pt, pm=0.02)",45,17,64538.0,-1936530.8866666667,17466,64538,0.28134666666666663,0.18000000000000005
"Baseline (k=3, 2pt, pm=0.02)",45,18,65217.0,-2998174.7333333334,17379,65217,0.28117333333333333,0.22666666666666668
"Baseline (k=3, 2pt, pm=0.02)",45,19,65217.0,-2630972.0733333332,17379,65217,0.2761564444444444,0.15333333333333332
"Baseline (k=3, 2pt, pm=0.02)",45,20,65217.0,-2112551.6333333333,17379,65217,0.27004799999999995,0.22666666666666668
"Baseline (k=3, 2pt, pm=0.02)",45,21,65754.0,-2214557.046666667,17688,65754,0.26806133333333343,0.19333333333333336
"Baseline (k=3, 2pt, pm=0.02)",45,22,65754.0,-2581681.6133333333,17688,65754,0.26782666666666666,0.19333333333333336
"Baseline (k=3, 2pt, pm=0.02)",45,23,65754.0,-2292336.04,17688,65754,0.26731911111111106,0.24
"Baseline (k=3, 2pt, pm=0.02)",45,24,65754.0,-2683918.4266666668,17688,65754,0.2639377777777779,0.23333333333333328
"Baseline (k=3, 2pt, pm=0.02)",45,25,65754.0,-2498785.946666667,17688,65754,0.2516666666666667,0.18666666666666665
"Baseline (k=3, 2pt, pm=0.02)",45,26,65754.0,-2752383.006666667,17688,65754,0.25257333333333337,0.15333333333333332
"Baseline (k=3, 2pt, pm=0.02)",45,27,65754.0,-4521726.44,17688,65754,0.2473031111111111,0.2733333333333333
"Baseline (k=3, 2pt, pm=0.02)",45,28,65754.0,-3672281.046666667,17688,65754,0.2535271111111112,0.19333333333333336
"Baseline (k=3, 2pt, pm=0.02)",45,29,66185.0,-3877838.2866666666,17655,66185,0.2535733333333332,0.2666666666666667
"Baseline (k=3, 2pt, pm=0.02)",45,30,66185.0,-2943429.04,17655,66185,0.25181955555555563,0.18666666666666665
"Baseline (k=3, 2pt, pm=0.02)",45,31,66185.0,-3418335.42,17655,66185,0.24191911111111114,0.19333333333333336
"Baseline (k=3, 2pt, pm=0.02)",45,32,66185.0,-3668504.12,17655,66185,0.23169066666666666,0.26
"Baseline (k=3, 2pt, pm=0.02)",45,33,66185.0,-2855470.6733333333,17655,66185,0.22537244444444454,0.19333333333333336
"Baseline (k=3, 2pt, pm=0.02)",45,34,66185.0,-2668719.98,17655,66185,0.22545333333333328,0.23333333333333328
"Baseline (k=3, 2pt, pm=0.02)",45,35,66185.0,-2342793.8466666667,17655,66185,0.23207644444444445,0.18666666666666665
"Baseline (k=3, 2pt, pm=0.02)",45,36,66185.0,-2648339.5866666664,17655,66185,0.2392204444444445,0.20666666666666667
"Baseline (k=3, 2pt, pm=0.02)",45,37,66185.0,-3254675.8533333335,17655,66185,0.2396782222222222,0.21333333333333337
"Baseline (k=3, 2pt, pm=0.02)",45,38,66185.0,-2733558.74,17655,66185,0.2393368888888889,0.20666666666666667
"Baseline (k=3, 2pt, pm=0.02)",45,39,66185.0,-3942619.4266666668,17655,66185,0.23633155555555568,0.2466666666666667
"Baseline (k=3, 2pt, pm=0.02)",45,40,66185.0,-3623628.466666667,17655,66185,0.22823644444444446,0.2666666666666667
"Baseline (k=3, 2pt, pm=0.02)",45,41,66185.0,-3461330.3466666667,17655,66185,0.2227155555555557,0.2533333333333333
"Baseline (k=3, 2pt, pm=0.02)",45,42,66185.0,-2284712.973333333,17655,66185,0.2257093333333333,0.20666666666666667
"Baseline (k=3, 2pt, pm=0.02)",45,43,66185.0,-3155380.2333333334,17655,66185,0.225232,0.24
"Baseline (k=3, 2pt, pm=0.02)",45,44,66185.0,-2339679.84,17655,66185,0.22567200000000004,0.19333333333333336
"Baseline (k=3, 2pt, pm=0.02)",45,45,66185.0,-3984217.8533333335,17655,66185,0.2260835555555557,0.2466666666666667
"Baseline (k=3, 2pt, pm=0.02)",45,46,66185.0,-4108790.64,17655,66185,0.22108800000000006,0.2866666666666666
"Baseline (k=3, 2pt, pm=0.02)",45,47,66185.0,-1773374.06,17655,66185,0.2113555555555556,0.16000000000000003
"Baseline (k=3, 2pt, pm=0.02)",45,48,66185.0,-2686645.4,17655,66185,0.2025537777777778,0.23333333333333328
"Baseline (k=3, 2pt, pm=0.02)",45,49,66185.0,-2173942.3866666667,17655,66185,0.19101511111111108,0.19333333333333336
"Baseline (k=3, 2pt, pm=0.02)",45,50,66368.0,-2449451.7933333335,17676,66368,0.19197244444444453,0.20666666666666667
"Baseline (k=3, 2pt, pm=0.02)",45,51,66563.0,-2706165.46,17451,66563,0.18340355555555563,0.20666666666666667
"Baseline (k=3, 2pt, pm=0.02)",45,52,66563.0,-2785088.1066666665,17451,66563,0.1897022222222223,0.18666666666666665
"Baseline (k=3, 2pt, pm=0.02)",45,53,66563.0,-2479431.8666666667,17451,66563,0.19135822222222226,0.19333333333333336
"Baseline (k=3, 2pt, pm=0.02)",45,54,66563.0,-2835104.9,17451,66563,0.19289333333333336,0.20666666666666667
"Baseline (k=3, 2pt, pm=0.02)",45,55,66563.0,-2803109.973333333,17451,66563,0.20862488888888894,0.23333333333333328
"Baseline (k=3, 2pt, pm=0.02)",45,56,66563.0,-3402769.02,17451,66563,0.2075582222222223,0.19333333333333336
"Baseline (k=3, 2pt, pm=0.02)",45,57,66563.0,-3736799.8133333335,17451,66563,0.20182666666666674,0.26
"Baseline (k=3, 2pt, pm=0.02)",45,58,66563.0,-2826559.72,17451,66563,0.18882400000000008,0.23333333333333328
"Baseline (k=3, 2pt, pm=0.02)",45,59,66799.0,-4237376.94,17643,66799,0.18514755555555568,0.2666666666666667
"Baseline (k=3, 2pt, pm=0.02)",45,60,66864.0,-4109184.1533333333,17568,66864,0.181312,0.22666666666666668
"Baseline (k=3, 2pt, pm=0.02)",45,61,66864.0,-3494401.1466666665,17568,66864,0.17984355555555565,0.23333333333333328
"Baseline (k=3, 2pt, pm=0.02)",45,62,66864.0,-3504349.72,17568,66864,0.1844391111111111,0.19999999999999996
"Baseline (k=3, 2pt, pm=0.02)",45,63,66864.0,-3003843.2466666666,17568,66864,0.18264711111111112,0.2466666666666667
"Baseline (k=3, 2pt, pm=0.02)",45,64,66864.0,-3718015.16,17568,66864,0.1780471111111111,0.2466666666666667
"Baseline (k=3, 2pt, pm=0.02)",45,65,66864.0,-2995356.2933333335,17568,66864,0.17492177777777776,0.20666666666666667
"Baseline (k=3, 2pt, pm=0.02)",45,66,66982.0,-3078554.3733333335,17664,66982,0.17765333333333333,0.22666666666666668
"Baseline (k=3, 2pt, pm=0.02)",45,67,66982.0,-2513175.013333333,17664,66982,0.18566933333333338,0.18666666666666665
"Baseline (k=3, 2pt, pm=0.02)",45,68,66982.0,-2766187.06,17664,66982,0.18330222222222226,0.21333333333333337
"Baseline (k=3, 2pt, pm=0.02)",45,69,66982.0,-2265587.506666667,17664,66982,0.1889511111111111,0.20666666666666667
"Baseline (k=3, 2pt, pm=0.02)",45,70,66982.0,-3041337.7666666666,17664,66982,0.193656,0.23333333333333328
"Baseline (k=3, 2pt, pm=0.02)",45,71,66982.0,-2944446.7066666665,17664,66982,0.20034222222222223,0.23333333333333328
"Baseline (k=3, 2pt, pm=0.02)",45,72,66982.0,-2391044.48,17664,66982,0.20525955555555558,0.19999999999999996
"Baseline (k=3, 2pt, pm=0.02)",45,73,66982.0,-3613382.6733333333,17664,66982,0.2100106666666667,0.2466666666666667
"Baseline (k=3, 2pt, pm=0.02)",45,74,66982.0,-2813724.3933333335,17664,66982,0.20092711111111108,0.2666666666666667
"Baseline (k=3, 2pt, pm=0.02)",45,75,67165.0,-2456887.88,17685,67165,0.20438222222222216,0.24
"Baseline (k=3, 2pt, pm=0.02)",45,76,67165.0,-2919009.64,17685,67165,0.19630933333333345,0.2466666666666667
"Baseline (k=3, 2pt, pm=0.02)",45,77,67165.0,-2567826.2933333335,17685,67165,0.20079733333333333,0.23333333333333328
"Baseline (k=3, 2pt, pm=0.02)",45,78,67165.0,-2650578.8133333335,17685,67165,0.19997422222222222,0.2733333333333333
"Baseline (k=3, 2pt, pm=0.02)",45,79,67165.0,-2581545.6933333334,17685,67165,0.19809866666666676,0.19999999999999996
"Baseline (k=3, 2pt, pm=0.02)",45,80,67165.0,-2961348.2666666666,17685,67165,0.19196088888888896,0.21999999999999997
"Baseline (k=3, 2pt, pm=0.02)",45,81,67165.0,-2979424.6666666665,17685,67165,0.199344,0.2533333333333333
"Baseline (k=3, 2pt, pm=0.02)",45,82,67165.0,-2946891.9133333336,17685,67165,0.19718933333333338,0.20666666666666667
"Baseline (k=3, 2pt, pm=0.02)",45,83,67165.0,-2932637.18,17685,67165,0.1932977777777779,0.17333333333333334
"Baseline (k=3, 2pt, pm=0.02)",45,84,67165.0,-3065134.08,17685,67165,0.18776977777777784,0.22666666666666668
"Baseline (k=3, 2pt, pm=0.02)",45,85,67165.0,-1609121.5,17685,67165,0.18659555555555563,0.1333333333333333
"Baseline (k=3, 2pt, pm=0.02)",45,86,67165.0,-3764939.7266666666,17685,67165,0.1820097777777778,0.22666666666666668
"Baseline (k=3, 2pt, pm=0.02)",45,87,67165.0,-3567303.5733333332,17685,67165,0.18704355555555563,0.29333333333333333
"Baseline (k=3, 2pt, pm=0.02)",45,88,67165.0,-3632016.446666667,17685,67165,0.1947671111111111,0.23333333333333328
"Baseline (k=3, 2pt, pm=0.02)",45,89,67165.0,-2774262.5733333332,17685,67165,0.19868888888888894,0.18666666666666665
"Baseline (k=3, 2pt, pm=0.02)",45,90,67165.0,-3264648.8,17685,67165,0.1928302222222223,0.2466666666666667
"Baseline (k=3, 2pt, pm=0.02)",45,91,67165.0,-2323123.933333333,17685,67165,0.19759466666666664,0.18666666666666665
"Baseline (k=3, 2pt, pm=0.02)",45,92,67165.0,-2765034.3533333335,17685,67165,0.1886897777777778,0.16666666666666663
"Baseline (k=3, 2pt, pm=0.02)",45,93,67165.0,-2837039.7333333334,17685,67165,0.1816124444444444,0.21999999999999997
"Baseline (k=3, 2pt, pm=0.02)",45,94,67165.0,-2687427.1266666665,17685,67165,0.18310933333333332,0.21999999999999997
"Baseline (k=3, 2pt, pm=0.02)",45,95,67165.0,-2842665.32,17685,67165,0.18556088888888894,0.22666666666666668
"Baseline (k=3, 2pt, pm=0.02)",45,96,67165.0,-3193747.493333333,17685,67165,0.18744266666666665,0.22666666666666668
"Baseline (k=3, 2pt, pm=0.02)",45,97,67165.0,-2488252.953333333,17685,67165,0.19003288888888892,0.19333333333333336
"Baseline (k=3, 2pt, pm=0.02)",45,98,67165.0,-2104726.473333333,17685,67165,0.18667644444444442,0.21333333333333337
"Baseline (k=3, 2pt, pm=0.02)",45,99,67165.0,-1659738.54,17685,67165,0.18790488888888887,0.18666666666666665
"Baseline (k=3, 2pt, pm=0.02)",45,100,67165.0,-2695252.1066666665,17685,67165,0.19201866666666664,0.21333333333333337
"Baseline (k=3, 2pt, pm=0.02)",45,101,67165.0,-3234447.76,17685,67165,0.18705333333333335,0.23333333333333328
"Baseline (k=3, 2pt, pm=0.02)",45,102,67165.0,-3887101.066666667,17685,67165,0.18683022222222231,0.2533333333333333
"Baseline (k=3, 2pt, pm=0.02)",45,103,67165.0,-3140351.02,17685,67165,0.19811911111111116,0.18666666666666665
"Baseline (k=3, 2pt, pm=0.02)",45,104,67165.0,-2909299.3133333335,17685,67165,0.19804533333333335,0.21999999999999997
"Baseline (k=3, 2pt, pm=0.02)",45,105,67165.0,-4671032.38,17685,67165,0.19157777777777785,0.2666666666666667
"Baseline (k=3, 2pt, pm=0.02)",45,106,67165.0,-3486000.3333333335,17685,67165,0.19183822222222224,0.2533333333333333
"Baseline (k=3, 2pt, pm=0.02)",45,107,67165.0,-2364913.7466666666,17685,67165,0.18514666666666668,0.16000000000000003
"Baseline (k=3, 2pt, pm=0.02)",45,108,67165.0,-1793166.4666666666,17685,67165,0.18975022222222226,0.15333333333333332
"Baseline (k=3, 2pt, pm=0.02)",45,109,67165.0,-2374216.82,17685,67165,0.18531022222222227,0.22666666666666668
"Baseline (k=3, 2pt, pm=0.02)",45,110,67165.0,-2603557.8333333335,17685,67165,0.18232266666666672,0.21333333333333337
"Baseline (k=3, 2pt, pm=0.02)",45,111,67165.0,-2995221.22,17685,67165,0.17503911111111115,0.23333333333333328
"Baseline (k=3, 2pt, pm=0.02)",45,112,67165.0,-2537025.3266666667,17685,67165,0.1709715555555556,0.21999999999999997
"Baseline (k=3, 2pt, pm=0.02)",45,113,67165.0,-2250724.26,17685,67165,0.17026044444444452,0.19333333333333336
"Baseline (k=3, 2pt, pm=0.02)",45,114,67165.0,-1276703.0866666667,17685,67165,0.17237333333333335,0.16666666666666663
"Baseline (k=3, 2pt, pm=0.02)",45,115,67165.0,-2122697.1666666665,17685,67165,0.17635111111111113,0.17333333333333334
"Baseline (k=3, 2pt, pm=0.02)",45,116,67165.0,-2344375.42,17685,67165,0.17802577777777784,0.21333333333333337
"Baseline (k=3, 2pt, pm=0.02)",45,117,67165.0,-2595687.6666666665,17685,67165,0.1827164444444444,0.20666666666666667
"Baseline (k=3, 2pt, pm=0.02)",45,118,67165.0,-2309364.18,17685,67165,0.18483644444444441,0.16000000000000003
"Baseline (k=3, 2pt, pm=0.02)",45,119,67165.0,-2313336.973333333,17685,67165,0.18152533333333334,0.21999999999999997
"Baseline (k=3, 2pt, pm=0.02)",45,120,67165.0,-2777072.1466666665,17685,67165,0.18419822222222226,0.23333333333333328
"Baseline (k=3, 2pt, pm=0.02)",45,121,67165.0,-2241078.0866666664,17685,67165,0.18053600000000003,0.20666666666666667
"Baseline (k=3, 2pt, pm=0.02)",45,122,67165.0,-3287787.94,17685,67165,0.17988800000000005,0.2533333333333333
"Baseline (k=3, 2pt, pm=0.02)",45,123,67165.0,-2800593.14,17685,67165,0.18123377777777783,0.2466666666666667
"Baseline (k=3, 2pt, pm=0.02)",45,124,67165.0,-2850853.36,17685,67165,0.18129422222222227,0.23333333333333328
"Baseline (k=3, 2pt, pm=0.02)",45,125,67165.0,-1569319.1533333333,17685,67165,0.1693893333333334,0.15333333333333332
"Baseline (k=3, 2pt, pm=0.02)",45,126,67165.0,-2082514.28,17685,67165,0.17529244444444447,0.23333333333333328
"Baseline (k=3, 2pt, pm=0.02)",45,127,67165.0,-2632190.5733333332,17685,67165,0.18259911111111118,0.21999999999999997
"Baseline (k=3, 2pt, pm=0.02)",45,128,67165.0,-2631727.453333333,17685,67165,0.18644266666666667,0.21333333333333337
"Baseline (k=3, 2pt, pm=0.02)",45,129,67165.0,-2901443.84,17685,67165,0.18517866666666663,0.24
"Baseline (k=3, 2pt, pm=0.02)",45,130,67165.0,-2998358.48,17685,67165,0.18709511111111118,0.20666666666666667
"Baseline (k=3, 2pt, pm=0.02)",45,131,67165.0,-2704181.62,17685,67165,0.19247466666666666,0.19333333333333336
"Baseline (k=3, 2pt, pm=0.02)",45,132,67165.0,-2640807.78,17685,67165,0.1969457777777779,0.2466666666666667
"Baseline (k=3, 2pt, pm=0.02)",45,133,67165.0,-2483483.0733333332,17685,67165,0.20032533333333333,0.20666666666666667
"Baseline (k=3, 2pt, pm=0.02)",45,134,67165.0,-2727718.7533333334,17685,67165,0.1989893333333335,0.21333333333333337
"Baseline (k=3, 2pt, pm=0.02)",45,135,67165.0,-2815518.013333333,17685,67165,0.20759911111111112,0.19999999999999996
"Baseline (k=3, 2pt, pm=0.02)",45,136,67165.0,-2986125.1266666665,17685,67165,0.20391466666666666,0.2533333333333333
"Baseline (k=3, 2pt, pm=0.02)",45,137,67165.0,-2778570.006666667,17685,67165,0.20998044444444447,0.21999999999999997
"Baseline (k=3, 2pt, pm=0.02)",45,138,67165.0,-2941920.8733333335,17685,67165,0.19582844444444444,0.2466666666666667
"Baseline (k=3, 2pt, pm=0.02)",45,139,67165.0,-3098224.4133333336,17685,67165,0.19601244444444443,0.21999999999999997
"Baseline (k=3, 2pt, pm=0.02)",45,140,67165.0,-2104241.3866666667,17685,67165,0.20335911111111116,0.18666666666666665
"Baseline (k=3, 2pt, pm=0.02)",45,141,67165.0,-3338456.96,17685,67165,0.2050471111111111,0.26
"Baseline (k=3, 2pt, pm=0.02)",45,142,67165.0,-2976220.8266666667,17685,67165,0.20824622222222214,0.21999999999999997
"Baseline (k=3, 2pt, pm=0.02)",45,143,67165.0,-1867074.5733333332,17685,67165,0.2004515555555556,0.17333333333333334
"Baseline (k=3, 2pt, pm=0.02)",45,144,67165.0,-2440553.06,17685,67165,0.1897493333333334,0.18000000000000005
"Baseline (k=3, 2pt, pm=0.02)",45,145,67165.0,-4360229.953333333,17685,67165,0.18608977777777785,0.28
"Baseline (k=3, 2pt, pm=0.02)",45,146,67165.0,-3130291.24,17685,67165,0.1862248888888889,0.2466666666666667
"Baseline (k=3, 2pt, pm=0.02)",45,147,67165.0,-2644183.48,17685,67165,0.1832115555555556,0.21333333333333337
"Baseline (k=3, 2pt, pm=0.02)",45,148,67165.0,-3105672.92,17685,67165,0.18267555555555556,0.28
"Baseline (k=3, 2pt, pm=0.02)",45,149,67165.0,-1946995.1933333334,17685,67165,0.17556977777777782,0.15333333333333332
"Baseline (k=3, 2pt, pm=0.02)",45,150,67165.0,-1623349.6866666668,17685,67165,0.16717866666666673,0.19999999999999996
"Baseline (k=3, 2pt, pm=0.02)",45,151,67165.0,-3067504.32,17685,67165,0.1644062222222222,0.21999999999999997
"Baseline (k=3, 2pt, pm=0.02)",45,152,67165.0,-2943283.7533333334,17685,67165,0.16053599999999996,0.2733333333333333
"Baseline (k=3, 2pt, pm=0.02)",45,153,67165.0,-2352996.2666666666,17685,67165,0.16417333333333342,0.24
"Baseline (k=3, 2pt, pm=0.02)",45,154,67165.0,-2859360.4066666667,17685,67165,0.1637146666666667,0.22666666666666668
"Baseline (k=3, 2pt, pm=0.02)",45,155,67165.0,-2875257.8133333335,17685,67165,0.16451733333333338,0.2533333333333333
"Baseline (k=3, 2pt, pm=0.02)",45,156,67165.0,-3419780.1133333333,17685,67165,0.16811466666666672,0.22666666666666668
"Baseline (k=3, 2pt, pm=0.02)",45,157,67165.0,-2658361.34,17685,67165,0.17951200000000003,0.21333333333333337
"Baseline (k=3, 2pt, pm=0.02)",45,158,67165.0,-1638953.2266666666,17685,67165,0.18051644444444448,0.19333333333333336
"Baseline (k=3, 2pt, pm=0.02)",45,159,67165.0,-2247242.02,17685,67165,0.17791733333333337,0.18666666666666665
"Baseline (k=3, 2pt, pm=0.02)",45,160,67165.0,-2845921.36,17685,67165,0.1798168888888889,0.21999999999999997
"Baseline (k=3, 2pt, pm=0.02)",45,161,67165.0,-2128838.466666667,17685,67165,0.17338222222222224,0.17333333333333334
"Baseline (k=3, 2pt, pm=0.02)",45,162,67165.0,-2356342.78,17685,67165,0.17403822222222223,0.23333333333333328
"Baseline (k=3, 2pt, pm=0.02)",45,163,67165.0,-2602789.3,17685,67165,0.17826844444444434,0.2666666666666667
"Baseline (k=3, 2pt, pm=0.02)",45,164,67165.0,-2641627.1333333333,17685,67165,0.18600622222222232,0.20666666666666667
"Baseline (k=3, 2pt, pm=0.02)",45,165,67165.0,-1854792.8066666666,17685,67165,0.1860853333333334,0.16666666666666663
"Baseline (k=3, 2pt, pm=0.02)",45,166,67165.0,-1802631.8066666666,17685,67165,0.18169422222222228,0.19333333333333336
"Baseline (k=3, 2pt, pm=0.02)",45,167,67165.0,-1933848.7333333334,17685,67165,0.18078400000000008,0.21333333333333337
"Baseline (k=3, 2pt, pm=0.02)",45,168,67165.0,-3186735.46,17685,67165,0.1829155555555556,0.20666666666666667
"Baseline (k=3, 2pt, pm=0.02)",45,169,67165.0,-3054498.9066666667,17685,67165,0.18182044444444448,0.24
"Baseline (k=3, 2pt, pm=0.02)",45,170,67165.0,-1598889.0,17685,67165,0.1793537777777778,0.15333333333333332
"Baseline (k=3, 2pt, pm=0.02)",45,171,67165.0,-2174268.006666667,17685,67165,0.16785688888888892,0.18666666666666665
"Baseline (k=3, 2pt, pm=0.02)",45,172,67165.0,-2110955.78,17685,67165,0.17492622222222223,0.18666666666666665
"Baseline (k=3, 2pt, pm=0.02)",45,173,67165.0,-2558833.7133333334,17685,67165,0.17865244444444453,0.18666666666666665
"Baseline (k=3, 2pt, pm=0.02)",45,174,67165.0,-3070203.8466666667,17685,67165,0.17556355555555558,0.21333333333333337
"Baseline (k=3, 2pt, pm=0.02)",45,175,67165.0,-2467178.3733333335,17685,67165,0.17717866666666673,0.21333333333333337
"Baseline (k=3, 2pt, pm=0.02)",45,176,67165.0,-2853439.44,17685,67165,0.19015288888888893,0.20666666666666667
"Baseline (k=3, 2pt, pm=0.02)",45,177,67165.0,-2153189.7333333334,17685,67165,0.1884026666666666,0.18000000000000005
"Baseline (k=3, 2pt, pm=0.02)",45,178,67165.0,-2590019.6466666665,17685,67165,0.1913653333333334,0.18666666666666665
"Baseline (k=3, 2pt, pm=0.02)",45,179,67165.0,-1892693.16,17685,67165,0.19172977777777778,0.17333333333333334
"Baseline (k=3, 2pt, pm=0.02)",45,180,67165.0,-3097688.2066666665,17685,67165,0.19253244444444445,0.2466666666666667
"Baseline (k=3, 2pt, pm=0.02)",45,181,67165.0,-3399944.5933333333,17685,67165,0.19737511111111117,0.20666666666666667
"Baseline (k=3, 2pt, pm=0.02)",45,182,67165.0,-2826510.68,17685,67165,0.19759822222222223,0.26
"Baseline (k=3, 2pt, pm=0.02)",45,183,67165.0,-3275286.1533333333,17685,67165,0.19704355555555556,0.20666666666666667
"Baseline (k=3, 2pt, pm=0.02)",45,184,67165.0,-2910520.1733333333,17685,67165,0.20063999999999996,0.19999999999999996
"Baseline (k=3, 2pt, pm=0.02)",45,185,67165.0,-3757743.62,17685,67165,0.19554577777777776,0.2533333333333333
"Baseline (k=3, 2pt, pm=0.02)",45,186,67165.0,-3106586.2733333334,17685,67165,0.20760177777777777,0.19333333333333336
"Baseline (k=3, 2pt, pm=0.02)",45,187,67165.0,-2856222.02,17685,67165,0.20658755555555547,0.2533333333333333
"Baseline (k=3, 2pt, pm=0.02)",45,188,67165.0,-2898854.92,17685,67165,0.19332444444444444,0.21999999999999997
"Baseline (k=3, 2pt, pm=0.02)",45,189,67165.0,-2019256.9933333334,17685,67165,0.1912577777777778,0.16666666666666663
"Baseline (k=3, 2pt, pm=0.02)",45,190,67165.0,-2436893.2466666666,17685,67165,0.19249155555555564,0.16666666666666663
"Baseline (k=3, 2pt, pm=0.02)",45,191,67165.0,-1858586.62,17685,67165,0.17810933333333334,0.18000000000000005
"Baseline (k=3, 2pt, pm=0.02)",45,192,67165.0,-3037578.526666667,17685,67165,0.18428177777777777,0.26
"Baseline (k=3, 2pt, pm=0.02)",45,193,67165.0,-2880756.6066666665,17685,67165,0.18621155555555557,0.26
"Baseline (k=3, 2pt, pm=0.02)",45,194,67165.0,-2323355.96,17685,67165,0.1904942222222222,0.16666666666666663
"Baseline (k=3, 2pt, pm=0.02)",45,195,67165.0,-2097192.26,17685,67165,0.19421244444444452,0.19333333333333336
"Baseline (k=3, 2pt, pm=0.02)",45,196,67165.0,-2159075.466666667,17685,67165,0.18053955555555562,0.19333333333333336
"Baseline (k=3, 2pt, pm=0.02)",45,197,67165.0,-3308042.986666667,17685,67165,0.1741137777777778,0.2533333333333333
"Baseline (k=3, 2pt, pm=0.02)",45,198,67165.0,-1986762.5466666666,17685,67165,0.18152266666666667,0.18000000000000005
"Baseline (k=3, 2pt, pm=0.02)",45,199,67165.0,-1911537.9333333333,17685,67165,0.17933244444444438,0.16666666666666663
"Baseline (k=3, 2pt, pm=0.02)",45,200,67165.0,-1834465.4866666666,17685,67165,0.17882844444444448,0.20666666666666667
"Baseline (k=3, 2pt, pm=0.02)",46,0,51054.0,-18729384.1,17238,51054,0.4957777777777777,0.5066666666666666
"Baseline (k=3, 2pt, pm=0.02)",46,1,51367.0,-5627024.42,17109,51367,0.48612177777777776,0.2666666666666667
"Baseline (k=3, 2pt, pm=0.02)",46,2,51367.0,-2745360.2333333334,17109,51367,0.46992444444444426,0.19333333333333336
"Baseline (k=3, 2pt, pm=0.02)",46,3,54047.0,-2386450.4,17499,54047,0.4506417777777776,0.16666666666666663
"Baseline (k=3, 2pt, pm=0.02)",46,4,54047.0,-3013094.7466666666,17499,54047,0.434336,0.20666666666666667
"Baseline (k=3, 2pt, pm=0.02)",46,5,55706.0,-2052616.54,17442,55706,0.41380711111111096,0.16000000000000003
"Baseline (k=3, 2pt, pm=0.02)",46,6,56214.0,-3677600.973333333,17088,56214,0.4054186666666666,0.20666666666666667
"Baseline (k=3, 2pt, pm=0.02)",46,7,57271.0,-2807280.76,16797,57271,0.3952915555555558,0.21333333333333337
"Baseline (k=3, 2pt, pm=0.02)",46,8,58150.0,-3261202.9133333336,17640,58150,0.39227288888888895,0.21333333333333337
"Baseline (k=3, 2pt, pm=0.02)",46,9,58581.0,-3750400.8933333335,17607,58581,0.3807653333333335,0.21999999999999997
"Baseline (k=3, 2pt, pm=0.02)",46,10,58588.0,-1583244.2266666666,16206,58588,0.37762044444444437,0.1333333333333333
"Baseline (k=3, 2pt, pm=0.02)",46,11,61834.0,-1412823.8333333333,17568,61834,0.3673893333333335,0.14
"Baseline (k=3, 2pt, pm=0.02)",46,12,61834.0,-3513380.96,17568,61834,0.3609253333333334,0.24
"Baseline (k=3, 2pt, pm=0.02)",46,13,62460.0,-2279346.986666667,17310,62460,0.3604124444444444,0.21333333333333337
"Baseline (k=3, 2pt, pm=0.02)",46,14,62460.0,-1465229.48,17310,62460,0.3573315555555554,0.16000000000000003
"Baseline (k=3, 2pt, pm=0.02)",46,15,62460.0,-3023600.1,17310,62460,0.34364622222222224,0.22666666666666668
"Baseline (k=3, 2pt, pm=0.02)",46,16,62773.0,-2095647.88,17181,62773,0.33690488888888903,0.17333333333333334
"Baseline (k=3, 2pt, pm=0.02)",46,17,63151.0,-3257630.6933333334,16977,63151,0.32470222222222245,0.24
"Baseline (k=3, 2pt, pm=0.02)",46,18,63151.0,-1912235.8866666667,16977,63151,0.31146755555555555,0.18666666666666665
"Baseline (k=3, 2pt, pm=0.02)",46,19,64025.0,-1927506.1133333333,16665,64025,0.29851022222222223,0.17333333333333334
"Baseline (k=3, 2pt, pm=0.02)",46,20,64025.0,-2623997.5,16665,64025,0.2919119999999999,0.19999999999999996
"Baseline (k=3, 2pt, pm=0.02)",46,21,64656.0,-1998693.4133333333,17562,64656,0.2890328888888889,0.17333333333333334
"Baseline (k=3, 2pt, pm=0.02)",46,22,64656.0,-3226049.22,17562,64656,0.28210044444444443,0.2733333333333333
"Baseline (k=3, 2pt, pm=0.02)",46,23,64656.0,-3033469.82,17562,64656,0.27411555555555556,0.16666666666666663
"Baseline (k=3, 2pt, pm=0.02)",46,24,64656.0,-2783794.1533333333,17562,64656,0.2748044444444444,0.21999999999999997
"Baseline (k=3, 2pt, pm=0.02)",46,25,64656.0,-1909060.5266666666,17562,64656,0.2730231111111113,0.15333333333333332
"Baseline (k=3, 2pt, pm=0.02)",46,26,64786.0,-1835125.94,17412,64786,0.26777155555555565,0.16666666666666663
"Baseline (k=3, 2pt, pm=0.02)",46,27,65152.0,-1824893.2933333332,17454,65152,0.2791288888888888,0.19999999999999996
"Baseline (k=3, 2pt, pm=0.02)",46,28,65571.0,-4054793.82,17667,65571,0.27669866666666665,0.28
"Baseline (k=3, 2pt, pm=0.02)",46,29,65571.0,-3275122.6133333333,17667,65571,0.2748044444444446,0.22666666666666668
"Baseline (k=3, 2pt, pm=0.02)",46,30,66368.0,-2363238.14,17676,66368,0.2760133333333333,0.16000000000000003
"Baseline (k=3, 2pt, pm=0.02)",46,31,66380.0,-5096927.493333333,17430,66380,0.27363822222222217,0.32666666666666666
"Baseline (k=3, 2pt, pm=0.02)",46,32,66445.0,-2620756.3333333335,17355,66445,0.26788977777777767,0.21999999999999997
"Baseline (k=3, 2pt, pm=0.02)",46,33,66445.0,-3131584.8666666667,17355,66445,0.2585386666666667,0.21333333333333337
"Baseline (k=3, 2pt, pm=0.02)",46,34,66445.0,-3203526.1533333333,17355,66445,0.2517208888888889,0.23333333333333328
"Baseline (k=3, 2pt, pm=0.02)",46,35,66681.0,-2832534.84,17547,66681,0.2450506666666666,0.23333333333333328
"Baseline (k=3, 2pt, pm=0.02)",46,36,66681.0,-3739624.3666666667,17547,66681,0.24308622222222226,0.26
"Baseline (k=3, 2pt, pm=0.02)",46,37,66681.0,-1855847.0266666666,17547,66681,0.24438133333333328,0.1333333333333333
"Baseline (k=3, 2pt, pm=0.02)",46,38,66681.0,-2528490.033333333,17547,66681,0.24216800000000005,0.19999999999999996
"Baseline (k=3, 2pt, pm=0.02)",46,39,66681.0,-2304999.3133333335,17547,66681,0.23750666666666667,0.22666666666666668
"Baseline (k=3, 2pt, pm=0.02)",46,40,66681.0,-4044875.006666667,17547,66681,0.23863199999999996,0.28
"Baseline (k=3, 2pt, pm=0.02)",46,41,66681.0,-4379094.026666666,17547,66681,0.22802399999999995,0.26
"Baseline (k=3, 2pt, pm=0.02)",46,42,66681.0,-4195971.12,17547,66681,0.21771999999999994,0.20666666666666667
"Baseline (k=3, 2pt, pm=0.02)",46,43,66681.0,-3465465.446666667,17547,66681,0.21095555555555565,0.22666666666666668
"Baseline (k=3, 2pt, pm=0.02)",46,44,66681.0,-3143611.6333333333,17547,66681,0.21963911111111117,0.2466666666666667
"Baseline (k=3, 2pt, pm=0.02)",46,45,66681.0,-2674257.18,17547,66681,0.2240426666666667,0.19333333333333336
"Baseline (k=3, 2pt, pm=0.02)",46,46,66681.0,-2429248.2333333334,17547,66681,0.2120897777777778,0.21999999999999997
"Baseline (k=3, 2pt, pm=0.02)",46,47,66681.0,-2647477.3733333335,17547,66681,0.20234933333333335,0.2533333333333333
"Baseline (k=3, 2pt, pm=0.02)",46,48,66681.0,-2050824.2066666668,17547,66681,0.20300177777777775,0.17333333333333334
"Baseline (k=3, 2pt, pm=0.02)",46,49,66681.0,-2995218.6933333334,17547,66681,0.19669866666666672,0.21333333333333337
"Baseline (k=3, 2pt, pm=0.02)",46,50,66681.0,-2991294.94,17547,66681,0.19551466666666673,0.19999999999999996
"Baseline (k=3, 2pt, pm=0.02)",46,51,67047.0,-2938122.94,17589,67047,0.1944515555555556,0.21999999999999997
"Baseline (k=3, 2pt, pm=0.02)",46,52,67047.0,-2726292.3933333335,17589,67047,0.19578577777777773,0.23333333333333328
"Baseline (k=3, 2pt, pm=0.02)",46,53,67047.0,-2787976.533333333,17589,67047,0.19031200000000006,0.23333333333333328
"Baseline (k=3, 2pt, pm=0.02)",46,54,67047.0,-2738601.2933333335,17589,67047,0.19694311111111112,0.21333333333333337
"Baseline (k=3, 2pt, pm=0.02)",46,55,67047.0,-2767680.28,17589,67047,0.19085066666666667,0.21999999999999997
"Baseline (k=3, 2pt, pm=0.02)",46,56,67047.0,-1886894.0533333332,17589,67047,0.1865742222222223,0.18666666666666665
"Baseline (k=3, 2pt, pm=0.02)",46,57,67165.0,-2827913.6533333333,17685,67165,0.18063200000000004,0.21999999999999997
"Baseline (k=3, 2pt, pm=0.02)",46,58,67165.0,-1659295.18,17685,67165,0.17265066666666665,0.19999999999999996
"Baseline (k=3, 2pt, pm=0.02)",46,59,67165.0,-2368628.06,17685,67165,0.17336977777777787,0.17333333333333334
"Baseline (k=3, 2pt, pm=0.02)",46,60,67165.0,-3899916.3,17685,67165,0.17976622222222224,0.2733333333333333
"Baseline (k=3, 2pt, pm=0.02)",46,61,67165.0,-2498342.2,17685,67165,0.18365777777777786,0.17333333333333334
"Baseline (k=3, 2pt, pm=0.02)",46,62,67165.0,-2793290.48,17685,67165,0.19430399999999995,0.21999999999999997
"Baseline (k=3, 2pt, pm=0.02)",46,63,67165.0,-2252497.0933333333,17685,67165,0.19997422222222222,0.21999999999999997
"Baseline (k=3, 2pt, pm=0.02)",46,64,67165.0,-2533357.82,17685,67165,0.2030942222222223,0.21999999999999997
"Baseline (k=3, 2pt, pm=0.02)",46,65,67165.0,-1950640.5,17685,67165,0.20372622222222225,0.20666666666666667
"Baseline (k=3, 2pt, pm=0.02)",46,66,67165.0,-2485805.493333333,17685,67165,0.209040888888889,0.23333333333333328
"Baseline (k=3, 2pt, pm=0.02)",46,67,67165.0,-2580861.4266666668,17685,67165,0.2198888888888889,0.18666666666666665
"Baseline (k=3, 2pt, pm=0.02)",46,68,67165.0,-1787848.8466666667,17685,67165,0.21516977777777777,0.16000000000000003
"Baseline (k=3, 2pt, pm=0.02)",46,69,67165.0,-2053421.1933333334,17685,67165,0.21591822222222223,0.20666666666666667
"Baseline (k=3, 2pt, pm=0.02)",46,70,67165.0,-2803420.8333333335,17685,67165,0.21951555555555555,0.19333333333333336
"Baseline (k=3, 2pt, pm=0.02)",46,71,67165.0,-2883292.66,17685,67165,0.20996888888888893,0.18666666666666665
"Baseline (k=3, 2pt, pm=0.02)",46,72,67165.0,-958233.5533333333,17685,67165,0.20578311111111103,0.1333333333333333
"Baseline (k=3, 2pt, pm=0.02)",46,73,67165.0,-3053582.74,17685,67165,0.2050364444444444,0.20666666666666667
"Baseline (k=3, 2pt, pm=0.02)",46,74,67165.0,-2529585.1666666665,17685,67165,0.21186577777777774,0.21999999999999997
"Baseline (k=3, 2pt, pm=0.02)",46,75,67165.0,-4293057.3,17685,67165,0.2160506666666667,0.30666666666666664
"Baseline (k=3, 2pt, pm=0.02)",46,76,67165.0,-2820174.6,17685,67165,0.21332622222222228,0.21333333333333337
"Baseline (k=3, 2pt, pm=0.02)",46,77,67165.0,-2242013.46,17685,67165,0.20580711111111122,0.16000000000000003
"Baseline (k=3, 2pt, pm=0.02)",46,78,67165.0,-2769398.26,17685,67165,0.19266044444444447,0.22666666666666668
"Baseline (k=3, 2pt, pm=0.02)",46,79,67165.0,-3292534.66,17685,67165,0.18704888888888896,0.2466666666666667
"Baseline (k=3, 2pt, pm=0.02)",46,80,67165.0,-3117295.82,17685,67165,0.18490488888888887,0.21333333333333337
"Baseline (k=3, 2pt, pm=0.02)",46,81,67165.0,-2750620.0933333333,17685,67165,0.19504177777777784,0.23333333333333328
"Baseline (k=3, 2pt, pm=0.02)",46,82,67165.0,-3333909.9266666668,17685,67165,0.19698222222222225,0.23333333333333328
"Baseline (k=3, 2pt, pm=0.02)",46,83,67165.0,-2280512.0933333333,17685,67165,0.20038222222222216,0.21333333333333337
"Baseline (k=3, 2pt, pm=0.02)",46,84,67165.0,-3126067.993333333,17685,67165,0.21101600000000004,0.24
"Baseline (k=3, 2pt, pm=0.02)",46,85,67165.0,-3293381.8066666666,17685,67165,0.21303644444444456,0.30666666666666664
"Baseline (k=3, 2pt, pm=0.02)",46,86,67165.0,-2321160.7733333334,17685,67165,0.21676355555555563,0.17333333333333334
"Baseline (k=3, 2pt, pm=0.02)",46,87,67165.0,-2169999.74,17685,67165,0.20679377777777788,0.16000000000000003
"Baseline (k=3, 2pt, pm=0.02)",46,88,67165.0,-2964816.9,17685,67165,0.20024800000000004,0.26
"Baseline (k=3, 2pt, pm=0.02)",46,89,67165.0,-3035775.28,17685,67165,0.2007564444444446,0.19333333333333336
"Baseline (k=3, 2pt, pm=0.02)",46,90,67165.0,-3149698.946666667,17685,67165,0.19338044444444452,0.2533333333333333
"Baseline (k=3, 2pt, pm=0.02)",46,91,67165.0,-2382358.68,17685,67165,0.19861244444444442,0.15333333333333332
"Baseline (k=3, 2pt, pm=0.02)",46,92,67165.0,-2692738.006666667,17685,67165,0.1859804444444445,0.23333333333333328
"Baseline (k=3, 2pt, pm=0.02)",46,93,67165.0,-2515760.7933333335,17685,67165,0.18843466666666675,0.21999999999999997
"Baseline (k=3, 2pt, pm=0.02)",46,94,67165.0,-3556459.8733333335,17685,67165,0.17589777777777782,0.2666666666666667
"Baseline (k=3, 2pt, pm=0.02)",46,95,67165.0,-3027715.24,17685,67165,0.18055555555555552,0.2666666666666667
"Baseline (k=3, 2pt, pm=0.02)",46,96,67165.0,-3378623.533333333,17685,67165,0.1869635555555556,0.26
"Baseline (k=3, 2pt, pm=0.02)",46,97,67165.0,-2231388.3,17685,67165,0.18701244444444443,0.19333333333333336
"Baseline (k=3, 2pt, pm=0.02)",46,98,67165.0,-2999706.8133333335,17685,67165,0.19416177777777777,0.26
"Baseline (k=3, 2pt, pm=0.02)",46,99,67165.0,-2886554.6933333334,17685,67165,0.19032799999999997,0.22666666666666668
"Baseline (k=3, 2pt, pm=0.02)",46,100,67165.0,-2933004.78,17685,67165,0.1831146666666667,0.2533333333333333
"Baseline (k=3, 2pt, pm=0.02)",46,101,67165.0,-3348638.2466666666,17685,67165,0.187416888888889,0.30666666666666664
"Baseline (k=3, 2pt, pm=0.02)",46,102,67165.0,-2522238.48,17685,67165,0.19047555555555554,0.19333333333333336
"Baseline (k=3, 2pt, pm=0.02)",46,103,67165.0,-1723522.7733333334,17685,67165,0.1897893333333333,0.15333333333333332
"Baseline (k=3, 2pt, pm=0.02)",46,104,67165.0,-1961954.7466666666,17685,67165,0.1974346666666666,0.18666666666666665
"Baseline (k=3, 2pt, pm=0.02)",46,105,67165.0,-3019193.533333333,17685,67165,0.20251822222222227,0.23333333333333328
"Baseline (k=3, 2pt, pm=0.02)",46,106,67165.0,-3549100.22,17685,67165,0.20531733333333338,0.26
"Baseline (k=3, 2pt, pm=0.02)",46,107,67165.0,-3351304.7866666666,17685,67165,0.19142577777777778,0.28
"Baseline (k=3, 2pt, pm=0.02)",46,108,67165.0,-3295030.993333333,17685,67165,0.1825084444444445,0.28
"Baseline (k=3, 2pt, pm=0.02)",46,109,67165.0,-1603911.02,17685,67165,0.1771297777777778,0.16000000000000003
"Baseline (k=3, 2pt, pm=0.02)",46,110,67165.0,-3510579.1533333333,17685,67165,0.17666666666666667,0.26
"Baseline (k=3, 2pt, pm=0.02)",46,111,67165.0,-2524626.033333333,17685,67165,0.18028977777777777,0.21333333333333337
"Baseline (k=3, 2pt, pm=0.02)",46,112,67165.0,-3254877.7666666666,17685,67165,0.18511466666666673,0.21333333333333337
"Baseline (k=3, 2pt, pm=0.02)",46,113,67165.0,-2712021.7666666666,17685,67165,0.1858257777777778,0.24
"Baseline (k=3, 2pt, pm=0.02)",46,114,67165.0,-2503203.26,17685,67165,0.19589511111111116,0.19333333333333336
"Baseline (k=3, 2pt, pm=0.02)",46,115,67165.0,-3522917.2666666666,17685,67165,0.19678666666666672,0.2533333333333333
"Baseline (k=3, 2pt, pm=0.02)",46,116,67165.0,-1442342.6733333333,17685,67165,0.18884355555555557,0.1266666666666667
"Baseline (k=3, 2pt, pm=0.02)",46,117,67165.0,-1770169.2666666666,17685,67165,0.17680800000000005,0.16000000000000003
"Baseline (k=3, 2pt, pm=0.02)",46,118,67165.0,-2155242.7866666666,17685,67165,0.17295644444444444,0.16666666666666663
"Baseline (k=3, 2pt, pm=0.02)",46,119,67165.0,-4110786.4133333336,17685,67165,0.17243288888888889,0.2533333333333333
"Baseline (k=3, 2pt, pm=0.02)",46,120,67165.0,-2173467.446666667,17685,67165,0.17038755555555557,0.18666666666666665
"Baseline (k=3, 2pt, pm=0.02)",46,121,67165.0,-2908750.1,17685,67165,0.16181155555555563,0.2666666666666667
"Baseline (k=3, 2pt, pm=0.02)",46,122,67165.0,-3464597.993333333,17685,67165,0.1698177777777778,0.2466666666666667
"Baseline (k=3, 2pt, pm=0.02)",46,123,67165.0,-2059748.8333333333,17685,67165,0.17000711111111116,0.21333333333333337
"Baseline (k=3, 2pt, pm=0.02)",46,124,67165.0,-2358655.62,17685,67165,0.1661946666666667,0.19333333333333336
"Baseline (k=3, 2pt, pm=0.02)",46,125,67165.0,-2471533.0866666664,17685,67165,0.16508355555555565,0.20666666666666667
"Baseline (k=3, 2pt, pm=0.02)",46,126,67165.0,-2868727.04,17685,67165,0.16728711111111114,0.23333333333333328
"Baseline (k=3, 2pt, pm=0.02)",46,127,67165.0,-2323596.44,17685,67165,0.16885066666666668,0.23333333333333328
"Baseline (k=3, 2pt, pm=0.02)",46,128,67165.0,-2408786.013333333,17685,67165,0.1647528888888889,0.2466666666666667
"Baseline (k=3, 2pt, pm=0.02)",46,129,67165.0,-2222184.986666667,17685,67165,0.16478222222222236,0.19999999999999996
"Baseline (k=3, 2pt, pm=0.02)",46,130,67165.0,-2496516.2333333334,17685,67165,0.1628026666666667,0.23333333333333328
"Baseline (k=3, 2pt, pm=0.02)",46,131,67165.0,-1820131.7466666666,17685,67165,0.16888000000000006,0.1466666666666666
"Baseline (k=3, 2pt, pm=0.02)",46,132,67165.0,-1304176.8933333333,17685,67165,0.1662115555555556,0.11333333333333329
"Baseline (k=3, 2pt, pm=0.02)",46,133,67165.0,-1997403.3,17685,67165,0.15109422222222227,0.22666666666666668
"Baseline (k=3, 2pt, pm=0.02)",46,134,67165.0,-2794928.053333333,17685,67165,0.14989955555555556,0.24
"Baseline (k=3, 2pt, pm=0.02)",46,135,67165.0,-3852891.9133333336,17685,67165,0.15139288888888897,0.2733333333333333
"Baseline (k=3, 2pt, pm=0.02)",46,136,67165.0,-3434601.7733333334,17685,67165,0.16233066666666662,0.28
"Baseline (k=3, 2pt, pm=0.02)",46,137,67165.0,-2950479.5,17685,67165,0.17467377777777773,0.2533333333333333
"Baseline (k=3, 2pt, pm=0.02)",46,138,67165.0,-2563508.6133333333,17685,67165,0.17217955555555556,0.21999999999999997
"Baseline (k=3, 2pt, pm=0.02)",46,139,67165.0,-1984636.1333333333,17685,67165,0.1970817777777778,0.14
"Baseline (k=3, 2pt, pm=0.02)",46,140,67165.0,-2232535.3466666667,17685,67165,0.1992515555555556,0.19999999999999996
"Baseline (k=3, 2pt, pm=0.02)",46,141,67165.0,-2862217.58,17685,67165,0.2092293333333334,0.21333333333333337
"Baseline (k=3, 2pt, pm=0.02)",46,142,67165.0,-2461202.9066666667,17685,67165,0.20253244444444454,0.19999999999999996
"Baseline (k=3, 2pt, pm=0.02)",46,143,67165.0,-2538875.3,17685,67165,0.2038755555555555,0.19999999999999996
"Baseline (k=3, 2pt, pm=0.02)",46,144,67165.0,-2070127.6,17685,67165,0.198776,0.17333333333333334
"Baseline (k=3, 2pt, pm=0.02)",46,145,67165.0,-2047642.8533333333,17685,67165,0.20404977777777783,0.19333333333333336
"Baseline (k=3, 2pt, pm=0.02)",46,146,67165.0,-2371631.9133333336,17685,67165,0.199416,0.19999999999999996
"Baseline (k=3, 2pt, pm=0.02)",46,147,67165.0,-2674578.2266666666,17685,67165,0.1998462222222223,0.21333333333333337
"Baseline (k=3, 2pt, pm=0.02)",46,148,67165.0,-2890890.1533333333,17685,67165,0.20279822222222227,0.19999999999999996
"Baseline (k=3, 2pt, pm=0.02)",46,149,67165.0,-3586229.493333333,17685,67165,0.19262311111111116,0.2466666666666667
"Baseline (k=3, 2pt, pm=0.02)",46,150,67165.0,-3390559.3,17685,67165,0.192088888888889,0.20666666666666667
"Baseline (k=3, 2pt, pm=0.02)",46,151,67165.0,-2769567.52,17685,67165,0.19364622222222225,0.20666666666666667
"Baseline (k=3, 2pt, pm=0.02)",46,152,67165.0,-3368225.2933333335,17685,67165,0.18242577777777774,0.28
"Baseline (k=3, 2pt, pm=0.02)",46,153,67165.0,-3597791.34,17685,67165,0.184264,0.21999999999999997
"Baseline (k=3, 2pt, pm=0.02)",46,154,67165.0,-1840774.94,17685,67165,0.17649600000000004,0.21999999999999997
"Baseline (k=3, 2pt, pm=0.02)",46,155,67165.0,-2552809.3666666667,17685,67165,0.1820213333333334,0.21999999999999997
"Baseline (k=3, 2pt, pm=0.02)",46,156,67165.0,-2375404.6466666665,17685,67165,0.1812746666666667,0.19999999999999996
"Baseline (k=3, 2pt, pm=0.02)",46,157,67165.0,-3002879.2133333334,17685,67165,0.18624355555555558,0.20666666666666667
"Baseline (k=3, 2pt, pm=0.02)",46,158,67165.0,-3670323.2333333334,17685,67165,0.18689244444444453,0.26
"Baseline (k=3, 2pt, pm=0.02)",46,159,67165.0,-3731798.98,17685,67165,0.1871137777777778,0.2466666666666667
"Baseline (k=3, 2pt, pm=0.02)",46,160,67165.0,-2882755.5933333333,17685,67165,0.19761511111111116,0.26
"Baseline (k=3, 2pt, pm=0.02)",46,161,67165.0,-2438934.4133333336,17685,67165,0.19552888888888895,0.22666666666666668
"Baseline (k=3, 2pt, pm=0.02)",46,162,67165.0,-2977000.32,17685,67165,0.1996604444444444,0.23333333333333328
"Baseline (k=3, 2pt, pm=0.02)",46,163,67165.0,-2103766.3466666667,17685,67165,0.20550666666666662,0.21999999999999997
"Baseline (k=3, 2pt, pm=0.02)",46,164,67165.0,-2093729.1933333334,17685,67165,0.20177511111111124,0.19333333333333336
"Baseline (k=3, 2pt, pm=0.02)",46,165,67165.0,-2104232.9066666667,17685,67165,0.19492888888888898,0.17333333333333334
"Baseline (k=3, 2pt, pm=0.02)",46,166,67165.0,-2766015.1,17685,67165,0.1822604444444445,0.24
"Baseline (k=3, 2pt, pm=0.02)",46,167,67165.0,-3593867.6666666665,17685,67165,0.17364533333333332,0.28
"Baseline (k=3, 2pt, pm=0.02)",46,168,67165.0,-3223363.22,17685,67165,0.17369955555555566,0.2866666666666666
"Baseline (k=3, 2pt, pm=0.02)",46,169,67165.0,-3036883.4266666668,17685,67165,0.16741955555555552,0.2666666666666667
"Baseline (k=3, 2pt, pm=0.02)",46,170,67165.0,-2886959.473333333,17685,67165,0.16862399999999997,0.21333333333333337
"Baseline (k=3, 2pt, pm=0.02)",46,171,67165.0,-2696293.3333333335,17685,67165,0.17046044444444444,0.19999999999999996
"Baseline (k=3, 2pt, pm=0.02)",46,172,67165.0,-2778067.7333333334,17685,67165,0.15650755555555562,0.2866666666666666
"Baseline (k=3, 2pt, pm=0.02)",46,173,67165.0,-1377301.7933333332,17685,67165,0.15082222222222225,0.17333333333333334
"Baseline (k=3, 2pt, pm=0.02)",46,174,67165.0,-2756644.76,17685,67165,0.15456,0.2466666666666667
"Baseline (k=3, 2pt, pm=0.02)",46,175,67165.0,-2858853.453333333,17685,67165,0.162848,0.21999999999999997
"Baseline (k=3, 2pt, pm=0.02)",46,176,67165.0,-3455070.993333333,17685,67165,0.1662124444444445,0.24
"Baseline (k=3, 2pt, pm=0.02)",46,177,67165.0,-2123639.68,17685,67165,0.16168533333333332,0.21999999999999997
"Baseline (k=3, 2pt, pm=0.02)",46,178,67165.0,-1871600.4466666668,17685,67165,0.17292711111111111,0.18000000000000005
"Baseline (k=3, 2pt, pm=0.02)",46,179,67165.0,-2631773.3933333335,17685,67165,0.16635911111111118,0.22666666666666668
"Baseline (k=3, 2pt, pm=0.02)",46,180,67165.0,-2942310.9266666668,17685,67165,0.17170844444444444,0.24
"Baseline (k=3, 2pt, pm=0.02)",46,181,67165.0,-2992937.1133333333,17685,67165,0.17443199999999995,0.2666666666666667
"Baseline (k=3, 2pt, pm=0.02)",46,182,67165.0,-2996766.9266666668,17685,67165,0.19645511111111105,0.24
"Baseline (k=3, 2pt, pm=0.02)",46,183,67165.0,-2151990.6,17685,67165,0.19318577777777793,0.1466666666666666
"Baseline (k=3, 2pt, pm=0.02)",46,184,67165.0,-3496952.933333333,17685,67165,0.19367644444444448,0.26
"Baseline (k=3, 2pt, pm=0.02)",46,185,67165.0,-1948935.8933333333,17685,67165,0.20138488888888895,0.18000000000000005
"Baseline (k=3, 2pt, pm=0.02)",46,186,67165.0,-1654470.74,17685,67165,0.2060675555555555,0.16666666666666663
"Baseline (k=3, 2pt, pm=0.02)",46,187,67165.0,-3574733.24,17685,67165,0.20612799999999998,0.26
"Baseline (k=3, 2pt, pm=0.02)",46,188,67165.0,-1679317.3,17685,67165,0.1965813333333334,0.1266666666666667
"Baseline (k=3, 2pt, pm=0.02)",46,189,67165.0,-3450170.2666666666,17685,67165,0.18948711111111116,0.22666666666666668
"Baseline (k=3, 2pt, pm=0.02)",46,190,67165.0,-2893583.56,17685,67165,0.17833599999999997,0.24
"Baseline (k=3, 2pt, pm=0.02)",46,191,67165.0,-3479931.7666666666,17685,67165,0.1678746666666667,0.24
"Baseline (k=3, 2pt, pm=0.02)",46,192,67165.0,-2596011.6133333333,17685,67165,0.17409511111111123,0.19333333333333336
"Baseline (k=3, 2pt, pm=0.02)",46,193,67165.0,-2148944.953333333,17685,67165,0.17680444444444451,0.16000000000000003
"Baseline (k=3, 2pt, pm=0.02)",46,194,67165.0,-3087842.6066666665,17685,67165,0.17189333333333334,0.23333333333333328
"Baseline (k=3, 2pt, pm=0.02)",46,195,67165.0,-2925834.953333333,17685,67165,0.17238311111111113,0.21333333333333337
"Baseline (k=3, 2pt, pm=0.02)",46,196,67165.0,-2959404.933333333,17685,67165,0.1611697777777778,0.2666666666666667
"Baseline (k=3, 2pt, pm=0.02)",46,197,67165.0,-3036758.4133333336,17685,67165,0.17131733333333332,0.26
"Baseline (k=3, 2pt, pm=0.02)",46,198,67165.0,-2302809.12,17685,67165,0.18613688888888894,0.20666666666666667
"Baseline (k=3, 2pt, pm=0.02)",46,199,67165.0,-3369532.3266666667,17685,67165,0.18690666666666667,0.2533333333333333
"Baseline (k=3, 2pt, pm=0.02)",46,200,67165.0,-2289171.3933333335,17685,67165,0.19597066666666663,0.20666666666666667
Tournament k=2,42,0,50912.0,-17804451.82,17634,50912,0.4963848888888887,0.54
Tournament k=2,42,1,50912.0,-7534143.206666667,17634,50912,0.4914844444444444,0.3533333333333334
Tournament k=2,42,2,53734.0,-4902732.793333333,17628,53734,0.4853662222222222,0.21333333333333337
Tournament k=2,42,3,53734.0,-3918501.88,17628,53734,0.48108799999999996,0.23333333333333328
Tournament k=2,42,4,53734.0,-2098240.48,17628,53734,0.4756862222222222,0.11333333333333329
Tournament k=2,42,5,53734.0,-2506375.973333333,17628,53734,0.46294311111111114,0.16000000000000003
Tournament k=2,42,6,57885.0,-1485432.6133333333,16785,57885,0.45337066666666653,0.11333333333333329
Tournament k=2,42,7,57885.0,-2629739.7466666666,16785,57885,0.44756,0.16000000000000003
Tournament k=2,42,8,58865.0,-1780871.22,16815,58865,0.43544799999999995,0.14
Tournament k=2,42,9,58865.0,-2198164.5933333333,16815,58865,0.43041688888888885,0.18666666666666665
Tournament k=2,42,10,58865.0,-2444828.8533333335,16815,58865,0.4184764444444445,0.16666666666666663
Tournament k=2,42,11,58865.0,-2012781.94,16815,58865,0.4105839999999999,0.15333333333333332
Tournament k=2,42,12,58865.0,-1864730.6133333333,16815,58865,0.40036444444444463,0.10666666666666669
Tournament k=2,42,13,60040.0,-2058055.3066666666,16620,60040,0.39618666666666685,0.1266666666666667
Tournament k=2,42,14,61220.0,-1489534.9733333334,17580,61220,0.3832266666666666,0.12
Tournament k=2,42,15,61220.0,-1713036.8266666667,17580,61220,0.36899555555555574,0.1333333333333333
Tournament k=2,42,16,63546.0,-1715656.0666666667,17682,63546,0.34632000000000007,0.12
Tournament k=2,42,17,63546.0,-2129249.9066666667,17682,63546,0.33484533333333333,0.16000000000000003
Tournament k=2,42,18,63546.0,-2270592.3133333335,17682,63546,0.32695999999999986,0.15333333333333332
Tournament k=2,42,19,63546.0,-2484814.3866666667,17682,63546,0.32531022222222206,0.16000000000000003
Tournament k=2,42,20,63546.0,-2365653.02,17682,63546,0.3177288888888887,0.1466666666666666
Tournament k=2,42,21,63546.0,-2098688.08,17682,63546,0.3204906666666666,0.16000000000000003
Tournament k=2,42,22,64408.0,-2787819.526666667,17616,64408,0.306551111111111,0.18666666666666665
Tournament k=2,42,23,64408.0,-2400557.066666667,17616,64408,0.31009511111111115,0.16666666666666663
Tournament k=2,42,24,64408.0,-1372910.4333333333,17616,64408,0.3008204444444445,0.15333333333333332
Tournament k=2,42,25,64408.0,-1801221.5666666667,17616,64408,0.29461688888888893,0.14
Tournament k=2,42,26,64408.0,-1339954.1733333333,17616,64408,0.2899617777777777,0.16666666666666663
Tournament k=2,42,27,64408.0,-1808058.3333333333,17616,64408,0.2893875555555556,0.1266666666666667
Tournament k=2,42,28,64408.0,-2235994.16,17616,64408,0.2839306666666667,0.19333333333333336
Tournament k=2,42,29,64408.0,-1751975.5733333332,17616,64408,0.28655199999999986,0.16000000000000003
Tournament k=2,42,30,64408.0,-1555785.2933333332,17616,64408,0.291696888888889,0.1333333333333333
Tournament k=2,42,31,64408.0,-1874895.7133333334,17616,64408,0.2957635555555555,0.19333333333333336
Tournament k=2,42,32,64904.0,-2618098.32,17508,64904,0.3023617777777778,0.16000000000000003
Tournament k=2,42,33,64904.0,-3255284.6133333333,17508,64904,0.29429333333333335,0.19999999999999996
Tournament k=2,42,34,64904.0,-2526911.48,17508,64904,0.2962284444444445,0.18000000000000005
Tournament k=2,42,35,64904.0,-1111106.82,17508,64904,0.2987368888888889,0.12
Tournament k=2,42,36,64904.0,-4258546.593333334,17508,64904,0.29940355555555564,0.2533333333333333
Tournament k=2,42,37,64904.0,-3270438.56,17508,64904,0.28776711111111125,0.21999999999999997
Tournament k=2,42,38,64904.0,-2820001.2733333334,17508,64904,0.2899662222222222,0.24
Tournament k=2,42,39,64904.0,-2078505.2133333334,17508,64904,0.2899777777777777,0.15333333333333332
Tournament k=2,42,40,64904.0,-2583246.3466666667,17508,64904,0.2935155555555556,0.15333333333333332
Tournament k=2,42,41,64904.0,-3348665.473333333,17508,64904,0.28055911111111104,0.20666666666666667
Tournament k=2,42,42,64904.0,-2234962.8133333335,17508,64904,0.29187377777777784,0.15333333333333332
Tournament k=2,42,43,64904.0,-1756137.32,17508,64904,0.29437866666666684,0.15333333333333332
Tournament k=2,42,44,64904.0,-4222777.1,17508,64904,0.3022444444444445,0.21333333333333337
Tournament k=2,42,45,64904.0,-2449492.66,17508,64904,0.3021253333333334,0.15333333333333332
Tournament k=2,42,46,64904.0,-2662560.8466666667,17508,64904,0.29907466666666666,0.15333333333333332
Tournament k=2,42,47,64904.0,-2554563.84,17508,64904,0.2995208888888889,0.17333333333333334
Tournament k=2,42,48,65152.0,-1422217.84,17454,65152,0.28298844444444443,0.16000000000000003
Tournament k=2,42,49,65152.0,-1618388.5066666666,17454,65152,0.27085866666666664,0.1333333333333333
Tournament k=2,42,50,65152.0,-2399873.1733333333,17454,65152,0.27051733333333344,0.1466666666666666
Tournament k=2,42,51,65152.0,-1610441.02,17454,65152,0.26918488888888886,0.12
Tournament k=2,42,52,65306.0,-1913895.6866666668,16812,65306,0.27483377777777773,0.16000000000000003
Tournament k=2,42,53,65388.0,-2159087.14,17646,65388,0.2781039999999999,0.16666666666666663
Tournament k=2,42,54,65388.0,-2296144.4266666668,17646,65388,0.2908382222222222,0.16666666666666663
Tournament k=2,42,55,65388.0,-1604404.7933333332,17646,65388,0.29576622222222215,0.16000000000000003
Tournament k=2,42,56,65388.0,-2326732.2733333334,17646,65388,0.29633955555555547,0.16000000000000003
Tournament k=2,42,57,65571.0,-2110353.0,17667,65571,0.30302577777777784,0.1333333333333333
Tournament k=2,42,58,66327.0,-2501388.38,17259,66327,0.30124711111111113,0.15333333333333332
Tournament k=2,42,59,66457.0,-2054442.1266666667,17109,66457,0.3045111111111112,0.16666666666666663
Tournament k=2,42,60,66457.0,-1673935.6133333333,17109,66457,0.30464266666666673,0.16666666666666663
Tournament k=2,42,61,66457.0,-2206044.7133333334,17109,66457,0.2909262222222222,0.16666666666666663
Tournament k=2,42,62,66457.0,-2163718.14,17109,66457,0.2912,0.18000000000000005
Tournament k=2,42,63,66457.0,-2029514.96,17109,66457,0.29187555555555567,0.18000000000000005
Tournament k=2,42,64,66457.0,-3268512.16,17109,66457,0.29056444444444457,0.19333333333333336
Tournament k=2,42,65,66457.0,-2884851.453333333,17109,66457,0.2880942222222223,0.19999999999999996
Tournament k=2,42,66,66457.0,-898520.0,17109,66457,0.29230044444444436,0.1333333333333333
Tournament k=2,42,67,66628.0,-1755951.8333333333,17376,66628,0.2857662222222222,0.16000000000000003
Tournament k=2,42,68,66628.0,-2835088.3066666666,17376,66628,0.2845911111111112,0.20666666666666667
Tournament k=2,42,69,66628.0,-2155752.026666667,17376,66628,0.2926915555555554,0.14
Tournament k=2,42,70,66628.0,-1870005.6933333334,17376,66628,0.29415199999999997,0.12
Tournament k=2,42,71,66628.0,-1450572.0133333334,17376,66628,0.286016,0.15333333333333332
Tournament k=2,42,72,66628.0,-2496955.62,17376,66628,0.28417600000000004,0.16666666666666663
Tournament k=2,42,73,66628.0,-3427373.986666667,17376,66628,0.2869662222222222,0.22666666666666668
Tournament k=2,42,74,66628.0,-2910259.6066666665,17376,66628,0.2836631111111112,0.20666666666666667
Tournament k=2,42,75,66628.0,-3283128.1066666665,17376,66628,0.2860275555555556,0.21999999999999997
Tournament k=2,42,76,66628.0,-1315289.2333333334,17376,66628,0.28049511111111103,0.1266666666666667
Tournament k=2,42,77,66628.0,-2372920.6133333333,17376,66628,0.2788702222222223,0.1466666666666666
Tournament k=2,42,78,66628.0,-1625738.0533333332,17376,66628,0.27206222222222226,0.1266666666666667
Tournament k=2,42,79,66628.0,-1671847.52,17376,66628,0.2736684444444444,0.15333333333333332
Tournament k=2,42,80,66628.0,-2669490.7733333334,17376,66628,0.27340800000000004,0.16000000000000003
Tournament k=2,42,81,66628.0,-2041770.46,17376,66628,0.27551200000000003,0.14
Tournament k=2,42,82,66628.0,-2011223.16,17376,66628,0.2726408888888889,0.17333333333333334
Tournament k=2,42,83,66628.0,-2685762.026666667,17376,66628,0.27641422222222234,0.16666666666666663
Tournament k=2,42,84,66628.0,-1306943.5733333332,17376,66628,0.2750506666666667,0.12
Tournament k=2,42,85,66628.0,-1147576.48,17376,66628,0.27807822222222234,0.09999999999999998
Tournament k=2,42,86,66628.0,-2827062.64,17376,66628,0.2704053333333334,0.18000000000000005
Tournament k=2,42,87,66982.0,-2339842.86,17664,66982,0.26345155555555555,0.15333333333333332
Tournament k=2,42,88,66982.0,-1829252.7,17664,66982,0.26153333333333334,0.12
Tournament k=2,42,89,66982.0,-1842947.1266666667,17664,66982,0.25666044444444447,0.18000000000000005
Tournament k=2,42,90,66982.0,-1523389.8066666666,17664,66982,0.2606133333333334,0.15333333333333332
Tournament k=2,42,91,67165.0,-1697275.6533333333,17685,67165,0.2599520000000001,0.1466666666666666
Tournament k=2,42,92,67165.0,-2081954.1,17685,67165,0.26328711111111114,0.1466666666666666
Tournament k=2,42,93,67165.0,-2484577.0733333332,17685,67165,0.26690044444444433,0.19999999999999996
Tournament k=2,42,94,67165.0,-2399186.033333333,17685,67165,0.2685475555555555,0.17333333333333334
Tournament k=2,42,95,67165.0,-2923646.1133333333,17685,67165,0.2757360000000001,0.21999999999999997
Tournament k=2,42,96,67165.0,-2966917.7733333334,17685,67165,0.2874577777777777,0.19999999999999996
Tournament k=2,42,97,67165.0,-2211674.38,17685,67165,0.28727288888888897,0.16000000000000003
Tournament k=2,42,98,67165.0,-3468249.4,17685,67165,0.2828444444444445,0.23333333333333328
Tournament k=2,42,99,67165.0,-2689871.453333333,17685,67165,0.28174933333333324,0.16666666666666663
Tournament k=2,42,100,67165.0,-2742429.7066666665,17685,67165,0.279704,0.18000000000000005
Tournament k=2,42,101,67165.0,-1961766.1533333333,17685,67165,0.2720657777777778,0.16666666666666663
Tournament k=2,42,102,67165.0,-1846111.0266666666,17685,67165,0.27128088888888896,0.15333333333333332
Tournament k=2,42,103,67165.0,-1495122.9933333334,17685,67165,0.26724444444444456,0.1466666666666666
Tournament k=2,42,104,67165.0,-3124309.3,17685,67165,0.27154666666666666,0.21999999999999997
Tournament k=2,42,105,67165.0,-2222244.046666667,17685,67165,0.27153688888888877,0.18000000000000005
Tournament k=2,42,106,67165.0,-1423317.1066666667,17685,67165,0.2633573333333334,0.14
Tournament k=2,42,107,67165.0,-1439863.6866666668,17685,67165,0.261495111111111,0.1333333333333333
Tournament k=2,42,108,67165.0,-2421902.7466666666,17685,67165,0.2728257777777777,0.16666666666666663
Tournament k=2,42,109,67165.0,-2778823.446666667,17685,67165,0.2641964444444445,0.17333333333333334
Tournament k=2,42,110,67165.0,-2635982.28,17685,67165,0.2601253333333334,0.16666666666666663
Tournament k=2,42,111,67165.0,-3210496.8866666667,17685,67165,0.2610097777777777,0.19333333333333336
Tournament k=2,42,112,67165.0,-3901629.2066666665,17685,67165,0.249656,0.21333333333333337
Tournament k=2,42,113,67165.0,-2051609.4466666668,17685,67165,0.24725244444444447,0.15333333333333332
Tournament k=2,42,114,67165.0,-1914005.34,17685,67165,0.23531911111111126,0.18666666666666665
Tournament k=2,42,115,67165.0,-2113655.38,17685,67165,0.23274400000000015,0.15333333333333332
Tournament k=2,42,116,67165.0,-2056938.6333333333,17685,67165,0.23977688888888898,0.1333333333333333
Tournament k=2,42,117,67165.0,-2009732.46,17685,67165,0.23455644444444443,0.18000000000000005
Tournament k=2,42,118,67165.0,-2052849.8866666667,17685,67165,0.2360293333333334,0.18666666666666665
Tournament k=2,42,119,67165.0,-1799134.14,17685,67165,0.2456515555555556,0.15333333333333332
Tournament k=2,42,120,67165.0,-1719259.68,17685,67165,0.25061333333333335,0.16666666666666663
Tournament k=2,42,121,67165.0,-2368391.94,17685,67165,0.2584506666666667,0.19999999999999996
Tournament k=2,42,122,67165.0,-2243197.26,17685,67165,0.2573271111111112,0.16666666666666663
Tournament k=2,42,123,67165.0,-2005715.82,17685,67165,0.2566933333333335,0.1466666666666666
Tournament k=2,42,124,67165.0,-1997354.0933333333,17685,67165,0.2441191111111112,0.16000000000000003
Tournament k=2,42,125,67165.0,-2254148.7333333334,17685,67165,0.23989688888888888,0.17333333333333334
Tournament k=2,42,126,67165.0,-2531596.973333333,17685,67165,0.23711911111111103,0.21333333333333337
Tournament k=2,42,127,67165.0,-3077342.58,17685,67165,0.24749511111111114,0.19333333333333336
Tournament k=2,42,128,67165.0,-2969264.62,17685,67165,0.24540355555555557,0.18666666666666665
Tournament k=2,42,129,67165.0,-2562134.76,17685,67165,0.23021955555555554,0.18000000000000005
Tournament k=2,42,130,67165.0,-1670144.0933333333,17685,67165,0.2402364444444444,0.18000000000000005
Tournament k=2,42,131,67165.0,-2970977.6533333333,17685,67165,0.23851111111111117,0.18000000000000005
Tournament k=2,42,132,67165.0,-2033417.78,17685,67165,0.24158844444444458,0.14
Tournament k=2,42,133,67165.0,-1881344.2866666666,17685,67165,0.2400755555555557,0.16000000000000003
Tournament k=2,42,134,67165.0,-1830857.1866666668,17685,67165,0.2464924444444445,0.15333333333333332
Tournament k=2,42,135,67165.0,-1584946.4066666667,17685,67165,0.24802755555555564,0.16000000000000003
Tournament k=2,42,136,67165.0,-1626764.1133333333,17685,67165,0.2542444444444444,0.14
Tournament k=2,42,137,67165.0,-597409.1,17685,67165,0.2446373333333334,0.07333333333333336
Tournament k=2,42,138,67165.0,-499599.44,17685,67165,0.2377795555555555,0.06000000000000005
Tournament k=2,42,139,67165.0,-3580912.2533333334,17685,67165,0.24552000000000004,0.24
Tournament k=2,42,140,67165.0,-1714791.3533333333,17685,67165,0.2473235555555556,0.15333333333333332
Tournament k=2,42,141,67165.0,-1750025.9066666667,17685,67165,0.23950933333333332,0.1266666666666667
Tournament k=2,42,142,67165.0,-1695822.52,17685,67165,0.22583288888888883,0.18666666666666665
Tournament k=2,42,143,67165.0,-2213285.96,17685,67165,0.22590577777777796,0.18666666666666665
Tournament k=2,42,144,67165.0,-2718940.02,17685,67165,0.23114044444444437,0.16666666666666663
Tournament k=2,42,145,67165.0,-1175730.5266666666,17685,67165,0.2311617777777778,0.09333333333333338
Tournament k=2,42,146,67165.0,-2014760.0133333334,17685,67165,0.2311528888888889,0.18666666666666665
Tournament k=2,42,147,67165.0,-2801457.2066666665,17685,67165,0.23691288888888895,0.18000000000000005
Tournament k=2,42,148,67165.0,-1807558.06,17685,67165,0.24251911111111116,0.16666666666666663
Tournament k=2,42,149,67165.0,-2670067.006666667,17685,67165,0.24493244444444442,0.15333333333333332
Tournament k=2,42,150,67165.0,-3030517.52,17685,67165,0.2532631111111112,0.17333333333333334
Tournament k=2,42,151,67165.0,-3748387.493333333,17685,67165,0.2514417777777778,0.24
Tournament k=2,42,152,67165.0,-2993618.3666666667,17685,67165,0.2576551111111113,0.18666666666666665
Tournament k=2,42,153,67165.0,-2670542.6533333333,17685,67165,0.2597991111111111,0.24
Tournament k=2,42,154,67165.0,-3353618.466666667,17685,67165,0.262152888888889,0.23333333333333328
Tournament k=2,42,155,67165.0,-1722423.0133333334,17685,67165,0.2681484444444445,0.14
Tournament k=2,42,156,67165.0,-993835.5333333333,17685,67165,0.2723822222222223,0.08666666666666667
Tournament k=2,42,157,67165.0,-1955774.4133333333,17685,67165,0.25251644444444465,0.18000000000000005
Tournament k=2,42,158,67165.0,-2573714.7933333335,17685,67165,0.24322044444444452,0.22666666666666668
Tournament k=2,42,159,67165.0,-2438884.04,17685,67165,0.23661866666666667,0.16000000000000003
Tournament k=2,42,160,67165.0,-2148998.78,17685,67165,0.24509066666666673,0.16666666666666663
Tournament k=2,42,161,67165.0,-2807764.006666667,17685,67165,0.2504435555555556,0.16000000000000003
Tournament k=2,42,162,67165.0,-1385457.58,17685,67165,0.25186044444444433,0.14
Tournament k=2,42,163,67165.0,-2199735.2466666666,17685,67165,0.25180355555555545,0.18666666666666665
Tournament k=2,42,164,67165.0,-2843358.566666667,17685,67165,0.24912977777777787,0.19999999999999996
Tournament k=2,42,165,67165.0,-2722329.553333333,17685,67165,0.2472275555555556,0.21999999999999997
Tournament k=2,42,166,67165.0,-2428868.7533333334,17685,67165,0.2566026666666667,0.21333333333333337
Tournament k=2,42,167,67165.0,-2933895.6533333333,17685,67165,0.2643715555555556,0.19333333333333336
Tournament k=2,42,168,67165.0,-4375312.56,17685,67165,0.2670035555555555,0.24
Tournament k=2,42,169,67165.0,-2698728.16,17685,67165,0.2665306666666667,0.18666666666666665
Tournament k=2,42,170,67165.0,-1490487.5533333332,17685,67165,0.26932000000000006,0.12
Tournament k=2,42,171,67165.0,-3207500.6333333333,17685,67165,0.26888000000000006,0.21999999999999997
Tournament k=2,42,172,67165.0,-3232396.0733333332,17685,67165,0.26603555555555547,0.19999999999999996
Tournament k=2,42,173,67165.0,-1510385.7333333334,17685,67165,0.2634808888888889,0.11333333333333329
Tournament k=2,42,174,67165.0,-2827887.04,17685,67165,0.2495582222222222,0.16000000000000003
Tournament k=2,42,175,67165.0,-2619208.546666667,17685,67165,0.2475431111111112,0.19333333333333336
Tournament k=2,42,176,67165.0,-2364067.7266666666,17685,67165,0.2502071111111111,0.21999999999999997
Tournament k=2,42,177,67165.0,-2703359.1466666665,17685,67165,0.25314400000000004,0.18666666666666665
Tournament k=2,42,178,67165.0,-2424208.2866666666,17685,67165,0.24765688888888907,0.19333333333333336
Tournament k=2,42,179,67165.0,-2284675.62,17685,67165,0.24690399999999996,0.1466666666666666
Tournament k=2,42,180,67165.0,-1716472.4666666666,17685,67165,0.24935022222222225,0.15333333333333332
Tournament k=2,42,181,67165.0,-2631669.0866666664,17685,67165,0.2507546666666668,0.19999999999999996
Tournament k=2,42,182,67165.0,-1815595.7866666666,17685,67165,0.2516595555555555,0.15333333333333332
Tournament k=2,42,183,67165.0,-1776407.1466666667,17685,67165,0.24973777777777792,0.1466666666666666
Tournament k=2,42,184,67165.0,-1490375.4066666667,17685,67165,0.25384799999999996,0.12
Tournament k=2,42,185,67165.0,-1914563.24,17685,67165,0.25120444444444456,0.16666666666666663
Tournament k=2,42,186,67165.0,-2097026.1266666667,17685,67165,0.2568231111111111,0.16666666666666663
Tournament k=2,42,187,67165.0,-2468135.9066666667,17685,67165,0.26496800000000004,0.19999999999999996
Tournament k=2,42,188,67165.0,-2245700.7866666666,17685,67165,0.26481066666666675,0.17333333333333334
Tournament k=2,42,189,67165.0,-1752109.34,17685,67165,0.25577599999999995,0.1466666666666666
Tournament k=2,42,190,67165.0,-1492903.5133333334,17685,67165,0.2611226666666667,0.12
Tournament k=2,42,191,67165.0,-2157888.98,17685,67165,0.2523111111111111,0.16666666666666663
Tournament k=2,42,192,67165.0,-2161376.5733333332,17685,67165,0.25320088888888886,0.15333333333333332
Tournament k=2,42,193,67165.0,-2397483.8,17685,67165,0.25146577777777784,0.16000000000000003
Tournament k=2,42,194,67165.0,-2196295.8866666667,17685,67165,0.24640444444444448,0.16666666666666663
Tournament k=2,42,195,67165.0,-2400471.3733333335,17685,67165,0.24925866666666674,0.18666666666666665
Tournament k=2,42,196,67165.0,-1988616.82,17685,67165,0.2554844444444446,0.1333333333333333
Tournament k=2,42,197,67165.0,-1811508.8133333332,17685,67165,0.25158488888888897,0.18000000000000005
Tournament k=2,42,198,67165.0,-3068985.26,17685,67165,0.25129244444444443,0.2466666666666667
Tournament k=2,42,199,67165.0,-2843480.7866666666,17685,67165,0.2509937777777777,0.20666666666666667
Tournament k=2,42,200,67165.0,-2437599.433333333,17685,67165,0.23811822222222223,0.2533333333333333
Tournament k=2,43,0,47659.0,-17477563.38,17673,47659,0.4971146666666663,0.4666666666666667
Tournament k=2,43,1,50558.0,-7034250.526666666,17346,50558,0.4925937777777778,0.2866666666666666
Tournament k=2,43,2,50676.0,-3897305.433333333,17442,50676,0.48791022222222197,0.21999999999999997
Tournament k=2,43,3,51786.0,-3415332.1733333333,17322,51786,0.48165155555555567,0.18000000000000005
Tournament k=2,43,4,51786.0,-3288718.033333333,17322,51786,0.4759244444444445,0.20666666666666667
Tournament k=2,43,5,51786.0,-2077038.1666666667,17322,51786,0.46616888888888885,0.1266666666666667
Tournament k=2,43,6,52195.0,-2040461.94,15225,52195,0.4626124444444444,0.14
Tournament k=2,43,7,54143.0,-2191879.34,15531,54143,0.4545724444444443,0.14
Tournament k=2,43,8,54143.0,-2027180.9,15531,54143,0.45300799999999986,0.14
Tournament k=2,43,9,55027.0,-2453082.34,17529,55027,0.444544,0.1333333333333333
Tournament k=2,43,10,56038.0,-1592008.6466666667,15666,56038,0.43045688888888883,0.10666666666666669
Tournament k=2,43,11,57119.0,-687040.1933333334,14883,57119,0.4183315555555556,0.07333333333333336
Tournament k=2,43,12,59272.0,-1133081.6666666667,17274,59272,0.4087857777777777,0.07999999999999996
Tournament k=2,43,13,59809.0,-3102486.046666667,17583,59809,0.40905955555555545,0.17333333333333334
Tournament k=2,43,14,60553.0,-2053014.7066666668,17421,60553,0.39451644444444456,0.18666666666666665
Tournament k=2,43,15,60553.0,-1251046.3666666667,17421,60553,0.38620444444444435,0.09999999999999998
Tournament k=2,43,16,61049.0,-2398269.8,17313,61049,0.37937866666666664,0.17333333333333334
Tournament k=2,43,17,64408.0,-2426945.006666667,17616,64408,0.3633928888888889,0.16000000000000003
Tournament k=2,43,18,64408.0,-2145073.3133333335,17616,64408,0.3577448888888889,0.1466666666666666
Tournament k=2,43,19,64408.0,-1382707.3733333333,17616,64408,0.3498800000000001,0.09333333333333338
Tournament k=2,43,20,64408.0,-1670457.0066666666,17616,64408,0.33652266666666675,0.14
Tournament k=2,43,21,64408.0,-1808975.7866666666,17616,64408,0.33389333333333326,0.14
Tournament k=2,43,22,64408.0,-2549458.98,17616,64408,0.33733422222222226,0.16000000000000003
Tournament k=2,43,23,64408.0,-1919219.72,17616,64408,0.32125688888888887,0.1333333333333333
Tournament k=2,43,24,64916.0,-1548159.7666666666,17262,64916,0.31263111111111114,0.11333333333333329
Tournament k=2,43,25,64916.0,-2269815.553333333,17262,64916,0.3025617777777778,0.18000000000000005
Tournament k=2,43,26,65152.0,-1446270.5266666666,17454,65152,0.30174222222222224,0.1333333333333333
Tournament k=2,43,27,65152.0,-3422030.6466666665,17454,65152,0.3047733333333335,0.23333333333333328
Tournament k=2,43,28,65152.0,-2699610.0933333333,17454,65152,0.31039022222222223,0.16666666666666663
Tournament k=2,43,29,65152.0,-2575942.1266666665,17454,65152,0.3024391111111113,0.18000000000000005
Tournament k=2,43,30,65152.0,-1995242.68,17454,65152,0.28676888888888885,0.11333333333333329
Tournament k=2,43,31,65778.0,-1839531.72,17196,65778,0.2748577777777778,0.1333333333333333
Tournament k=2,43,32,65778.0,-2538394.6933333334,17196,65778,0.2684186666666668,0.16666666666666663
Tournament k=2,43,33,65778.0,-2393904.6133333333,17196,65778,0.2669333333333334,0.19333333333333336
Tournament k=2,43,34,65778.0,-1536997.9466666668,17196,65778,0.26078222222222225,0.1333333333333333
Tournament k=2,43,35,66693.0,-2270337.3466666667,17301,66693,0.2634133333333332,0.16000000000000003
Tournament k=2,43,36,66693.0,-1663941.9266666668,17301,66693,0.2669706666666665,0.18666666666666665
Tournament k=2,43,37,66693.0,-2582222.24,17301,66693,0.2710177777777778,0.17333333333333334
Tournament k=2,43,38,66693.0,-1297351.18,17301,66693,0.2681733333333334,0.14
Tournament k=2,43,39,66693.0,-2004329.8466666667,17301,66693,0.26937244444444447,0.16666666666666663
Tournament k=2,43,40,66693.0,-2766663.7466666666,17301,66693,0.2609244444444444,0.17333333333333334
Tournament k=2,43,41,66693.0,-2079765.34,17301,66693,0.2499475555555555,0.14
Tournament k=2,43,42,66746.0,-2530368.026666667,17472,66746,0.24226933333333353,0.18000000000000005
Tournament k=2,43,43,66811.0,-2253946.7,17397,66811,0.2381235555555556,0.16000000000000003
Tournament k=2,43,44,66811.0,-1931172.7733333334,17397,66811,0.23235644444444437,0.16666666666666663
Tournament k=2,43,45,66811.0,-2444204.58,17397,66811,0.23422755555555555,0.17333333333333334
Tournament k=2,43,46,66811.0,-2028040.14,17397,66811,0.23946844444444448,0.18000000000000005
Tournament k=2,43,47,66811.0,-1655929.3066666666,17397,66811,0.23702577777777784,0.14
Tournament k=2,43,48,66982.0,-2001928.42,17664,66982,0.22704266666666661,0.16666666666666663
Tournament k=2,43,49,66982.0,-2250743.84,17664,66982,0.2408195555555556,0.17333333333333334
Tournament k=2,43,50,66982.0,-3153932.2133333334,17664,66982,0.24312622222222235,0.21999999999999997
Tournament k=2,43,51,66982.0,-2920451.7533333334,17664,66982,0.24810222222222234,0.18000000000000005
Tournament k=2,43,52,66982.0,-1939242.5466666666,17664,66982,0.2560124444444445,0.15333333333333332
Tournament k=2,43,53,66982.0,-1850458.4533333334,17664,66982,0.25851644444444444,0.1466666666666666
Tournament k=2,43,54,66982.0,-2476814.8266666667,17664,66982,0.2543022222222223,0.14
Tournament k=2,43,55,66982.0,-2857379.16,17664,66982,0.25693333333333335,0.16666666666666663
Tournament k=2,43,56,66982.0,-2559905.92,17664,66982,0.2586533333333334,0.19333333333333336
Tournament k=2,43,57,66982.0,-2110354.0933333333,17664,66982,0.24928444444444445,0.15333333333333332
Tournament k=2,43,58,66982.0,-2697326.946666667,17664,66982,0.25023555555555554,0.21999999999999997
Tournament k=2,43,59,66982.0,-2119482.2866666666,17664,66982,0.24807822222222226,0.17333333333333334
Tournament k=2,43,60,66982.0,-3129547.1933333334,17664,66982,0.25409333333333334,0.21333333333333337
Tournament k=2,43,61,66982.0,-2074151.0466666666,17664,66982,0.2568275555555556,0.19333333333333336
Tournament k=2,43,62,66982.0,-2140966.92,17664,66982,0.2695795555555555,0.16666666666666663
Tournament k=2,43,63,66982.0,-1803628.0266666666,17664,66982,0.27362755555555546,0.18000000000000005
Tournament k=2,43,64,66982.0,-2585705.533333333,17664,66982,0.2672951111111112,0.18000000000000005
Tournament k=2,43,65,66982.0,-2160585.88,17664,66982,0.26407377777777785,0.15333333333333332
Tournament k=2,43,66,66982.0,-2901989.88,17664,66982,0.2695422222222222,0.19999999999999996
Tournament k=2,43,67,66982.0,-2933704.0866666664,17664,66982,0.2598204444444444,0.24
Tournament k=2,43,68,66982.0,-1878067.5933333333,17664,66982,0.25953333333333334,0.14
Tournament k=2,43,69,67165.0,-2573499.2466666666,17685,67165,0.2623662222222223,0.17333333333333334
Tournament k=2,43,70,67165.0,-2027303.8266666667,17685,67165,0.2773253333333334,0.17333333333333334
Tournament k=2,43,71,67165.0,-1694284.54,17685,67165,0.27788711111111114,0.10666666666666669
Tournament k=2,43,72,67165.0,-2102859.18,17685,67165,0.27953955555555554,0.1333333333333333
Tournament k=2,43,73,67165.0,-2406667.8066666666,17685,67165,0.2834728888888888,0.18666666666666665
Tournament k=2,43,74,67165.0,-2404497.9266666668,17685,67165,0.2857813333333334,0.18000000000000005
Tournament k=2,43,75,67165.0,-1468322.0733333332,17685,67165,0.2931191111111111,0.09999999999999998
Tournament k=2,43,76,67165.0,-2539324.4133333336,17685,67165,0.29135111111111117,0.16666666666666663
Tournament k=2,43,77,67165.0,-2714183.053333333,17685,67165,0.29190133333333346,0.16666666666666663
Tournament k=2,43,78,67165.0,-2178125.1066666665,17685,67165,0.2823582222222223,0.1466666666666666
Tournament k=2,43,79,67165.0,-2610848.12,17685,67165,0.27890666666666664,0.17333333333333334
Tournament k=2,43,80,67165.0,-2484348.8466666667,17685,67165,0.27540266666666674,0.1466666666666666
Tournament k=2,43,81,67165.0,-3396177.1666666665,17685,67165,0.2763173333333334,0.21999999999999997
Tournament k=2,43,82,67165.0,-3471884.9133333336,17685,67165,0.2696213333333332,0.18000000000000005
Tournament k=2,43,83,67165.0,-2215810.0866666664,17685,67165,0.2726311111111112,0.16666666666666663
Tournament k=2,43,84,67165.0,-2734536.84,17685,67165,0.2718435555555556,0.16666666666666663
Tournament k=2,43,85,67165.0,-3099289.2466666666,17685,67165,0.26405066666666654,0.18666666666666665
Tournament k=2,43,86,67165.0,-2879947.76,17685,67165,0.2570675555555557,0.19999999999999996
Tournament k=2,43,87,67165.0,-2015784.52,17685,67165,0.25501511111111114,0.16666666666666663
Tournament k=2,43,88,67165.0,-1207399.3733333333,17685,67165,0.24984622222222222,0.11333333333333329
Tournament k=2,43,89,67165.0,-1971648.38,17685,67165,0.2524640000000001,0.17333333333333334
Tournament k=2,43,90,67165.0,-2830337.8266666667,17685,67165,0.2549786666666667,0.18000000000000005
Tournament k=2,43,91,67165.0,-1287300.08,17685,67165,0.2536213333333333,0.1266666666666667
Tournament k=2,43,92,67165.0,-2024594.5466666666,17685,67165,0.2559191111111111,0.14
Tournament k=2,43,93,67165.0,-2593454.5,17685,67165,0.25857600000000014,0.20666666666666667
Tournament k=2,43,94,67165.0,-3122560.1133333333,17685,67165,0.2523404444444446,0.20666666666666667
Tournament k=2,43,95,67165.0,-2757143.2,17685,67165,0.2595644444444445,0.24
Tournament k=2,43,96,67165.0,-1663536.0066666666,17685,67165,0.2585395555555556,0.15333333333333332
Tournament k=2,43,97,67165.0,-3495928.066666667,17685,67165,0.2619831111111111,0.18666666666666665
Tournament k=2,43,98,67165.0,-1939334.7133333334,17685,67165,0.253952888888889,0.16666666666666663
Tournament k=2,43,99,67165.0,-2314789.1666666665,17685,67165,0.25245155555555565,0.15333333333333332
Tournament k=2,43,100,67165.0,-1974246.14,17685,67165,0.2502204444444445,0.12
Tournament k=2,43,101,67165.0,-1797464.32,17685,67165,0.26186311111111116,0.1466666666666666
Tournament k=2,43,102,67165.0,-3271650.58,17685,67165,0.26395911111111103,0.18666666666666665
Tournament k=2,43,103,67165.0,-2014153.1533333333,17685,67165,0.2645075555555556,0.1333333333333333
Tournament k=2,43,104,67165.0,-2657402.86,17685,67165,0.2666977777777777,0.20666666666666667
Tournament k=2,43,105,67165.0,-2476252.02,17685,67165,0.2592622222222223,0.17333333333333334
Tournament k=2,43,106,67165.0,-2212173.993333333,17685,67165,0.2540293333333334,0.19999999999999996
Tournament k=2,43,107,67165.0,-1861485.1933333334,17685,67165,0.24324800000000002,0.16666666666666663
Tournament k=2,43,108,67165.0,-2561167.98,17685,67165,0.23714844444444444,0.18000000000000005
Tournament k=2,43,109,67165.0,-2246176.74,17685,67165,0.23767911111111106,0.20666666666666667
Tournament k=2,43,110,67165.0,-3406276.513333333,17685,67165,0.2425173333333333,0.21999999999999997
Tournament k=2,43,111,67165.0,-2118981.22,17685,67165,0.2441964444444444,0.19333333333333336
Tournament k=2,43,112,67165.0,-1892514.92,17685,67165,0.24959733333333348,0.16000000000000003
Tournament k=2,43,113,67165.0,-3523712.8266666667,17685,67165,0.25455466666666665,0.19999999999999996
Tournament k=2,43,114,67165.0,-2014004.0466666666,17685,67165,0.26084622222222226,0.16000000000000003
Tournament k=2,43,115,67165.0,-2591341.553333333,17685,67165,0.2674817777777778,0.18666666666666665
Tournament k=2,43,116,67165.0,-2223688.6533333333,17685,67165,0.259720888888889,0.18000000000000005
Tournament k=2,43,117,67165.0,-1685208.8466666667,17685,67165,0.257800888888889,0.1466666666666666
Tournament k=2,43,118,67165.0,-829029.5466666666,17685,67165,0.25520266666666674,0.12
Tournament k=2,43,119,67165.0,-1087618.76,17685,67165,0.2567635555555556,0.1466666666666666
Tournament k=2,43,120,67165.0,-2545226.3066666666,17685,67165,0.2603608888888888,0.20666666666666667
Tournament k=2,43,121,67165.0,-1896821.72,17685,67165,0.2742213333333333,0.18666666666666665
Tournament k=2,43,122,67165.0,-2284956.2866666666,17685,67165,0.2731111111111112,0.18000000000000005
Tournament k=2,43,123,67165.0,-2346758.8466666667,17685,67165,0.2712915555555556,0.20666666666666667
Tournament k=2,43,124,67165.0,-2941501.8666666667,17685,67165,0.2699155555555555,0.20666666666666667
Tournament k=2,43,125,67165.0,-3029435.1266666665,17685,67165,0.2718764444444444,0.21999999999999997
Tournament k=2,43,126,67165.0,-3480863.22,17685,67165,0.2735484444444445,0.22666666666666668
Tournament k=2,43,127,67165.0,-2584965.74,17685,67165,0.2595848888888889,0.21999999999999997
Tournament k=2,43,128,67165.0,-2544377.4066666667,17685,67165,0.26586666666666675,0.18000000000000005
Tournament k=2,43,129,67165.0,-2878607.42,17685,67165,0.2527431111111111,0.22666666666666668
Tournament k=2,43,130,67165.0,-2299617.38,17685,67165,0.24682844444444438,0.21333333333333337
Tournament k=2,43,131,67165.0,-2517003.566666667,17685,67165,0.24537955555555577,0.21333333333333337
Tournament k=2,43,132,67165.0,-2582657.3,17685,67165,0.2579964444444444,0.18000000000000005
Tournament k=2,43,133,67165.0,-2212867.3266666667,17685,67165,0.25539644444444454,0.16000000000000003
Tournament k=2,43,134,67165.0,-2386811.7666666666,17685,67165,0.25482844444444447,0.21333333333333337
Tournament k=2,43,135,67165.0,-2122352.3666666667,17685,67165,0.25568711111111114,0.17333333333333334
Tournament k=2,43,136,67165.0,-2221190.32,17685,67165,0.25463466666666673,0.16666666666666663
Tournament k=2,43,137,67165.0,-1919676.44,17685,67165,0.263496888888889,0.14
Tournament k=2,43,138,67165.0,-2132393.2866666666,17685,67165,0.26443377777777777,0.14
Tournament k=2,43,139,67165.0,-2562002.1733333333,17685,67165,0.2710266666666665,0.1333333333333333
Tournament k=2,43,140,67165.0,-2066302.9466666668,17685,67165,0.26479199999999997,0.1466666666666666
Tournament k=2,43,141,67165.0,-2573381.02,17685,67165,0.2585093333333333,0.21333333333333337
Tournament k=2,43,142,67165.0,-2471566.066666667,17685,67165,0.2553262222222223,0.18000000000000005
Tournament k=2,43,143,67165.0,-2383888.3133333335,17685,67165,0.2550595555555555,0.1466666666666666
Tournament k=2,43,144,67165.0,-1548395.38,17685,67165,0.2618115555555556,0.16000000000000003
Tournament k=2,43,145,67165.0,-1726478.4266666668,17685,67165,0.26258666666666675,0.16000000000000003
Tournament k=2,43,146,67165.0,-2417154.6666666665,17685,67165,0.2619457777777778,0.16000000000000003
Tournament k=2,43,147,67165.0,-2640696.4133333336,17685,67165,0.26413777777777775,0.19999999999999996
Tournament k=2,43,148,67165.0,-2473200.506666667,17685,67165,0.26912888888888886,0.19333333333333336
Tournament k=2,43,149,67165.0,-3121064.526666667,17685,67165,0.2762071111111112,0.20666666666666667
Tournament k=2,43,150,67165.0,-1098175.5133333334,17685,67165,0.2775955555555556,0.1466666666666666
Tournament k=2,43,151,67165.0,-3011271.04,17685,67165,0.27553777777777777,0.22666666666666668
Tournament k=2,43,152,67165.0,-2447478.8466666667,17685,67165,0.2782062222222222,0.16666666666666663
Tournament k=2,43,153,67165.0,-2492287.66,17685,67165,0.2855635555555557,0.18666666666666665
Tournament k=2,43,154,67165.0,-963992.2466666667,17685,67165,0.28111911111111104,0.09333333333333338
Tournament k=2,43,155,67165.0,-1766439.5533333332,17685,67165,0.27626488888888906,0.15333333333333332
Tournament k=2,43,156,67165.0,-1693142.5666666667,17685,67165,0.2839955555555555,0.14
Tournament k=2,43,157,67165.0,-1770481.64,17685,67165,0.28638666666666684,0.14
Tournament k=2,43,158,67165.0,-1595066.08,17685,67165,0.28210577777777773,0.09999999999999998
Tournament k=2,43,159,67165.0,-1590810.3666666667,17685,67165,0.2691342222222222,0.08666666666666667
Tournament k=2,43,160,67165.0,-2502873.7,17685,67165,0.2660008888888889,0.16666666666666663
Tournament k=2,43,161,67165.0,-1682165.7866666666,17685,67165,0.26365511111111123,0.16000000000000003
Tournament k=2,43,162,67165.0,-2289070.8866666667,17685,67165,0.26300622222222225,0.19333333333333336
Tournament k=2,43,163,67165.0,-2105871.8333333335,17685,67165,0.25875111111111115,0.17333333333333334
Tournament k=2,43,164,67165.0,-2244114.9266666668,17685,67165,0.25903644444444435,0.21333333333333337
Tournament k=2,43,165,67165.0,-1911778.0066666666,17685,67165,0.26107200000000025,0.1333333333333333
Tournament k=2,43,166,67165.0,-2194805.82,17685,67165,0.2625875555555556,0.18000000000000005
Tournament k=2,43,167,67165.0,-3286737.946666667,17685,67165,0.2544391111111111,0.18666666666666665
Tournament k=2,43,168,67165.0,-2892247.7,17685,67165,0.25666133333333346,0.16666666666666663
Tournament k=2,43,169,67165.0,-1767870.7066666668,17685,67165,0.24377155555555563,0.15333333333333332
Tournament k=2,43,170,67165.0,-1824826.0933333333,17685,67165,0.24678844444444445,0.17333333333333334
Tournament k=2,43,171,67165.0,-3364858.3733333335,17685,67165,0.2504026666666668,0.18666666666666665
Tournament k=2,43,172,67165.0,-2562805.953333333,17685,67165,0.24570400000000003,0.18000000000000005
Tournament k=2,43,173,67165.0,-2195926.3533333335,17685,67165,0.24731644444444456,0.16000000000000003
Tournament k=2,43,174,67165.0,-2742396.66,17685,67165,0.2494746666666668,0.16666666666666663
Tournament k=2,43,175,67165.0,-1326015.7266666666,17685,67165,0.25403377777777775,0.1333333333333333
Tournament k=2,43,176,67165.0,-1827590.7333333334,17685,67165,0.24418488888888887,0.18000000000000005
Tournament k=2,43,177,67165.0,-2741591.3866666667,17685,67165,0.24110577777777775,0.18666666666666665
Tournament k=2,43,178,67165.0,-2603122.42,17685,67165,0.2424791111111112,0.17333333333333334
Tournament k=2,43,179,67165.0,-1984843.1733333333,17685,67165,0.2545253333333336,0.11333333333333329
Tournament k=2,43,180,67165.0,-2796389.8866666667,17685,67165,0.2610275555555557,0.19999999999999996
Tournament k=2,43,181,67165.0,-2606625.76,17685,67165,0.25759111111111116,0.19333333333333336
Tournament k=2,43,182,67165.0,-1841724.9666666666,17685,67165,0.25440266666666655,0.16000000000000003
Tournament k=2,43,183,67165.0,-2063357.3066666666,17685,67165,0.24859555555555565,0.14
Tournament k=2,43,184,67165.0,-2357797.433333333,17685,67165,0.23817155555555558,0.19999999999999996
Tournament k=2,43,185,67165.0,-1278504.6466666667,17685,67165,0.23853600000000003,0.12
Tournament k=2,43,186,67165.0,-2618863.4266666668,17685,67165,0.24273066666666665,0.22666666666666668
Tournament k=2,43,187,67165.0,-3177335.553333333,17685,67165,0.25138222222222245,0.20666666666666667
Tournament k=2,43,188,67165.0,-1305770.8666666667,17685,67165,0.2489306666666667,0.16000000000000003
Tournament k=2,43,189,67165.0,-1528855.9266666668,17685,67165,0.24241955555555567,0.1266666666666667
Tournament k=2,43,190,67165.0,-2075266.2533333334,17685,67165,0.2373528888888888,0.17333333333333334
Tournament k=2,43,191,67165.0,-2076251.2,17685,67165,0.24318488888888898,0.16000000000000003
Tournament k=2,43,192,67165.0,-1911367.0533333332,17685,67165,0.24536622222222224,0.14
Tournament k=2,43,193,67165.0,-1584169.8533333333,17685,67165,0.2463733333333333,0.14
Tournament k=2,43,194,67165.0,-3172137.14,17685,67165,0.24063466666666666,0.21999999999999997
Tournament k=2,43,195,67165.0,-2701376.533333333,17685,67165,0.2545475555555555,0.16000000000000003
Tournament k=2,43,196,67165.0,-1842972.4866666666,17685,67165,0.25615200000000005,0.17333333333333334
Tournament k=2,43,197,67165.0,-2274315.2733333334,17685,67165,0.25307911111111125,0.17333333333333334
Tournament k=2,43,198,67165.0,-1973791.42,17685,67165,0.25205511111111106,0.16000000000000003
Tournament k=2,43,199,67165.0,-2433825.6133333333,17685,67165,0.2607191111111111,0.15333333333333332
Tournament k=2,43,200,67165.0,-2575699.9066666667,17685,67165,0.26113866666666674,0.17333333333333334
Tournament k=2,44,0,51993.0,-14890690.52,16851,51993,0.4965537777777776,0.4866666666666667
Tournament k=2,44,1,51993.0,-5843229.366666666,16851,51993,0.4897751111111112,0.30000000000000004
Tournament k=2,44,2,52489.0,-2927476.0933333333,16743,52489,0.48048711111111125,0.21999999999999997
Tournament k=2,44,3,54295.0,-1793884.3333333333,17445,54295,0.4716399999999997,0.1466666666666666
Tournament k=2,44,4,54295.0,-2828666.8933333335,17445,54295,0.4663751111111112,0.19333333333333336
Tournament k=2,44,5,56298.0,-2589560.0933333333,15366,56298,0.46006844444444434,0.18000000000000005
Tournament k=2,44,6,56298.0,-3212722.72,15366,56298,0.4562782222222223,0.20666666666666667
Tournament k=2,44,7,57312.0,-2896782.973333333,17214,57312,0.4446746666666669,0.18666666666666665
Tournament k=2,44,8,57312.0,-2541606.3666666667,17214,57312,0.43244800000000005,0.19999999999999996
Tournament k=2,44,9,59698.0,-1978813.8266666667,16086,59698,0.42306577777777804,0.19333333333333336
Tournament k=2,44,10,59698.0,-1924015.76,16086,59698,0.419361777777778,0.16666666666666663
Tournament k=2,44,11,59698.0,-1989476.32,16086,59698,0.4112986666666667,0.15333333333333332
Tournament k=2,44,12,59698.0,-1389405.06,16086,59698,0.4032817777777777,0.11333333333333329
Tournament k=2,44,13,62826.0,-1967011.38,17352,62826,0.3889502222222225,0.11333333333333329
Tournament k=2,44,14,63611.0,-1487822.5133333334,17607,63611,0.37385244444444454,0.1266666666666667
Tournament k=2,44,15,63611.0,-3733562.6666666665,17607,63611,0.35257066666666675,0.19999999999999996
Tournament k=2,44,16,63611.0,-2062876.0133333334,17607,63611,0.3489866666666667,0.12
Tournament k=2,44,17,63611.0,-1374361.2133333334,17607,63611,0.332119111111111,0.11333333333333329
Tournament k=2,44,18,63794.0,-2188144.053333333,17628,63794,0.32307377777777774,0.16666666666666663
Tournament k=2,44,19,63794.0,-2693563.526666667,17628,63794,0.31541688888888886,0.16666666666666663
Tournament k=2,44,20,63794.0,-2879084.5,17628,63794,0.29818488888888883,0.2466666666666667
Tournament k=2,44,21,64379.0,-2588054.966666667,16953,64379,0.2926906666666666,0.21333333333333337
Tournament k=2,44,22,64379.0,-2760189.973333333,16953,64379,0.278792,0.21999999999999997
Tournament k=2,44,23,64379.0,-2761155.3533333335,16953,64379,0.273856,0.18666666666666665
Tournament k=2,44,24,64379.0,-2048021.7266666666,16953,64379,0.2574,0.15333333333333332
Tournament k=2,44,25,64379.0,-1778331.6133333333,16953,64379,0.25419911111111115,0.15333333333333332
Tournament k=2,44,26,64379.0,-1747348.2066666668,16953,64379,0.2656826666666666,0.14
Tournament k=2,44,27,64379.0,-2277183.94,16953,64379,0.27059022222222223,0.19333333333333336
Tournament k=2,44,28,64379.0,-1455117.2533333334,16953,64379,0.28053155555555565,0.16666666666666663
Tournament k=2,44,29,64379.0,-2065942.66,16953,64379,0.27914400000000006,0.18666666666666665
Tournament k=2,44,30,64721.0,-1851178.1133333333,17487,64721,0.28152444444444436,0.15333333333333332
Tournament k=2,44,31,64721.0,-2750070.6,17487,64721,0.27780177777777787,0.18666666666666665
Tournament k=2,44,32,64721.0,-1997319.8,17487,64721,0.272088,0.1333333333333333
Tournament k=2,44,33,65949.0,-1762002.6333333333,17463,65949,0.27357244444444456,0.1266666666666667
Tournament k=2,44,34,65949.0,-3003462.68,17463,65949,0.2742684444444445,0.19333333333333336
Tournament k=2,44,35,65949.0,-2828291.04,17463,65949,0.283816,0.16000000000000003
Tournament k=2,44,36,65949.0,-1354229.5,17463,65949,0.28902666666666676,0.1333333333333333
Tournament k=2,44,37,65949.0,-1627997.5133333334,17463,65949,0.2948533333333335,0.1333333333333333
Tournament k=2,44,38,65949.0,-2184726.493333333,17463,65949,0.28942222222222236,0.14
Tournament k=2,44,39,65949.0,-2228927.62,17463,65949,0.2945591111111113,0.16666666666666663
Tournament k=2,44,40,65949.0,-1988065.66,17463,65949,0.2936551111111113,0.15333333333333332
Tournament k=2,44,41,65949.0,-1570220.5266666666,17463,65949,0.28971199999999997,0.11333333333333329
Tournament k=2,44,42,65949.0,-2410900.3733333335,17463,65949,0.2867351111111112,0.20666666666666667
Tournament k=2,44,43,65949.0,-1515671.6266666667,17463,65949,0.29029066666666675,0.1466666666666666
Tournament k=2,44,44,65949.0,-1506718.44,17463,65949,0.2978826666666665,0.1266666666666667
Tournament k=2,44,45,65949.0,-1807820.44,17463,65949,0.29431111111111113,0.1333333333333333
Tournament k=2,44,46,65949.0,-1431896.3133333332,17463,65949,0.2873484444444444,0.16000000000000003
Tournament k=2,44,47,65949.0,-1854667.8533333333,17463,65949,0.2847413333333333,0.15333333333333332
Tournament k=2,44,48,65949.0,-1537453.66,17463,65949,0.27975555555555565,0.16666666666666663
Tournament k=2,44,49,65949.0,-1784564.0333333334,17463,65949,0.2699342222222223,0.18000000000000005
Tournament k=2,44,50,65949.0,-2721232.2533333334,17463,65949,0.27302488888888876,0.19999999999999996
Tournament k=2,44,51,66067.0,-1837566.64,17559,66067,0.2787057777777779,0.09999999999999998
Tournament k=2,44,52,66067.0,-1750290.4666666666,17559,66067,0.2736888888888888,0.1466666666666666
Tournament k=2,44,53,66067.0,-2422731.4266666668,17559,66067,0.27256355555555556,0.17333333333333334
Tournament k=2,44,54,66067.0,-2424997.44,17559,66067,0.27958755555555564,0.18000000000000005
Tournament k=2,44,55,66067.0,-2416441.7133333334,17559,66067,0.2773173333333332,0.22666666666666668
Tournament k=2,44,56,66067.0,-2783697.3266666667,17559,66067,0.2808666666666667,0.17333333333333334
Tournament k=2,44,57,66185.0,-1942382.8466666667,17655,66185,0.27827111111111097,0.18000000000000005
Tournament k=2,44,58,66185.0,-1978980.72,17655,66185,0.2791902222222223,0.19333333333333336
Tournament k=2,44,59,66185.0,-2548937.32,17655,66185,0.2840337777777777,0.19333333333333336
Tournament k=2,44,60,66185.0,-3169515.84,17655,66185,0.2785937777777778,0.19999999999999996
Tournament k=2,44,61,66185.0,-2325539.6,17655,66185,0.2820142222222224,0.17333333333333334
Tournament k=2,44,62,66185.0,-2811606.16,17655,66185,0.2869466666666667,0.19999999999999996
Tournament k=2,44,63,66185.0,-3083306.046666667,17655,66185,0.2934213333333333,0.21333333333333337
Tournament k=2,44,64,66185.0,-2396917.9133333336,17655,66185,0.29030222222222224,0.19999999999999996
Tournament k=2,44,65,66185.0,-2179299.2733333334,17655,66185,0.283064,0.22666666666666668
Tournament k=2,44,66,66185.0,-2360050.74,17655,66185,0.29280355555555554,0.15333333333333332
Tournament k=2,44,67,66368.0,-3172049.2666666666,17676,66368,0.2870560000000001,0.26
Tournament k=2,44,68,66433.0,-2945311.7333333334,17601,66433,0.2889582222222222,0.18000000000000005
Tournament k=2,44,69,66433.0,-2480988.26,17601,66433,0.2848151111111111,0.22666666666666668
Tournament k=2,44,70,66433.0,-2751910.5733333332,17601,66433,0.2768515555555555,0.21333333333333337
Tournament k=2,44,71,66433.0,-2210815.1266666665,17601,66433,0.27330044444444446,0.18000000000000005
Tournament k=2,44,72,66433.0,-1912883.7866666666,17601,66433,0.277208,0.15333333333333332
Tournament k=2,44,73,66433.0,-3587657.98,17601,66433,0.2835102222222224,0.17333333333333334
Tournament k=2,44,74,66433.0,-3939730.4133333336,17601,66433,0.2854026666666667,0.19999999999999996
Tournament k=2,44,75,66433.0,-2633506.6466666665,17601,66433,0.2989386666666668,0.18666666666666665
Tournament k=2,44,76,66433.0,-2723185.32,17601,66433,0.2982497777777778,0.17333333333333334
Tournament k=2,44,77,66433.0,-2201630.18,17601,66433,0.29272533333333345,0.15333333333333332
Tournament k=2,44,78,66433.0,-2483514.2,17601,66433,0.29267911111111106,0.15333333333333332
Tournament k=2,44,79,66433.0,-1917730.0,17601,66433,0.2887200000000001,0.15333333333333332
Tournament k=2,44,80,66433.0,-2528640.38,17601,66433,0.2880399999999999,0.1466666666666666
Tournament k=2,44,81,66433.0,-1948496.3,17601,66433,0.2874115555555557,0.15333333333333332
Tournament k=2,44,82,66433.0,-1208933.8,17601,66433,0.28753422222222225,0.10666666666666669
Tournament k=2,44,83,66433.0,-1985758.48,17601,66433,0.27965688888888895,0.1466666666666666
Tournament k=2,44,84,66433.0,-2138502.3666666667,17601,66433,0.2746222222222222,0.1266666666666667
Tournament k=2,44,85,66433.0,-1171904.52,17601,66433,0.27584977777777786,0.12
Tournament k=2,44,86,66433.0,-1528015.1666666667,17601,66433,0.27140533333333333,0.11333333333333329
Tournament k=2,44,87,66433.0,-2096225.8,17601,66433,0.2685431111111112,0.17333333333333334
Tournament k=2,44,88,66433.0,-1672488.1133333333,17601,66433,0.2652177777777778,0.14
Tournament k=2,44,89,66433.0,-2937395.3933333335,17601,66433,0.26973244444444455,0.19999999999999996
Tournament k=2,44,90,66433.0,-1554586.46,17601,66433,0.27256800000000003,0.15333333333333332
Tournament k=2,44,91,66433.0,-2345787.553333333,17601,66433,0.2709146666666667,0.16666666666666663
Tournament k=2,44,92,66433.0,-1904909.2333333334,17601,66433,0.2691804444444445,0.1266666666666667
Tournament k=2,44,93,66433.0,-1100132.4066666667,17601,66433,0.26944,0.12
Tournament k=2,44,94,66433.0,-1871234.1066666667,17601,66433,0.26852444444444434,0.16000000000000003
Tournament k=2,44,95,66433.0,-2810076.18,17601,66433,0.2811031111111111,0.19999999999999996
Tournament k=2,44,96,66433.0,-2827307.3333333335,17601,66433,0.2739324444444445,0.16000000000000003
Tournament k=2,44,97,66433.0,-1622017.3466666667,17601,66433,0.273768888888889,0.15333333333333332
Tournament k=2,44,98,66433.0,-3088195.34,17601,66433,0.2787324444444446,0.1466666666666666
Tournament k=2,44,99,66433.0,-2888013.3266666667,17601,66433,0.2771404444444444,0.18000000000000005
Tournament k=2,44,100,66433.0,-3031956.18,17601,66433,0.27867644444444445,0.16666666666666663
Tournament k=2,44,101,66616.0,-3571322.04,17622,66616,0.27076177777777777,0.24
Tournament k=2,44,102,66616.0,-2958204.46,17622,66616,0.2737155555555556,0.20666666666666667
Tournament k=2,44,103,66616.0,-2638110.973333333,17622,66616,0.27970311111111107,0.21333333333333337
Tournament k=2,44,104,66616.0,-1556940.86,17622,66616,0.2851848888888889,0.16000000000000003
Tournament k=2,44,105,66616.0,-2146419.046666667,17622,66616,0.2788275555555556,0.1466666666666666
Tournament k=2,44,106,66616.0,-3330035.1933333334,17622,66616,0.27447822222222223,0.21999999999999997
Tournament k=2,44,107,66616.0,-2259296.16,17622,66616,0.27581511111111107,0.18666666666666665
Tournament k=2,44,108,66616.0,-1922441.24,17622,66616,0.2701857777777778,0.18666666666666665
Tournament k=2,44,109,66616.0,-1599246.2466666666,17622,66616,0.2735715555555556,0.12
Tournament k=2,44,110,66616.0,-1765477.42,17622,66616,0.2602266666666667,0.15333333333333332
Tournament k=2,44,111,66616.0,-1761311.32,17622,66616,0.25780800000000004,0.1466666666666666
Tournament k=2,44,112,66616.0,-2545192.453333333,17622,66616,0.25314844444444445,0.1466666666666666
Tournament k=2,44,113,66616.0,-2294220.446666667,17622,66616,0.2651048888888889,0.16000000000000003
Tournament k=2,44,114,66616.0,-2259414.006666667,17622,66616,0.2608195555555556,0.18000000000000005
Tournament k=2,44,115,66616.0,-1357909.42,17622,66616,0.26466666666666677,0.1333333333333333
Tournament k=2,44,116,66616.0,-2375636.933333333,17622,66616,0.26056,0.19999999999999996
Tournament k=2,44,117,66616.0,-1523281.34,17622,66616,0.27289955555555556,0.1466666666666666
Tournament k=2,44,118,66616.0,-2822907.6466666665,17622,66616,0.2671066666666668,0.19333333333333336
Tournament k=2,44,119,66616.0,-1723991.2466666666,17622,66616,0.2722702222222223,0.12
Tournament k=2,44,120,66616.0,-1145528.0333333334,17622,66616,0.26573066666666667,0.09333333333333338
Tournament k=2,44,121,66616.0,-2121016.066666667,17622,66616,0.2640533333333334,0.1333333333333333
Tournament k=2,44,122,66616.0,-2483888.32,17622,66616,0.2609502222222222,0.16000000000000003
Tournament k=2,44,123,66616.0,-2476685.053333333,17622,66616,0.26169866666666664,0.17333333333333334
Tournament k=2,44,124,66616.0,-1809939.38,17622,66616,0.2633351111111111,0.14
Tournament k=2,44,125,66616.0,-2471831.3066666666,17622,66616,0.26207377777777785,0.1466666666666666
Tournament k=2,44,126,66616.0,-1562900.9733333334,17622,66616,0.26262222222222215,0.09999999999999998
Tournament k=2,44,127,66616.0,-2654010.033333333,17622,66616,0.2580462222222221,0.18000000000000005
Tournament k=2,44,128,66616.0,-1727894.6866666668,17622,66616,0.26775377777777787,0.1266666666666667
Tournament k=2,44,129,66616.0,-2744234.96,17622,66616,0.2804328888888889,0.17333333333333334
Tournament k=2,44,130,66616.0,-1707468.2333333334,17622,66616,0.2860844444444444,0.1333333333333333
Tournament k=2,44,131,66616.0,-1583376.38,17622,66616,0.28588888888888886,0.1466666666666666
Tournament k=2,44,132,66616.0,-3320055.9133333336,17622,66616,0.28590311111111116,0.18666666666666665
Tournament k=2,44,133,66616.0,-4255563.86,17622,66616,0.2902195555555555,0.23333333333333328
Tournament k=2,44,134,66616.0,-3466243.7733333334,17622,66616,0.28551377777777787,0.19333333333333336
Tournament k=2,44,135,66616.0,-2123068.06,17622,66616,0.2860880000000002,0.16000000000000003
Tournament k=2,44,136,66616.0,-2351871.3733333335,17622,66616,0.2934871111111112,0.16666666666666663
Tournament k=2,44,137,66616.0,-1774206.86,17622,66616,0.2882488888888888,0.1333333333333333
Tournament k=2,44,138,66616.0,-3097935.1133333333,17622,66616,0.2883848888888889,0.20666666666666667
Tournament k=2,44,139,66616.0,-2613880.8266666667,17622,66616,0.27858933333333336,0.16666666666666663
Tournament k=2,44,140,66616.0,-2162918.3333333335,17622,66616,0.2714533333333333,0.14
Tournament k=2,44,141,66616.0,-2115091.3933333335,17622,66616,0.27324800000000005,0.17333333333333334
Tournament k=2,44,142,66616.0,-1815453.1733333333,17622,66616,0.2822257777777778,0.1266666666666667
Tournament k=2,44,143,66616.0,-2052575.9533333334,17622,66616,0.28571288888888885,0.18000000000000005
Tournament k=2,44,144,66616.0,-2354695.9,17622,66616,0.28306311111111115,0.1466666666666666
Tournament k=2,44,145,66616.0,-2151532.04,17622,66616,0.286008888888889,0.1266666666666667
Tournament k=2,44,146,66616.0,-1579046.82,17622,66616,0.2802533333333333,0.17333333333333334
Tournament k=2,44,147,66616.0,-3534338.4266666668,17622,66616,0.2750515555555555,0.19333333333333336
Tournament k=2,44,148,66616.0,-1599445.5,17622,66616,0.2825831111111111,0.16666666666666663
Tournament k=2,44,149,66616.0,-1272154.92,17622,66616,0.27874044444444446,0.1333333333333333
Tournament k=2,44,150,66616.0,-2234919.2066666665,17622,66616,0.2702524444444445,0.16666666666666663
Tournament k=2,44,151,66616.0,-1775871.94,17622,66616,0.2686408888888889,0.14
Tournament k=2,44,152,66616.0,-1213523.06,17622,66616,0.2704124444444444,0.1466666666666666
Tournament k=2,44,153,66616.0,-1436667.3333333333,17622,66616,0.2701066666666667,0.17333333333333334
Tournament k=2,44,154,66616.0,-2093905.5266666666,17622,66616,0.2728240000000001,0.16000000000000003
Tournament k=2,44,155,66616.0,-2835274.48,17622,66616,0.2807813333333335,0.18666666666666665
Tournament k=2,44,156,66616.0,-2348528.6933333334,17622,66616,0.2878737777777779,0.18666666666666665
Tournament k=2,44,157,66616.0,-2338428.7733333334,17622,66616,0.2877475555555554,0.15333333333333332
Tournament k=2,44,158,66616.0,-2682304.2866666666,17622,66616,0.2944035555555555,0.21999999999999997
Tournament k=2,44,159,66616.0,-2752135.5933333333,17622,66616,0.30425599999999997,0.16666666666666663
Tournament k=2,44,160,66616.0,-2536522.1066666665,17622,66616,0.2956062222222222,0.17333333333333334
Tournament k=2,44,161,66616.0,-1330756.1066666667,17622,66616,0.3000417777777777,0.10666666666666669
Tournament k=2,44,162,66616.0,-1400139.28,17622,66616,0.29466044444444445,0.1333333333333333
Tournament k=2,44,163,66616.0,-2596537.08,17622,66616,0.27550755555555545,0.18000000000000005
Tournament k=2,44,164,66616.0,-2933837.6933333334,17622,66616,0.2746373333333332,0.18000000000000005
Tournament k=2,44,165,66616.0,-3101988.433333333,17622,66616,0.2770657777777778,0.18000000000000005
Tournament k=2,44,166,66616.0,-2169363.033333333,17622,66616,0.26448533333333335,0.12
Tournament k=2,44,167,66616.0,-2292208.053333333,17622,66616,0.25817688888888896,0.16666666666666663
Tournament k=2,44,168,66616.0,-2035288.9866666666,17622,66616,0.25633688888888895,0.15333333333333332
Tournament k=2,44,169,66616.0,-1854549.78,17622,66616,0.24513866666666673,0.1333333333333333
Tournament k=2,44,170,66616.0,-1732480.32,17622,66616,0.24644711111111114,0.19333333333333336
Tournament k=2,44,171,66616.0,-2241010.34,17622,66616,0.25086577777777785,0.18666666666666665
Tournament k=2,44,172,66616.0,-2385310.433333333,17622,66616,0.24946577777777793,0.17333333333333334
Tournament k=2,44,173,66616.0,-1982224.7266666666,17622,66616,0.24954222222222236,0.1466666666666666
Tournament k=2,44,174,66616.0,-1977990.6466666667,17622,66616,0.24953244444444456,0.16000000000000003
Tournament k=2,44,175,66616.0,-1849173.0933333333,17622,66616,0.2339662222222222,0.15333333333333332
Tournament k=2,44,176,66616.0,-1936240.4333333333,17622,66616,0.23806577777777777,0.16666666666666663
Tournament k=2,44,177,66616.0,-1772794.0266666666,17622,66616,0.23576888888888892,0.1333333333333333
Tournament k=2,44,178,66616.0,-1145645.78,17622,66616,0.23460622222222227,0.1466666666666666
Tournament k=2,44,179,66616.0,-1942449.84,17622,66616,0.23610844444444454,0.18000000000000005
Tournament k=2,44,180,66616.0,-2612765.3066666666,17622,66616,0.24244977777777788,0.1466666666666666
Tournament k=2,44,181,66616.0,-1573045.1133333333,17622,66616,0.24072711111111128,0.14
Tournament k=2,44,182,66616.0,-2438566.533333333,17622,66616,0.2391457777777779,0.21999999999999997
Tournament k=2,44,183,66616.0,-2438032.6933333334,17622,66616,0.24800444444444458,0.1466666666666666
Tournament k=2,44,184,66616.0,-2073342.7,17622,66616,0.24373333333333327,0.14
Tournament k=2,44,185,66616.0,-2816029.7866666666,17622,66616,0.2500266666666667,0.19333333333333336
Tournament k=2,44,186,66616.0,-2427581.42,17622,66616,0.25196622222222226,0.21333333333333337
Tournament k=2,44,187,66616.0,-2398496.58,17622,66616,0.2548080000000001,0.18666666666666665
Tournament k=2,44,188,66616.0,-1848440.4466666668,17622,66616,0.24946044444444446,0.14
Tournament k=2,44,189,66616.0,-1579468.92,17622,66616,0.24657511111111108,0.17333333333333334
Tournament k=2,44,190,66616.0,-2273081.24,17622,66616,0.2568053333333333,0.16666666666666663
Tournament k=2,44,191,66616.0,-2838132.96,17622,66616,0.2552595555555556,0.22666666666666668
Tournament k=2,44,192,66616.0,-2806135.98,17622,66616,0.26608977777777776,0.20666666666666667
Tournament k=2,44,193,66616.0,-4099039.1,17622,66616,0.2699075555555555,0.21999999999999997
Tournament k=2,44,194,66616.0,-3677642.946666667,17622,66616,0.26587555555555553,0.21999999999999997
Tournament k=2,44,195,66616.0,-2330993.433333333,17622,66616,0.2615706666666666,0.1466666666666666
Tournament k=2,44,196,66616.0,-1529080.6666666667,17622,66616,0.2606133333333333,0.10666666666666669
Tournament k=2,44,197,66616.0,-1698285.7733333334,17622,66616,0.2628853333333333,0.16000000000000003
Tournament k=2,44,198,66616.0,-1124203.5666666667,17622,66616,0.25856,0.09333333333333338
Tournament k=2,44,199,66616.0,-2872386.006666667,17622,66616,0.26910222222222224,0.21333333333333337
Tournament k=2,44,200,66616.0,-1053650.44,17622,66616,0.27543822222222225,0.07999999999999996
Tournament k=2,45,0,51191.0,-22634740.36,15687,51191,0.49700977777777744,0.5933333333333333
Tournament k=2,45,1,52896.0,-9895690.44,17202,52896,0.49343111111111077,0.36
Tournament k=2,45,2,53811.0,-4388442.62,17307,53811,0.4880044444444443,0.2466666666666667
Tournament k=2,45,3,53811.0,-3250120.16,17307,53811,0.4828115555555555,0.19333333333333336
Tournament k=2,45,4,53811.0,-2160448.8466666667,17307,53811,0.47311111111111115,0.14
Tournament k=2,45,5,53861.0,-2742690.36,13767,53861,0.459375111111111,0.1466666666666666
Tournament k=2,45,6,57105.0,-2336850.18,17685,57105,0.4535786666666667,0.19999999999999996
Tournament k=2,45,7,59809.0,-2007640.66,17583,59809,0.4458266666666667,0.17333333333333334
Tournament k=2,45,8,59809.0,-2064510.7933333332,17583,59809,0.43681066666666646,0.1333333333333333
Tournament k=2,45,9,59809.0,-1428699.9133333333,17583,59809,0.42122577777777775,0.11333333333333329
Tournament k=2,45,10,59809.0,-2305805.013333333,17583,59809,0.4167244444444444,0.16000000000000003
Tournament k=2,45,11,59809.0,-1591062.7866666666,17583,59809,0.41007911111111106,0.10666666666666669
Tournament k=2,45,12,59809.0,-2335908.1466666665,17583,59809,0.39227466666666666,0.1266666666666667
Tournament k=2,45,13,59809.0,-3643656.36,17583,59809,0.3834444444444445,0.15333333333333332
Tournament k=2,45,14,60423.0,-2347836.3333333335,17571,60423,0.37559022222222216,0.1333333333333333
Tournament k=2,45,15,61533.0,-3013024.533333333,17451,61533,0.373999111111111,0.18000000000000005
Tournament k=2,45,16,61533.0,-1759503.2333333334,17451,61533,0.3724835555555557,0.1466666666666666
Tournament k=2,45,17,61935.0,-4916347.1866666665,16755,61935,0.37406133333333336,0.22666666666666668
Tournament k=2,45,18,62879.0,-3070686.38,17523,62879,0.3744773333333334,0.19999999999999996
Tournament k=2,45,19,62879.0,-3209821.066666667,17523,62879,0.37609511111111127,0.18000000000000005
Tournament k=2,45,20,62879.0,-2249486.5933333333,17523,62879,0.3709031111111112,0.1466666666666666
Tournament k=2,45,21,63021.0,-2569316.1533333333,17127,63021,0.36658044444444443,0.17333333333333334
Tournament k=2,45,22,63021.0,-2842146.546666667,17127,63021,0.36504088888888875,0.19999999999999996
Tournament k=2,45,23,63021.0,-1871022.8133333332,17127,63021,0.3597804444444444,0.16000000000000003
Tournament k=2,45,24,63363.0,-3495493.3066666666,17661,63363,0.34807466666666664,0.19333333333333336
Tournament k=2,45,25,64656.0,-1673112.5333333334,17562,64656,0.34339466666666674,0.1333333333333333
Tournament k=2,45,26,64656.0,-1488408.6333333333,17562,64656,0.33797688888888877,0.15333333333333332
Tournament k=2,45,27,64656.0,-2142789.32,17562,64656,0.33870044444444436,0.18000000000000005
Tournament k=2,45,28,64656.0,-1930485.8666666667,17562,64656,0.33792355555555575,0.1466666666666666
Tournament k=2,45,29,64656.0,-2528384.56,17562,64656,0.3337173333333333,0.17333333333333334
Tournament k=2,45,30,64656.0,-3456100.38,17562,64656,0.33237600000000017,0.18666666666666665
Tournament k=2,45,31,64656.0,-1594324.9666666666,17562,64656,0.3279226666666667,0.15333333333333332
Tournament k=2,45,32,64822.0,-2727933.046666667,16674,64822,0.3316088888888889,0.16666666666666663
Tournament k=2,45,33,64822.0,-2881795.546666667,16674,64822,0.33158755555555564,0.19999999999999996
Tournament k=2,45,34,65046.0,-1754192.1333333333,17112,65046,0.3184595555555556,0.15333333333333332
Tournament k=2,45,35,65819.0,-3671249.3333333335,17613,65819,0.3148782222222222,0.23333333333333328
Tournament k=2,45,36,65819.0,-1237666.2066666668,17613,65819,0.3072017777777778,0.11333333333333329
Tournament k=2,45,37,65819.0,-2363885.2933333335,17613,65819,0.3030595555555555,0.16000000000000003
Tournament k=2,45,38,65819.0,-3002035.3733333335,17613,65819,0.3017937777777778,0.19999999999999996
Tournament k=2,45,39,66002.0,-2179765.7666666666,17634,66002,0.30169422222222225,0.16000000000000003
Tournament k=2,45,40,66002.0,-2474762.3466666667,17634,66002,0.29954577777777774,0.23333333333333328
Tournament k=2,45,41,66002.0,-2857695.1933333334,17634,66002,0.297888888888889,0.21333333333333337
Tournament k=2,45,42,66002.0,-2068567.5933333333,17634,66002,0.2969777777777779,0.18000000000000005
Tournament k=2,45,43,66002.0,-2215873.8533333335,17634,66002,0.300128,0.16000000000000003
Tournament k=2,45,44,66002.0,-2039343.9133333333,17634,66002,0.30423466666666654,0.12
Tournament k=2,45,45,66002.0,-1241557.32,17634,66002,0.2980124444444445,0.11333333333333329
Tournament k=2,45,46,66002.0,-1909874.02,17634,66002,0.2957564444444445,0.16000000000000003
Tournament k=2,45,47,66002.0,-2053369.6533333333,17634,66002,0.3009448888888889,0.14
Tournament k=2,45,48,66002.0,-1585518.9333333333,17634,66002,0.29453866666666656,0.1466666666666666
Tournament k=2,45,49,66002.0,-1393888.0466666666,17634,66002,0.28048888888888884,0.1333333333333333
Tournament k=2,45,50,66002.0,-2565998.3866666667,17634,66002,0.2738284444444445,0.17333333333333334
Tournament k=2,45,51,66002.0,-3216772.76,17634,66002,0.2682728888888888,0.21333333333333337
Tournament k=2,45,52,66002.0,-1484996.34,17634,66002,0.2711199999999999,0.11333333333333329
Tournament k=2,45,53,66002.0,-1979809.8066666666,17634,66002,0.2694977777777778,0.17333333333333334
Tournament k=2,45,54,66002.0,-2521508.48,17634,66002,0.2679191111111112,0.18666666666666665
Tournament k=2,45,55,66002.0,-2353382.1133333333,17634,66002,0.26288355555555565,0.17333333333333334
Tournament k=2,45,56,66002.0,-1561482.5666666667,17634,66002,0.25574933333333344,0.1333333333333333
Tournament k=2,45,57,66002.0,-2279334.2,17634,66002,0.26436,0.19333333333333336
Tournament k=2,45,58,66185.0,-1848621.7466666666,17655,66185,0.26538666666666677,0.1466666666666666
Tournament k=2,45,59,66185.0,-1371648.4133333333,17655,66185,0.264279111111111,0.12
Tournament k=2,45,60,66185.0,-2771698.54,17655,66185,0.26460888888888895,0.19333333333333336
Tournament k=2,45,61,66185.0,-2807317.3066666666,17655,66185,0.2728266666666669,0.23333333333333328
Tournament k=2,45,62,66185.0,-2862542.446666667,17655,66185,0.272088888888889,0.21333333333333337
Tournament k=2,45,63,66185.0,-1907949.12,17655,66185,0.2843742222222225,0.1333333333333333
Tournament k=2,45,64,66185.0,-1904767.5533333332,17655,66185,0.28284000000000004,0.16000000000000003
Tournament k=2,45,65,66250.0,-3253602.7266666666,17580,66250,0.2828426666666668,0.19333333333333336
Tournament k=2,45,66,66250.0,-3350711.8333333335,17580,66250,0.2869884444444443,0.2866666666666666
Tournament k=2,45,67,66250.0,-2408685.08,17580,66250,0.29032622222222226,0.18666666666666665
Tournament k=2,45,68,66250.0,-2689439.46,17580,66250,0.2863457777777778,0.21999999999999997
Tournament k=2,45,69,66250.0,-2882344.26,17580,66250,0.2911315555555556,0.18666666666666665
Tournament k=2,45,70,66250.0,-2944399.96,17580,66250,0.29287644444444455,0.18000000000000005
Tournament k=2,45,71,66250.0,-2834825.56,17580,66250,0.2967102222222222,0.18666666666666665
Tournament k=2,45,72,66250.0,-1162351.7333333334,17580,66250,0.2932595555555556,0.14
Tournament k=2,45,73,66250.0,-2481065.973333333,17580,66250,0.29854844444444434,0.16666666666666663
Tournament k=2,45,74,66250.0,-2209409.8866666667,17580,66250,0.3029911111111112,0.1333333333333333
Tournament k=2,45,75,66250.0,-2871144.8266666667,17580,66250,0.29437333333333343,0.20666666666666667
Tournament k=2,45,76,66250.0,-2690905.68,17580,66250,0.3015475555555555,0.19999999999999996
Tournament k=2,45,77,66250.0,-2198711.7666666666,17580,66250,0.29324533333333336,0.18000000000000005
Tournament k=2,45,78,66250.0,-1528671.36,17580,66250,0.29583644444444446,0.11333333333333329
Tournament k=2,45,79,66250.0,-1993350.6866666668,17580,66250,0.2995582222222222,0.19333333333333336
Tournament k=2,45,80,66250.0,-1774878.14,17580,66250,0.2994728888888889,0.1333333333333333
Tournament k=2,45,81,66250.0,-1882501.4466666668,17580,66250,0.29906133333333346,0.15333333333333332
Tournament k=2,45,82,66250.0,-2431518.22,17580,66250,0.3026675555555556,0.16666666666666663
Tournament k=2,45,83,66250.0,-2529775.42,17580,66250,0.3054222222222224,0.16666666666666663
Tournament k=2,45,84,66250.0,-2727074.8933333335,17580,66250,0.30736177777777784,0.18666666666666665
Tournament k=2,45,85,66250.0,-1674037.04,17580,66250,0.3032355555555556,0.1466666666666666
Tournament k=2,45,86,66250.0,-1064130.4466666668,17580,66250,0.29635377777777777,0.09999999999999998
Tournament k=2,45,87,66250.0,-2881840.44,17580,66250,0.28475200000000006,0.21999999999999997
Tournament k=2,45,88,66250.0,-2058251.7333333334,17580,66250,0.288647111111111,0.17333333333333334
Tournament k=2,45,89,66250.0,-2038897.4466666668,17580,66250,0.2926968888888889,0.18000000000000005
Tournament k=2,45,90,66250.0,-2585822.546666667,17580,66250,0.2924435555555556,0.18000000000000005
Tournament k=2,45,91,66250.0,-2575421.8533333335,17580,66250,0.2930773333333333,0.16000000000000003
Tournament k=2,45,92,66250.0,-1825822.0,17580,66250,0.2883911111111111,0.16666666666666663
Tournament k=2,45,93,66250.0,-1901662.8,17580,66250,0.29003111111111113,0.1333333333333333
Tournament k=2,45,94,66250.0,-2077662.0733333332,17580,66250,0.29227377777777785,0.17333333333333334
Tournament k=2,45,95,66250.0,-992293.78,17580,66250,0.3015280000000002,0.16000000000000003
Tournament k=2,45,96,66250.0,-1710117.64,17580,66250,0.2997173333333333,0.16666666666666663
Tournament k=2,45,97,66250.0,-1916216.88,17580,66250,0.30170844444444445,0.18000000000000005
Tournament k=2,45,98,66799.0,-3077663.3133333335,17643,66799,0.294143111111111,0.2466666666666667
Tournament k=2,45,99,66799.0,-3350861.7533333334,17643,66799,0.2981742222222223,0.22666666666666668
Tournament k=2,45,100,66799.0,-3195449.6733333333,17643,66799,0.2914977777777777,0.23333333333333328
Tournament k=2,45,101,66799.0,-2787517.1333333333,17643,66799,0.28440177777777786,0.19999999999999996
Tournament k=2,45,102,66799.0,-2384424.3533333335,17643,66799,0.2844408888888888,0.19333333333333336
Tournament k=2,45,103,66799.0,-3857041.3866666667,17643,66799,0.28183377777777774,0.19999999999999996
Tournament k=2,45,104,66799.0,-2026339.1533333333,17643,66799,0.2787475555555555,0.19999999999999996
Tournament k=2,45,105,66799.0,-2252855.553333333,17643,66799,0.2638355555555556,0.18000000000000005
Tournament k=2,45,106,66799.0,-1404549.8333333333,17643,66799,0.25894933333333325,0.12
Tournament k=2,45,107,66799.0,-1460227.6466666667,17643,66799,0.27006133333333343,0.1333333333333333
Tournament k=2,45,108,66799.0,-2395533.22,17643,66799,0.2639582222222223,0.17333333333333334
Tournament k=2,45,109,66799.0,-1971652.4466666668,17643,66799,0.26147377777777786,0.16000000000000003
Tournament k=2,45,110,66799.0,-1556550.8066666666,17643,66799,0.26417244444444454,0.14
Tournament k=2,45,111,66799.0,-2305482.7666666666,17643,66799,0.25185777777777774,0.18000000000000005
Tournament k=2,45,112,66799.0,-2446346.8066666666,17643,66799,0.25304888888888893,0.16000000000000003
Tournament k=2,45,113,66799.0,-2020397.9733333334,17643,66799,0.2520435555555556,0.18000000000000005
Tournament k=2,45,114,66799.0,-2964497.3333333335,17643,66799,0.23922400000000008,0.19999999999999996
Tournament k=2,45,115,66799.0,-1230610.0466666666,17643,66799,0.24502222222222222,0.10666666666666669
Tournament k=2,45,116,66799.0,-2193176.533333333,17643,66799,0.23698400000000003,0.19999999999999996
Tournament k=2,45,117,66799.0,-1429541.6,17643,66799,0.23557422222222216,0.16000000000000003
Tournament k=2,45,118,66799.0,-1679297.18,17643,66799,0.2403928888888889,0.1266666666666667
Tournament k=2,45,119,66799.0,-1940197.8533333333,17643,66799,0.24281155555555564,0.15333333333333332
Tournament k=2,45,120,66799.0,-1994665.0866666667,17643,66799,0.24425777777777793,0.18666666666666665
Tournament k=2,45,121,66799.0,-1133611.3133333332,17643,66799,0.24867733333333336,0.1466666666666666
Tournament k=2,45,122,66799.0,-2466434.22,17643,66799,0.24647466666666673,0.15333333333333332
Tournament k=2,45,123,66799.0,-2192323.92,17643,66799,0.24204977777777775,0.18000000000000005
Tournament k=2,45,124,66799.0,-2048624.3333333333,17643,66799,0.23450755555555552,0.14
Tournament k=2,45,125,66799.0,-4590865.953333333,17643,66799,0.23283555555555574,0.22666666666666668
Tournament k=2,45,126,66799.0,-3071804.36,17643,66799,0.23008800000000013,0.16000000000000003
Tournament k=2,45,127,66799.0,-2097674.2333333334,17643,66799,0.2317297777777777,0.18666666666666665
Tournament k=2,45,128,66799.0,-2437821.12,17643,66799,0.23342933333333335,0.18666666666666665
Tournament k=2,45,129,66799.0,-2382614.38,17643,66799,0.2427511111111111,0.15333333333333332
Tournament k=2,45,130,66799.0,-2171615.526666667,17643,66799,0.2347440000000001,0.15333333333333332
Tournament k=2,45,131,66799.0,-2007890.2466666666,17643,66799,0.24352888888888888,0.19999999999999996
Tournament k=2,45,132,66799.0,-2470897.2,17643,66799,0.238871111111111,0.18000000000000005
Tournament k=2,45,133,66799.0,-2322934.526666667,17643,66799,0.24825066666666668,0.18000000000000005
Tournament k=2,45,134,66799.0,-2686941.24,17643,66799,0.24571111111111107,0.19999999999999996
Tournament k=2,45,135,66799.0,-2925553.8266666667,17643,66799,0.24679822222222225,0.18000000000000005
Tournament k=2,45,136,66799.0,-2347822.053333333,17643,66799,0.2451822222222224,0.19333333333333336
Tournament k=2,45,137,66799.0,-2617900.6,17643,66799,0.24432088888888884,0.20666666666666667
Tournament k=2,45,138,66799.0,-3406552.74,17643,66799,0.2436071111111111,0.22666666666666668
Tournament k=2,45,139,66799.0,-1889060.22,17643,66799,0.2492186666666666,0.1466666666666666
Tournament k=2,45,140,66799.0,-2292904.5866666664,17643,66799,0.24512177777777794,0.16000000000000003
Tournament k=2,45,141,66799.0,-2542166.1933333334,17643,66799,0.2461386666666667,0.20666666666666667
Tournament k=2,45,142,66799.0,-1683938.2666666666,17643,66799,0.24678666666666665,0.23333333333333328
Tournament k=2,45,143,66799.0,-2355106.7133333334,17643,66799,0.24899022222222217,0.19999999999999996
Tournament k=2,45,144,66799.0,-726719.1533333333,17643,66799,0.25400000000000006,0.07999999999999996
Tournament k=2,45,145,66799.0,-1316122.5466666666,17643,66799,0.2577022222222222,0.1333333333333333
Tournament k=2,45,146,66799.0,-1935493.4266666668,17643,66799,0.25057777777777795,0.15333333333333332
Tournament k=2,45,147,66799.0,-1596085.32,17643,66799,0.24485155555555557,0.16000000000000003
Tournament k=2,45,148,66799.0,-1962140.42,17643,66799,0.25091822222222226,0.1466666666666666
Tournament k=2,45,149,66799.0,-1317579.2733333334,17643,66799,0.25940355555555544,0.1333333333333333
Tournament k=2,45,150,66799.0,-1879021.3733333333,17643,66799,0.2566204444444445,0.1333333333333333
Tournament k=2,45,151,66799.0,-1144328.5866666667,17643,66799,0.255888,0.08666666666666667
Tournament k=2,45,152,66799.0,-1395288.4,17643,66799,0.24856800000000004,0.14
Tournament k=2,45,153,66799.0,-3115430.8933333335,17643,66799,0.24864000000000008,0.21333333333333337
Tournament k=2,45,154,66799.0,-2176679.8933333335,17643,66799,0.2508746666666667,0.1333333333333333
Tournament k=2,45,155,66799.0,-1987628.1666666667,17643,66799,0.25179644444444454,0.1333333333333333
Tournament k=2,45,156,66799.0,-1338225.1133333333,17643,66799,0.24739911111111124,0.12
Tournament k=2,45,157,66799.0,-1089180.0266666666,17643,66799,0.2459973333333335,0.12
Tournament k=2,45,158,66799.0,-2340420.8066666666,17643,66799,0.24620000000000009,0.18000000000000005
Tournament k=2,45,159,66799.0,-2392566.8133333335,17643,66799,0.2433955555555556,0.19999999999999996
Tournament k=2,45,160,66799.0,-1620870.26,17643,66799,0.25478488888888906,0.14
Tournament k=2,45,161,66799.0,-2184442.7533333334,17643,66799,0.255808888888889,0.20666666666666667
Tournament k=2,45,162,66799.0,-2376630.6133333333,17643,66799,0.2542053333333333,0.18666666666666665
Tournament k=2,45,163,66799.0,-2106193.7866666666,17643,66799,0.2571582222222222,0.16000000000000003
Tournament k=2,45,164,66799.0,-2229356.38,17643,66799,0.2604382222222221,0.16666666666666663
Tournament k=2,45,165,66799.0,-1300784.38,17643,66799,0.2587973333333334,0.14
Tournament k=2,45,166,66799.0,-3006219.066666667,17643,66799,0.2691893333333333,0.21333333333333337
Tournament k=2,45,167,66799.0,-4037188.6466666665,17643,66799,0.26693333333333324,0.21333333333333337
Tournament k=2,45,168,66799.0,-3244694.3466666667,17643,66799,0.2699448888888889,0.2533333333333333
Tournament k=2,45,169,66799.0,-1925895.08,17643,66799,0.2714968888888889,0.17333333333333334
Tournament k=2,45,170,66799.0,-2373914.2933333335,17643,66799,0.27381155555555553,0.16000000000000003
Tournament k=2,45,171,66799.0,-1740934.7066666668,17643,66799,0.2724168888888889,0.18000000000000005
Tournament k=2,45,172,66799.0,-1219894.8466666667,17643,66799,0.272648888888889,0.1266666666666667
Tournament k=2,45,173,66799.0,-2781466.6066666665,17643,66799,0.2685368888888888,0.17333333333333334
Tournament k=2,45,174,66799.0,-3238780.76,17643,66799,0.27843022222222225,0.18666666666666665
Tournament k=2,45,175,66799.0,-2504790.0933333333,17643,66799,0.279584,0.1466666666666666
Tournament k=2,45,176,66799.0,-2362437.3933333335,17643,66799,0.27011911111111114,0.16666666666666663
Tournament k=2,45,177,66799.0,-1863263.5333333334,17643,66799,0.27334222222222226,0.15333333333333332
Tournament k=2,45,178,66799.0,-1995865.2866666666,17643,66799,0.27313866666666664,0.1466666666666666
Tournament k=2,45,179,66799.0,-1783668.6,17643,66799,0.2691093333333334,0.1333333333333333
Tournament k=2,45,180,66799.0,-2240813.1333333333,17643,66799,0.26956977777777785,0.15333333333333332
Tournament k=2,45,181,66799.0,-2603070.1933333334,17643,66799,0.26015822222222224,0.19999999999999996
Tournament k=2,45,182,66799.0,-1937782.1133333333,17643,66799,0.2547075555555555,0.14
Tournament k=2,45,183,66799.0,-2845227.433333333,17643,66799,0.25820888888888893,0.18666666666666665
Tournament k=2,45,184,66799.0,-2719357.4133333336,17643,66799,0.26251288888888896,0.21333333333333337
Tournament k=2,45,185,66799.0,-3341668.1733333333,17643,66799,0.25477866666666676,0.24
Tournament k=2,45,186,66799.0,-1977570.4266666668,17643,66799,0.25583466666666677,0.16666666666666663
Tournament k=2,45,187,66799.0,-1945001.66,17643,66799,0.26151466666666673,0.16666666666666663
Tournament k=2,45,188,66799.0,-3036279.06,17643,66799,0.26324355555555556,0.21333333333333337
Tournament k=2,45,189,66799.0,-1332684.9066666667,17643,66799,0.26871466666666666,0.1266666666666667
Tournament k=2,45,190,66799.0,-2626358.6733333333,17643,66799,0.267088888888889,0.20666666666666667
Tournament k=2,45,191,66982.0,-3037516.46,17664,66982,0.2581022222222222,0.18666666666666665
Tournament k=2,45,192,66982.0,-2630792.8933333335,17664,66982,0.26129511111111114,0.19333333333333336
Tournament k=2,45,193,66982.0,-3061045.5733333332,17664,66982,0.2599537777777778,0.18666666666666665
Tournament k=2,45,194,66982.0,-4474751.373333333,17664,66982,0.25769155555555556,0.2533333333333333
Tournament k=2,45,195,66982.0,-2308761.7066666665,17664,66982,0.26391377777777786,0.19999999999999996
Tournament k=2,45,196,66982.0,-1837617.0133333334,17664,66982,0.2652320000000001,0.18000000000000005
Tournament k=2,45,197,66982.0,-1515158.4866666666,17664,66982,0.2678560000000001,0.16000000000000003
Tournament k=2,45,198,66982.0,-2636906.14,17664,66982,0.24980177777777773,0.18666666666666665
Tournament k=2,45,199,66982.0,-1568193.2266666666,17664,66982,0.24849422222222223,0.16000000000000003
Tournament k=2,45,200,66982.0,-2995404.3066666666,17664,66982,0.24388533333333323,0.20666666666666667
Tournament k=2,46,0,51054.0,-18729384.1,17238,51054,0.4957777777777777,0.5066666666666666
Tournament k=2,46,1,51054.0,-7608408.713333333,17238,51054,0.48989777777777777,0.30666666666666664
Tournament k=2,46,2,52347.0,-4361467.906666666,17139,52347,0.48196000000000006,0.21333333333333337
Tournament k=2,46,3,53486.0,-2921267.1533333333,17682,53486,0.4715733333333334,0.21333333333333337
Tournament k=2,46,4,54803.0,-2443276.6933333334,17091,54803,0.45627555555555577,0.1466666666666666
Tournament k=2,46,5,55860.0,-2256770.82,16800,55860,0.43056088888888894,0.1466666666666666
Tournament k=2,46,6,55961.0,-2625789.0933333333,15987,55961,0.42404444444444445,0.1466666666666666
Tournament k=2,46,7,56922.0,-1669672.4,17664,56922,0.41210577777777774,0.10666666666666669
Tournament k=2,46,8,56922.0,-1345905.72,17664,56922,0.4024346666666666,0.10666666666666669
Tournament k=2,46,9,57649.0,-1826090.32,16593,57649,0.3944497777777778,0.15333333333333332
Tournament k=2,46,10,59113.0,-2937102.6533333333,16761,59113,0.3909324444444445,0.24
Tournament k=2,46,11,59113.0,-2705370.446666667,16761,59113,0.3864915555555556,0.17333333333333334
Tournament k=2,46,12,59414.0,-1458094.7666666666,16878,59414,0.380046222222222,0.10666666666666669
Tournament k=2,46,13,60854.0,-2253903.466666667,17538,60854,0.37310933333333346,0.15333333333333332
Tournament k=2,46,14,60854.0,-2174939.7,17538,60854,0.3673973333333334,0.18666666666666665
Tournament k=2,46,15,60854.0,-1760566.8733333333,17538,60854,0.3643164444444446,0.1266666666666667
Tournament k=2,46,16,61179.0,-1815121.4733333334,17163,61179,0.3547493333333335,0.19333333333333336
Tournament k=2,46,17,61179.0,-887261.6866666666,17163,61179,0.32908799999999994,0.11333333333333329
Tournament k=2,46,18,61285.0,-2045354.2733333334,17505,61285,0.3174648888888889,0.12
Tournament k=2,46,19,61285.0,-1709322.6333333333,17505,61285,0.32337422222222223,0.1333333333333333
Tournament k=2,46,20,62785.0,-1682357.4733333334,16935,62785,0.3109653333333333,0.19999999999999996
Tournament k=2,46,21,62785.0,-2038856.0533333332,16935,62785,0.31810044444444435,0.17333333333333334
Tournament k=2,46,22,62785.0,-2385623.7,16935,62785,0.31901777777777773,0.18666666666666665
Tournament k=2,46,23,62785.0,-1415865.3133333332,16935,62785,0.30841955555555556,0.16666666666666663
Tournament k=2,46,24,63180.0,-3504894.933333333,17640,63180,0.3075386666666667,0.2466666666666667
Tournament k=2,46,25,63180.0,-2888040.946666667,17640,63180,0.305664,0.20666666666666667
Tournament k=2,46,26,63611.0,-2923751.1666666665,17607,63611,0.30176000000000003,0.19333333333333336
Tournament k=2,46,27,63806.0,-2198940.0866666664,17382,63806,0.30044266666666664,0.16000000000000003
Tournament k=2,46,28,63806.0,-2148536.32,17382,63806,0.29293511111111115,0.1333333333333333
Tournament k=2,46,29,63806.0,-2479869.026666667,17382,63806,0.29444177777777775,0.18666666666666665
Tournament k=2,46,30,64208.0,-2191378.1466666665,16686,64208,0.2923137777777778,0.15333333333333332
Tournament k=2,46,31,64208.0,-3533472.82,16686,64208,0.2968142222222222,0.21333333333333337
Tournament k=2,46,32,64603.0,-2921975.066666667,17391,64603,0.29811466666666653,0.16000000000000003
Tournament k=2,46,33,64603.0,-2188800.6466666665,17391,64603,0.3064408888888888,0.18000000000000005
Tournament k=2,46,34,64603.0,-2408773.953333333,17391,64603,0.29908177777777784,0.19333333333333336
Tournament k=2,46,35,64733.0,-2292171.7133333334,17241,64733,0.29238577777777786,0.1333333333333333
Tournament k=2,46,36,64904.0,-2647453.7933333335,17508,64904,0.2862915555555557,0.2466666666666667
Tournament k=2,46,37,64904.0,-2594791.7,17508,64904,0.29680266666666655,0.19999999999999996
Tournament k=2,46,38,64904.0,-1466075.1133333333,17508,64904,0.2926506666666665,0.12
Tournament k=2,46,39,64904.0,-2256475.04,17508,64904,0.289472,0.21999999999999997
Tournament k=2,46,40,64904.0,-2336628.8866666667,17508,64904,0.2970648888888888,0.16000000000000003
Tournament k=2,46,41,64904.0,-2417911.1266666665,17508,64904,0.2980915555555556,0.17333333333333334
Tournament k=2,46,42,64904.0,-2281480.44,17508,64904,0.30205511111111105,0.16000000000000003
Tournament k=2,46,43,64904.0,-1913185.9466666668,17508,64904,0.30515022222222227,0.1333333333333333
Tournament k=2,46,44,64904.0,-2264772.8066666666,17508,64904,0.29848888888888897,0.17333333333333334
Tournament k=2,46,45,65034.0,-1935336.3466666667,17358,65034,0.29527644444444434,0.15333333333333332
Tournament k=2,46,46,65034.0,-1528509.6266666667,17358,65034,0.29365422222222226,0.15333333333333332
Tournament k=2,46,47,65034.0,-2568900.3733333335,17358,65034,0.29236977777777784,0.19333333333333336
Tournament k=2,46,48,65099.0,-2767426.34,17283,65099,0.28924088888888905,0.17333333333333334
Tournament k=2,46,49,65819.0,-1982003.68,17613,65819,0.29265244444444444,0.16666666666666663
Tournament k=2,46,50,65819.0,-3096551.033333333,17613,65819,0.2931191111111112,0.23333333333333328
Tournament k=2,46,51,65819.0,-2421506.3666666667,17613,65819,0.28951022222222234,0.19333333333333336
Tournament k=2,46,52,65819.0,-2914425.993333333,17613,65819,0.29379822222222207,0.15333333333333332
Tournament k=2,46,53,66002.0,-2806132.06,17634,66002,0.285712,0.19999999999999996
Tournament k=2,46,54,66002.0,-2529427.493333333,17634,66002,0.2929600000000001,0.19999999999999996
Tournament k=2,46,55,66002.0,-2729509.1466666665,17634,66002,0.294977777777778,0.19333333333333336
Tournament k=2,46,56,66002.0,-3298875.066666667,17634,66002,0.3053635555555557,0.22666666666666668
Tournament k=2,46,57,66002.0,-2618290.2,17634,66002,0.3055893333333333,0.22666666666666668
Tournament k=2,46,58,66002.0,-2231379.46,17634,66002,0.30493866666666675,0.19999999999999996
Tournament k=2,46,59,66002.0,-2242049.993333333,17634,66002,0.3027893333333333,0.16000000000000003
Tournament k=2,46,60,66368.0,-2793746.2,17676,66368,0.2986568888888889,0.18000000000000005
Tournament k=2,46,61,66368.0,-2711349.8266666667,17676,66368,0.2919342222222222,0.21999999999999997
Tournament k=2,46,62,66368.0,-2566669.033333333,17676,66368,0.2888062222222223,0.19333333333333336
Tournament k=2,46,63,66368.0,-1746065.4533333334,17676,66368,0.28769777777777783,0.1466666666666666
Tournament k=2,46,64,66368.0,-2819141.7133333334,17676,66368,0.28154755555555566,0.15333333333333332
Tournament k=2,46,65,66368.0,-1492580.0733333332,17676,66368,0.2839680000000001,0.12
Tournament k=2,46,66,66368.0,-2033127.9333333333,17676,66368,0.29109777777777784,0.16666666666666663
Tournament k=2,46,67,66368.0,-3314452.62,17676,66368,0.293456888888889,0.21333333333333337
Tournament k=2,46,68,66368.0,-3225087.8333333335,17676,66368,0.28325244444444453,0.19999999999999996
Tournament k=2,46,69,66368.0,-2576588.3266666667,17676,66368,0.2853697777777777,0.18666666666666665
Tournament k=2,46,70,66368.0,-2137275.493333333,17676,66368,0.28158577777777777,0.19999999999999996
Tournament k=2,46,71,66368.0,-1944023.4666666666,17676,66368,0.2852000000000001,0.14
Tournament k=2,46,72,66368.0,-3291808.0933333333,17676,66368,0.2858293333333333,0.16666666666666663
Tournament k=2,46,73,66368.0,-2409994.52,17676,66368,0.2978382222222221,0.1333333333333333
Tournament k=2,46,74,66368.0,-2739572.52,17676,66368,0.29811377777777764,0.1466666666666666
Tournament k=2,46,75,66368.0,-2712775.68,17676,66368,0.3058773333333332,0.18666666666666665
Tournament k=2,46,76,66368.0,-2672671.933333333,17676,66368,0.31434488888888895,0.20666666666666667
Tournament k=2,46,77,66368.0,-2336382.986666667,17676,66368,0.3161253333333335,0.17333333333333334
Tournament k=2,46,78,66368.0,-1799688.14,17676,66368,0.32101866666666673,0.09333333333333338
Tournament k=2,46,79,66368.0,-1872951.0333333334,17676,66368,0.3157760000000002,0.17333333333333334
Tournament k=2,46,80,66368.0,-1263696.5933333333,17676,66368,0.32023200000000007,0.1333333333333333
Tournament k=2,46,81,66368.0,-2232719.56,17676,66368,0.3222817777777778,0.16666666666666663
Tournament k=2,46,82,66368.0,-3609323.54,17676,66368,0.30969422222222226,0.20666666666666667
Tournament k=2,46,83,66368.0,-3288405.986666667,17676,66368,0.30195377777777765,0.26
Tournament k=2,46,84,66368.0,-2707255.4133333336,17676,66368,0.2982151111111112,0.16000000000000003
Tournament k=2,46,85,66368.0,-2072659.3933333333,17676,66368,0.29161155555555557,0.16666666666666663
Tournament k=2,46,86,66368.0,-1981717.5733333332,17676,66368,0.29135733333333325,0.16666666666666663
Tournament k=2,46,87,66368.0,-4441587.84,17676,66368,0.28929333333333335,0.21999999999999997
Tournament k=2,46,88,66368.0,-2082630.24,17676,66368,0.29317333333333323,0.17333333333333334
Tournament k=2,46,89,66368.0,-1073548.2133333334,17676,66368,0.2837217777777778,0.11333333333333329
Tournament k=2,46,90,66368.0,-2404120.8,17676,66368,0.27938666666666667,0.18000000000000005
Tournament k=2,46,91,66368.0,-3191638.1266666665,17676,66368,0.2771368888888889,0.18000000000000005
Tournament k=2,46,92,66368.0,-2500543.18,17676,66368,0.2865866666666667,0.19333333333333336
Tournament k=2,46,93,66368.0,-3173009.6333333333,17676,66368,0.29063911111111124,0.21999999999999997
Tournament k=2,46,94,66368.0,-2413433.4066666667,17676,66368,0.28563377777777776,0.15333333333333332
Tournament k=2,46,95,66368.0,-4218385.466666667,17676,66368,0.29088177777777785,0.2466666666666667
Tournament k=2,46,96,66368.0,-3227937.013333333,17676,66368,0.28410222222222214,0.18666666666666665
Tournament k=2,46,97,66368.0,-2011700.12,17676,66368,0.2844684444444445,0.17333333333333334
Tournament k=2,46,98,66368.0,-2648996.5933333333,17676,66368,0.2779848888888889,0.17333333333333334
Tournament k=2,46,99,66368.0,-2592220.16,17676,66368,0.2815751111111111,0.24
Tournament k=2,46,100,66368.0,-3211039.2133333334,17676,66368,0.28498844444444454,0.20666666666666667
Tournament k=2,46,101,66368.0,-2088896.52,17676,66368,0.2816711111111111,0.16000000000000003
Tournament k=2,46,102,66368.0,-2906011.986666667,17676,66368,0.2875777777777779,0.20666666666666667
Tournament k=2,46,103,66368.0,-2010170.68,17676,66368,0.2877537777777777,0.19333333333333336
Tournament k=2,46,104,66368.0,-3193058.5733333332,17676,66368,0.2786640000000001,0.19333333333333336
Tournament k=2,46,105,66368.0,-1964087.7533333334,17676,66368,0.27586755555555553,0.19333333333333336
Tournament k=2,46,106,66368.0,-2601042.74,17676,66368,0.2802017777777777,0.19999999999999996
Tournament k=2,46,107,66368.0,-2829780.18,17676,66368,0.27849333333333354,0.21333333333333337
Tournament k=2,46,108,66368.0,-1127741.3266666667,17676,66368,0.2858817777777778,0.11333333333333329
Tournament k=2,46,109,66368.0,-2047005.7733333334,17676,66368,0.28887822222222215,0.14
Tournament k=2,46,110,66368.0,-2896093.013333333,17676,66368,0.28398400000000007,0.17333333333333334
Tournament k=2,46,111,66368.0,-2073700.2666666666,17676,66368,0.2786293333333334,0.14
Tournament k=2,46,112,66368.0,-2943014.566666667,17676,66368,0.27047644444444446,0.19333333333333336
Tournament k=2,46,113,66368.0,-3254118.7533333334,17676,66368,0.28135644444444446,0.20666666666666667
Tournament k=2,46,114,66368.0,-2406925.953333333,17676,66368,0.28740266666666675,0.16000000000000003
Tournament k=2,46,115,66368.0,-1959732.3866666667,17676,66368,0.2914622222222223,0.16000000000000003
Tournament k=2,46,116,66368.0,-2237053.3466666667,17676,66368,0.3013288888888888,0.12
Tournament k=2,46,117,66368.0,-1760657.7933333332,17676,66368,0.3032844444444445,0.16666666666666663
Tournament k=2,46,118,66368.0,-2189078.34,17676,66368,0.30778755555555554,0.18000000000000005
Tournament k=2,46,119,66368.0,-1783861.02,17676,66368,0.3043040000000001,0.16000000000000003
Tournament k=2,46,120,66368.0,-2528117.1733333333,17676,66368,0.29904177777777774,0.16666666666666663
Tournament k=2,46,121,66368.0,-2017449.8733333333,17676,66368,0.2911262222222224,0.16000000000000003
Tournament k=2,46,122,66368.0,-2021480.26,17676,66368,0.28704266666666667,0.16000000000000003
Tournament k=2,46,123,66368.0,-2428597.7266666666,17676,66368,0.29383911111111116,0.18000000000000005
Tournament k=2,46,124,66368.0,-2367437.8066666666,17676,66368,0.29469688888888895,0.16666666666666663
Tournament k=2,46,125,66368.0,-1502304.8066666666,17676,66368,0.29456533333333335,0.1333333333333333
Tournament k=2,46,126,66368.0,-2540233.973333333,17676,66368,0.2941928888888891,0.16666666666666663
Tournament k=2,46,127,66380.0,-2823995.24,17430,66380,0.28678577777777775,0.21333333333333337
Tournament k=2,46,128,66380.0,-2241943.92,17430,66380,0.2853146666666666,0.17333333333333334
Tournament k=2,46,129,66380.0,-2784107.8666666667,17430,66380,0.2856720000000001,0.19333333333333336
Tournament k=2,46,130,66380.0,-2475944.08,17430,66380,0.2892577777777778,0.16000000000000003
Tournament k=2,46,131,66380.0,-1648804.22,17430,66380,0.2895617777777778,0.1266666666666667
Tournament k=2,46,132,66380.0,-2333591.026666667,17430,66380,0.2882382222222222,0.21999999999999997
Tournament k=2,46,133,66380.0,-2664058.2866666666,17430,66380,0.28678133333333333,0.18000000000000005
Tournament k=2,46,134,66380.0,-1646696.4,17430,66380,0.2809360000000002,0.11333333333333329
Tournament k=2,46,135,66380.0,-1836222.9066666667,17430,66380,0.28242666666666677,0.15333333333333332
Tournament k=2,46,136,66433.0,-2524198.08,17601,66433,0.28178755555555557,0.18000000000000005
Tournament k=2,46,137,66498.0,-2376561.7933333335,17526,66498,0.2841111111111111,0.1466666666666666
Tournament k=2,46,138,66498.0,-2454302.7066666665,17526,66498,0.29267377777777775,0.17333333333333334
Tournament k=2,46,139,66498.0,-2550714.026666667,17526,66498,0.30596888888888873,0.18000000000000005
Tournament k=2,46,140,66498.0,-2801004.7666666666,17526,66498,0.30528622222222224,0.18000000000000005
Tournament k=2,46,141,66498.0,-1780181.8266666667,17526,66498,0.29990399999999995,0.15333333333333332
Tournament k=2,46,142,66498.0,-2849889.02,17526,66498,0.30014399999999997,0.19333333333333336
Tournament k=2,46,143,66498.0,-3106155.973333333,17526,66498,0.3040568888888889,0.21999999999999997
Tournament k=2,46,144,66498.0,-3376898.046666667,17526,66498,0.29505155555555557,0.21333333333333337
Tournament k=2,46,145,66498.0,-3777778.44,17526,66498,0.29894222222222216,0.22666666666666668
Tournament k=2,46,146,66498.0,-3486996.9266666668,17526,66498,0.30084800000000006,0.20666666666666667
Tournament k=2,46,147,66498.0,-2689241.533333333,17526,66498,0.30291555555555566,0.16000000000000003
Tournament k=2,46,148,66498.0,-1585360.4266666668,17526,66498,0.3004533333333333,0.14
Tournament k=2,46,149,66498.0,-2208294.3666666667,17526,66498,0.2950257777777778,0.17333333333333334
Tournament k=2,46,150,66498.0,-2448670.3066666666,17526,66498,0.2918204444444445,0.18666666666666665
Tournament k=2,46,151,66498.0,-2262084.7733333334,17526,66498,0.2942791111111111,0.18666666666666665
Tournament k=2,46,152,66498.0,-2254139.46,17526,66498,0.29714666666666667,0.17333333333333334
Tournament k=2,46,153,66498.0,-2135080.493333333,17526,66498,0.2981688888888889,0.18666666666666665
Tournament k=2,46,154,66498.0,-2505419.486666667,17526,66498,0.29328711111111105,0.20666666666666667
Tournament k=2,46,155,66498.0,-3196953.2066666665,17526,66498,0.2950071111111111,0.18000000000000005
Tournament k=2,46,156,66498.0,-1863461.5533333332,17526,66498,0.2954871111111111,0.16000000000000003
Tournament k=2,46,157,66498.0,-1434925.2866666666,17526,66498,0.2936702222222223,0.17333333333333334
Tournament k=2,46,158,66498.0,-2259666.3066666666,17526,66498,0.30261599999999994,0.17333333333333334
Tournament k=2,46,159,66498.0,-3320839.56,17526,66498,0.3049786666666668,0.20666666666666667
Tournament k=2,46,160,66498.0,-2817426.84,17526,66498,0.30162577777777794,0.19333333333333336
Tournament k=2,46,161,66498.0,-1992779.8266666667,17526,66498,0.30123822222222213,0.15333333333333332
Tournament k=2,46,162,66498.0,-2282944.966666667,17526,66498,0.2829822222222223,0.14
Tournament k=2,46,163,66498.0,-2454016.84,17526,66498,0.27573688888888886,0.15333333333333332
Tournament k=2,46,164,66498.0,-2234344.3266666667,17526,66498,0.27513777777777787,0.16000000000000003
Tournament k=2,46,165,66498.0,-1633495.02,17526,66498,0.26780711111111116,0.1266666666666667
Tournament k=2,46,166,66498.0,-2662174.0933333333,17526,66498,0.2667573333333334,0.18000000000000005
Tournament k=2,46,167,66498.0,-3754255.4133333336,17526,66498,0.27347111111111116,0.28
Tournament k=2,46,168,66498.0,-3327611.6933333334,17526,66498,0.278624,0.19333333333333336
Tournament k=2,46,169,66498.0,-2456899.7,17526,66498,0.26966488888888895,0.1333333333333333
Tournament k=2,46,170,66498.0,-2767288.1666666665,17526,66498,0.26417955555555567,0.18666666666666665
Tournament k=2,46,171,66498.0,-1837832.28,17526,66498,0.2520640000000001,0.1466666666666666
Tournament k=2,46,172,66498.0,-1559578.1666666667,17526,66498,0.237007111111111,0.15333333333333332
Tournament k=2,46,173,66498.0,-2206839.8666666667,17526,66498,0.22499200000000014,0.18000000000000005
Tournament k=2,46,174,66498.0,-1107231.5733333332,17526,66498,0.2240044444444445,0.12
Tournament k=2,46,175,66498.0,-2200177.58,17526,66498,0.2257200000000001,0.16666666666666663
Tournament k=2,46,176,66498.0,-1792046.6466666667,17526,66498,0.22867377777777786,0.16000000000000003
Tournament k=2,46,177,66498.0,-1410847.9333333333,17526,66498,0.22363111111111122,0.16000000000000003
Tournament k=2,46,178,66498.0,-1682468.4466666668,17526,66498,0.22474933333333333,0.11333333333333329
Tournament k=2,46,179,66498.0,-1356096.2533333334,17526,66498,0.22265600000000016,0.12
Tournament k=2,46,180,66498.0,-1978293.1533333333,17526,66498,0.2130266666666668,0.18666666666666665
Tournament k=2,46,181,66498.0,-1072257.5733333332,17526,66498,0.21530666666666667,0.14
Tournament k=2,46,182,66498.0,-2428098.1933333334,17526,66498,0.21232000000000004,0.21999999999999997
Tournament k=2,46,183,66498.0,-2857187.533333333,17526,66498,0.21080177777777792,0.18000000000000005
Tournament k=2,46,184,66498.0,-2501866.68,17526,66498,0.2169413333333333,0.20666666666666667
Tournament k=2,46,185,66498.0,-1941602.1533333333,17526,66498,0.21463022222222228,0.16666666666666663
Tournament k=2,46,186,66498.0,-3456434.04,17526,66498,0.22263022222222223,0.21999999999999997
Tournament k=2,46,187,66498.0,-2927240.4,17526,66498,0.23953244444444446,0.2466666666666667
Tournament k=2,46,188,66498.0,-1782878.1,17526,66498,0.2328364444444444,0.16000000000000003
Tournament k=2,46,189,66498.0,-1163544.1466666667,17526,66498,0.2356506666666667,0.11333333333333329
Tournament k=2,46,190,66498.0,-964501.32,17526,66498,0.2369475555555555,0.16666666666666663
Tournament k=2,46,191,66498.0,-2543345.32,17526,66498,0.2423493333333333,0.18666666666666665
Tournament k=2,46,192,66498.0,-2251694.58,17526,66498,0.24185688888888887,0.16666666666666663
Tournament k=2,46,193,66498.0,-2708232.6133333333,17526,66498,0.24411644444444452,0.21999999999999997
Tournament k=2,46,194,66498.0,-2012433.0733333332,17526,66498,0.23926577777777788,0.1466666666666666
Tournament k=2,46,195,66498.0,-2272174.493333333,17526,66498,0.24402222222222236,0.19999999999999996
Tournament k=2,46,196,66498.0,-2224879.32,17526,66498,0.25634044444444454,0.19999999999999996
Tournament k=2,46,197,66498.0,-1044083.7866666666,17526,66498,0.2635022222222222,0.12
Tournament k=2,46,198,66498.0,-2553173.2,17526,66498,0.27341511111111105,0.16000000000000003
Tournament k=2,46,199,66498.0,-2465069.84,17526,66498,0.269096,0.21333333333333337
Tournament k=2,46,200,66498.0,-2590219.6666666665,17526,66498,0.2796826666666665,0.2533333333333333
Tournament k=4,42,0,50912.0,-17804451.82,17634,50912,0.4963848888888887,0.54
Tournament k=4,42,1,50912.0,-4792648.56,17634,50912,0.4868275555555554,0.18666666666666665
Tournament k=4,42,2,50912.0,-2525661.62,17634,50912,0.47705333333333344,0.18666666666666665
Tournament k=4,42,3,53067.0,-2874685.4066666667,17469,53067,0.4609448888888887,0.21333333333333337
Tournament k=4,42,4,53120.0,-4518390.973333334,17640,53120,0.4340195555555556,0.2666666666666667
Tournament k=4,42,5,54242.0,-3640561.1,17274,54242,0.41496266666666676,0.21999999999999997
Tournament k=4,42,6,57023.0,-2290487.04,16851,57023,0.40595466666666674,0.16666666666666663
Tournament k=4,42,7,57507.0,-3970226.78,16989,57507,0.3983395555555556,0.24
Tournament k=4,42,8,58215.0,-2737735.953333333,17565,58215,0.38984355555555544,0.21333333333333337
Tournament k=4,42,9,59544.0,-4383893.766666667,16728,59544,0.378791111111111,0.26
Tournament k=4,42,10,60370.0,-3406631.2266666666,17400,60370,0.36721155555555546,0.21333333333333337
Tournament k=4,42,11,60370.0,-3000211.48,17400,60370,0.3573164444444445,0.2466666666666667
Tournament k=4,42,12,61728.0,-1829741.3733333333,17226,61728,0.3406035555555556,0.17333333333333334
Tournament k=4,42,13,63464.0,-2324185.3666666667,16848,63464,0.33035644444444434,0.20666666666666667
Tournament k=4,42,14,63753.0,-3422307.8066666666,17211,63753,0.3237013333333335,0.2466666666666667
Tournament k=4,42,15,63842.0,-1782279.4466666668,16644,63842,0.3054266666666667,0.15333333333333332
Tournament k=4,42,16,63924.0,-3528062.8466666667,17478,63924,0.2882097777777777,0.20666666666666667
Tournament k=4,42,17,65530.0,-3737493.6533333333,17250,65530,0.27558222222222223,0.23333333333333328
Tournament k=4,42,18,65530.0,-3809026.9066666667,17250,65530,0.2694728888888889,0.26
Tournament k=4,42,19,65530.0,-3363398.48,17250,65530,0.26639199999999996,0.2533333333333333
Tournament k=4,42,20,65530.0,-3104735.506666667,17250,65530,0.26790044444444444,0.18666666666666665
Tournament k=4,42,21,65701.0,-3295167.2,17517,65701,0.26905155555555543,0.21333333333333337
Tournament k=4,42,22,66067.0,-3971000.8533333335,17559,66067,0.26703377777777776,0.2733333333333333
Tournament k=4,42,23,66498.0,-2266595.56,17526,66498,0.2516631111111111,0.18000000000000005
Tournament k=4,42,24,66498.0,-2840467.3266666667,17526,66498,0.23898400000000003,0.2533333333333333
Tournament k=4,42,25,66498.0,-4591230.006666667,17526,66498,0.23855555555555558,0.2733333333333333
Tournament k=4,42,26,66498.0,-2349445.1133333333,17526,66498,0.22668000000000002,0.20666666666666667
Tournament k=4,42,27,66498.0,-4456744.653333333,17526,66498,0.2200648888888888,0.2866666666666666
Tournament k=4,42,28,66498.0,-3291040.8133333335,17526,66498,0.22097333333333327,0.2466666666666667
Tournament k=4,42,29,66616.0,-3060847.3066666666,17622,66616,0.21952622222222218,0.23333333333333328
Tournament k=4,42,30,66616.0,-3194217.7066666665,17622,66616,0.22039822222222216,0.22666666666666668
Tournament k=4,42,31,66616.0,-3395799.12,17622,66616,0.2015653333333334,0.28
Tournament k=4,42,32,66616.0,-2916727.006666667,17622,66616,0.1841324444444444,0.2733333333333333
Tournament k=4,42,33,66616.0,-2660677.94,17622,66616,0.17641866666666672,0.2466666666666667
Tournament k=4,42,34,66616.0,-3665299.5,17622,66616,0.17919555555555558,0.26
Tournament k=4,42,35,66616.0,-2447238.3333333335,17622,66616,0.1845431111111111,0.19999999999999996
Tournament k=4,42,36,66616.0,-3745127.78,17622,66616,0.18979733333333332,0.30000000000000004
Tournament k=4,42,37,66799.0,-2323231.52,17643,66799,0.19109333333333337,0.21999999999999997
Tournament k=4,42,38,66799.0,-2603456.4266666668,17643,66799,0.18658844444444442,0.21333333333333337
Tournament k=4,42,39,66982.0,-2628751.473333333,17664,66982,0.18787199999999996,0.2533333333333333
Tournament k=4,42,40,66982.0,-3788600.9266666668,17664,66982,0.19789688888888893,0.31333333333333335
Tournament k=4,42,41,66982.0,-2683492.0866666664,17664,66982,0.2065111111111111,0.2733333333333333
Tournament k=4,42,42,66982.0,-2786383.56,17664,66982,0.20438044444444436,0.19333333333333336
Tournament k=4,42,43,66982.0,-3851054.3333333335,17664,66982,0.20489422222222234,0.31333333333333335
Tournament k=4,42,44,66982.0,-4749115.08,17664,66982,0.2091537777777778,0.2866666666666666
Tournament k=4,42,45,66982.0,-3064555.7533333334,17664,66982,0.1999422222222222,0.2733333333333333
Tournament k=4,42,46,66982.0,-3826190.82,17664,66982,0.19512622222222223,0.22666666666666668
Tournament k=4,42,47,67047.0,-3109330.78,17589,67047,0.19067644444444448,0.23333333333333328
Tournament k=4,42,48,67047.0,-3797297.0733333332,17589,67047,0.18615644444444446,0.26
Tournament k=4,42,49,67047.0,-2545425.6466666665,17589,67047,0.18353422222222218,0.21999999999999997
Tournament k=4,42,50,67047.0,-4126130.9133333336,17589,67047,0.190296888888889,0.28
Tournament k=4,42,51,67047.0,-3109722.2266666666,17589,67047,0.18125155555555555,0.20666666666666667
Tournament k=4,42,52,67047.0,-3316479.72,17589,67047,0.18122044444444443,0.2533333333333333
Tournament k=4,42,53,67047.0,-3240774.5,17589,67047,0.18726311111111116,0.28
Tournament k=4,42,54,67047.0,-4247367.54,17589,67047,0.1814497777777778,0.30000000000000004
Tournament k=4,42,55,67047.0,-2675222.78,17589,67047,0.1796497777777777,0.21333333333333337
Tournament k=4,42,56,67047.0,-2549150.52,17589,67047,0.17583911111111114,0.2533333333333333
Tournament k=4,42,57,67047.0,-4250523.553333334,17589,67047,0.18949511111111123,0.30666666666666664
Tournament k=4,42,58,67047.0,-2569497.526666667,17589,67047,0.18716800000000003,0.21333333333333337
Tournament k=4,42,59,67047.0,-2440120.74,17589,67047,0.1755786666666667,0.2466666666666667
Tournament k=4,42,60,67047.0,-4356005.453333333,17589,67047,0.18779377777777775,0.2466666666666667
Tournament k=4,42,61,67047.0,-4112749.2933333335,17589,67047,0.17646400000000004,0.2733333333333333
Tournament k=4,42,62,67165.0,-3923058.033333333,17685,67165,0.1740346666666667,0.2733333333333333
Tournament k=4,42,63,67165.0,-3457761.8,17685,67165,0.16552355555555556,0.24
Tournament k=4,42,64,67165.0,-3766576.033333333,17685,67165,0.16993244444444447,0.23333333333333328
Tournament k=4,42,65,67165.0,-3709227.1533333333,17685,67165,0.15945422222222225,0.2466666666666667
Tournament k=4,42,66,67165.0,-3671028.48,17685,67165,0.1582622222222222,0.2533333333333333
Tournament k=4,42,67,67165.0,-3024075.08,17685,67165,0.16609600000000008,0.2466666666666667
Tournament k=4,42,68,67165.0,-5992216.46,17685,67165,0.1651226666666667,0.31333333333333335
Tournament k=4,42,69,67165.0,-3807704.6666666665,17685,67165,0.1694560000000001,0.2666666666666667
Tournament k=4,42,70,67165.0,-4720275.3533333335,17685,67165,0.1688951111111111,0.32666666666666666
Tournament k=4,42,71,67165.0,-4705998.493333333,17685,67165,0.17263111111111104,0.28
Tournament k=4,42,72,67165.0,-3947760.3466666667,17685,67165,0.18168444444444445,0.26
Tournament k=4,42,73,67165.0,-4564060.42,17685,67165,0.18486311111111117,0.2666666666666667
Tournament k=4,42,74,67165.0,-3287402.3666666667,17685,67165,0.1768222222222222,0.2466666666666667
Tournament k=4,42,75,67165.0,-5745265.513333334,17685,67165,0.17492888888888888,0.36
Tournament k=4,42,76,67165.0,-3767003.8533333335,17685,67165,0.17116622222222233,0.22666666666666668
Tournament k=4,42,77,67165.0,-2108344.546666667,17685,67165,0.1674506666666667,0.18666666666666665
Tournament k=4,42,78,67165.0,-3046219.3533333335,17685,67165,0.15847022222222223,0.2533333333333333
Tournament k=4,42,79,67165.0,-4777966.06,17685,67165,0.1605813333333334,0.2866666666666666
Tournament k=4,42,80,67165.0,-2882409.48,17685,67165,0.1554604444444445,0.2733333333333333
Tournament k=4,42,81,67165.0,-3913485.7133333334,17685,67165,0.16323644444444443,0.30000000000000004
Tournament k=4,42,82,67165.0,-2745357.38,17685,67165,0.1620382222222222,0.21999999999999997
Tournament k=4,42,83,67165.0,-3084081.96,17685,67165,0.15861422222222227,0.21333333333333337
Tournament k=4,42,84,67165.0,-3035227.486666667,17685,67165,0.16316177777777782,0.2533333333333333
Tournament k=4,42,85,67165.0,-3842983.9133333336,17685,67165,0.16983733333333326,0.29333333333333333
Tournament k=4,42,86,67165.0,-4225339.293333333,17685,67165,0.17398933333333344,0.26
Tournament k=4,42,87,67165.0,-3043261.953333333,17685,67165,0.17719733333333332,0.21333333333333337
Tournament k=4,42,88,67165.0,-3880082.3733333335,17685,67165,0.1688391111111111,0.26
Tournament k=4,42,89,67165.0,-2756639.6333333333,17685,67165,0.16277066666666667,0.24
Tournament k=4,42,90,67165.0,-4485433.166666667,17685,67165,0.16013333333333338,0.2666666666666667
Tournament k=4,42,91,67165.0,-2411277.66,17685,67165,0.1533386666666667,0.22666666666666668
Tournament k=4,42,92,67165.0,-4929868.953333333,17685,67165,0.1442044444444445,0.30666666666666664
Tournament k=4,42,93,67165.0,-3668673.473333333,17685,67165,0.15159466666666668,0.20666666666666667
Tournament k=4,42,94,67165.0,-3233088.2533333334,17685,67165,0.16143733333333338,0.24
Tournament k=4,42,95,67165.0,-4795175.373333333,17685,67165,0.16117511111111116,0.31333333333333335
Tournament k=4,42,96,67165.0,-2929032.013333333,17685,67165,0.16469866666666666,0.2466666666666667
Tournament k=4,42,97,67165.0,-3802785.7466666666,17685,67165,0.17123466666666665,0.2666666666666667
Tournament k=4,42,98,67165.0,-3306904.453333333,17685,67165,0.16039466666666666,0.22666666666666668
Tournament k=4,42,99,67165.0,-3598532.62,17685,67165,0.16260355555555556,0.20666666666666667
Tournament k=4,42,100,67165.0,-4165347.8133333335,17685,67165,0.17063733333333336,0.2666666666666667
Tournament k=4,42,101,67165.0,-3936977.433333333,17685,67165,0.15788711111111117,0.29333333333333333
Tournament k=4,42,102,67165.0,-5140571.6,17685,67165,0.15747466666666665,0.31333333333333335
Tournament k=4,42,103,67165.0,-1898315.6,17685,67165,0.15893777777777784,0.18000000000000005
Tournament k=4,42,104,67165.0,-4008065.86,17685,67165,0.1539751111111112,0.2733333333333333
Tournament k=4,42,105,67165.0,-2240334.973333333,17685,67165,0.16179555555555558,0.20666666666666667
Tournament k=4,42,106,67165.0,-4928780.713333333,17685,67165,0.16169511111111112,0.28
Tournament k=4,42,107,67165.0,-3600055.58,17685,67165,0.15148177777777783,0.26
Tournament k=4,42,108,67165.0,-4299664.46,17685,67165,0.1480177777777778,0.29333333333333333
Tournament k=4,42,109,67165.0,-2838930.7533333334,17685,67165,0.15510488888888893,0.29333333333333333
Tournament k=4,42,110,67165.0,-3736438.88,17685,67165,0.1588666666666667,0.30666666666666664
Tournament k=4,42,111,67165.0,-3713820.22,17685,67165,0.15517688888888892,0.30000000000000004
Tournament k=4,42,112,67165.0,-3856574.993333333,17685,67165,0.15591022222222226,0.22666666666666668
Tournament k=4,42,113,67165.0,-2709092.5,17685,67165,0.16440000000000005,0.2466666666666667
Tournament k=4,42,114,67165.0,-2111978.986666667,17685,67165,0.16672888888888893,0.19999999999999996
Tournament k=4,42,115,67165.0,-2207887.24,17685,67165,0.16926400000000005,0.26
Tournament k=4,42,116,67165.0,-1496075.0333333334,17685,67165,0.16893155555555558,0.16666666666666663
Tournament k=4,42,117,67165.0,-2709008.453333333,17685,67165,0.17405777777777776,0.23333333333333328
Tournament k=4,42,118,67165.0,-3384222.7066666665,17685,67165,0.18517333333333333,0.2866666666666666
Tournament k=4,42,119,67165.0,-3998006.466666667,17685,67165,0.18197600000000005,0.24
Tournament k=4,42,120,67165.0,-2730555.046666667,17685,67165,0.1783751111111111,0.24
Tournament k=4,42,121,67165.0,-3039428.3533333335,17685,67165,0.17526044444444447,0.2466666666666667
Tournament k=4,42,122,67165.0,-2280694.6533333333,17685,67165,0.18581244444444447,0.22666666666666668
Tournament k=4,42,123,67165.0,-2883531.28,17685,67165,0.19125866666666666,0.22666666666666668
Tournament k=4,42,124,67165.0,-4156356.6533333333,17685,67165,0.19428888888888887,0.2866666666666666
Tournament k=4,42,125,67165.0,-3099229.5733333332,17685,67165,0.18743200000000013,0.21999999999999997
Tournament k=4,42,126,67165.0,-3278009.7,17685,67165,0.17734933333333328,0.29333333333333333
Tournament k=4,42,127,67165.0,-3128177.566666667,17685,67165,0.18178666666666665,0.2733333333333333
Tournament k=4,42,128,67165.0,-4212575.46,17685,67165,0.19109600000000002,0.2533333333333333
Tournament k=4,42,129,67165.0,-3871061.2533333334,17685,67165,0.18523999999999996,0.2533333333333333
Tournament k=4,42,130,67165.0,-4557361.106666666,17685,67165,0.17847733333333335,0.26
Tournament k=4,42,131,67165.0,-2949098.88,17685,67165,0.18319377777777787,0.24
Tournament k=4,42,132,67165.0,-2520259.9066666667,17685,67165,0.18335377777777787,0.2666666666666667
Tournament k=4,42,133,67165.0,-1965936.08,17685,67165,0.18557955555555558,0.19999999999999996
Tournament k=4,42,134,67165.0,-4205617.84,17685,67165,0.18901333333333334,0.23333333333333328
Tournament k=4,42,135,67165.0,-3444537.5933333333,17685,67165,0.1900017777777778,0.26
Tournament k=4,42,136,67165.0,-4772573.366666666,17685,67165,0.19992888888888882,0.31333333333333335
Tournament k=4,42,137,67165.0,-4368427.473333334,17685,67165,0.20882222222222221,0.2666666666666667
Tournament k=4,42,138,67165.0,-2840674.66,17685,67165,0.21240800000000007,0.18000000000000005
Tournament k=4,42,139,67165.0,-3972536.9133333336,17685,67165,0.22251911111111106,0.24
Tournament k=4,42,140,67165.0,-4179418.3533333335,17685,67165,0.2123511111111112,0.30666666666666664
Tournament k=4,42,141,67165.0,-2748879.553333333,17685,67165,0.2041848888888889,0.20666666666666667
Tournament k=4,42,142,67165.0,-4713749.566666666,17685,67165,0.2165057777777778,0.30666666666666664
Tournament k=4,42,143,67165.0,-4505515.153333333,17685,67165,0.21906844444444445,0.28
Tournament k=4,42,144,67165.0,-3380927.9133333336,17685,67165,0.21421422222222222,0.24
Tournament k=4,42,145,67165.0,-4379223.426666667,17685,67165,0.21096533333333337,0.2733333333333333
Tournament k=4,42,146,67165.0,-2544877.68,17685,67165,0.21405866666666665,0.19999999999999996
Tournament k=4,42,147,67165.0,-2533723.8533333335,17685,67165,0.20375911111111114,0.24
Tournament k=4,42,148,67165.0,-4634212.426666667,17685,67165,0.21140355555555554,0.31333333333333335
Tournament k=4,42,149,67165.0,-2920186.1933333334,17685,67165,0.2098497777777778,0.21999999999999997
Tournament k=4,42,150,67165.0,-4200191.773333333,17685,67165,0.20140711111111106,0.26
Tournament k=4,42,151,67165.0,-4979865.726666667,17685,67165,0.20016,0.30000000000000004
Tournament k=4,42,152,67165.0,-3354936.3333333335,17685,67165,0.1971422222222223,0.2466666666666667
Tournament k=4,42,153,67165.0,-2294144.3266666667,17685,67165,0.18461866666666668,0.20666666666666667
Tournament k=4,42,154,67165.0,-3984736.84,17685,67165,0.16243911111111115,0.2733333333333333
Tournament k=4,42,155,67165.0,-4293958.88,17685,67165,0.1632355555555555,0.30666666666666664
Tournament k=4,42,156,67165.0,-2204297.986666667,17685,67165,0.1736995555555555,0.2533333333333333
Tournament k=4,42,157,67165.0,-4685327.2,17685,67165,0.1796977777777778,0.31999999999999995
Tournament k=4,42,158,67165.0,-4259123.566666666,17685,67165,0.1842915555555556,0.30000000000000004
Tournament k=4,42,159,67165.0,-4594443.3533333335,17685,67165,0.1809431111111111,0.31333333333333335
Tournament k=4,42,160,67165.0,-3192195.98,17685,67165,0.18521866666666675,0.24
Tournament k=4,42,161,67165.0,-2832860.88,17685,67165,0.1758586666666667,0.2533333333333333
Tournament k=4,42,162,67165.0,-3535041.2333333334,17685,67165,0.16628711111111116,0.26
Tournament k=4,42,163,67165.0,-3296406.4,17685,67165,0.17088444444444456,0.21999999999999997
Tournament k=4,42,164,67165.0,-4527821.693333333,17685,67165,0.17381600000000003,0.2733333333333333
Tournament k=4,42,165,67165.0,-2578596.1866666665,17685,67165,0.17189155555555558,0.18666666666666665
Tournament k=4,42,166,67165.0,-5275991.253333333,17685,67165,0.167408,0.30000000000000004
Tournament k=4,42,167,67165.0,-2921147.34,17685,67165,0.1721884444444445,0.23333333333333328
Tournament k=4,42,168,67165.0,-4329960.793333333,17685,67165,0.1673342222222223,0.2866666666666666
Tournament k=4,42,169,67165.0,-4303336.973333334,17685,67165,0.17123199999999997,0.2866666666666666
Tournament k=4,42,170,67165.0,-3543633.6066666665,17685,67165,0.17047288888888887,0.22666666666666668
Tournament k=4,42,171,67165.0,-3368224.466666667,17685,67165,0.16208177777777785,0.2533333333333333
Tournament k=4,42,172,67165.0,-3110800.9066666667,17685,67165,0.16248000000000007,0.2466666666666667
Tournament k=4,42,173,67165.0,-3120298.72,17685,67165,0.15953688888888892,0.22666666666666668
Tournament k=4,42,174,67165.0,-3858147.76,17685,67165,0.15276622222222222,0.2733333333333333
Tournament k=4,42,175,67165.0,-3264329.2266666666,17685,67165,0.15579377777777775,0.26
Tournament k=4,42,176,67165.0,-2594237.4066666667,17685,67165,0.14875644444444439,0.21333333333333337
Tournament k=4,42,177,67165.0,-3207428.1666666665,17685,67165,0.1484231111111111,0.28
Tournament k=4,42,178,67165.0,-3621262.2333333334,17685,67165,0.1526231111111111,0.22666666666666668
Tournament k=4,42,179,67165.0,-2636582.4133333336,17685,67165,0.1633884444444444,0.23333333333333328
Tournament k=4,42,180,67165.0,-3520861.5,17685,67165,0.16335733333333338,0.26
Tournament k=4,42,181,67165.0,-3323360.62,17685,67165,0.17492088888888893,0.2533333333333333
Tournament k=4,42,182,67165.0,-4394444.573333333,17685,67165,0.16447644444444443,0.30666666666666664
Tournament k=4,42,183,67165.0,-4474628.906666666,17685,67165,0.1688337777777779,0.2733333333333333
Tournament k=4,42,184,67165.0,-2137187.7733333334,17685,67165,0.16050577777777777,0.21999999999999997
Tournament k=4,42,185,67165.0,-2875966.1,17685,67165,0.15556799999999998,0.2666666666666667
Tournament k=4,42,186,67165.0,-2958327.026666667,17685,67165,0.16712000000000005,0.23333333333333328
Tournament k=4,42,187,67165.0,-3538089.546666667,17685,67165,0.17144355555555557,0.2733333333333333
Tournament k=4,42,188,67165.0,-4437276.593333334,17685,67165,0.17722311111111108,0.30000000000000004
Tournament k=4,42,189,67165.0,-3779006.6466666665,17685,67165,0.18279644444444443,0.2666666666666667
Tournament k=4,42,190,67165.0,-2664737.1,17685,67165,0.17338488888888892,0.21999999999999997
Tournament k=4,42,191,67165.0,-4556481.873333333,17685,67165,0.18179377777777783,0.2733333333333333
Tournament k=4,42,192,67165.0,-2178644.506666667,17685,67165,0.18765155555555554,0.18666666666666665
Tournament k=4,42,193,67165.0,-2513702.3333333335,17685,67165,0.20028088888888884,0.23333333333333328
Tournament k=4,42,194,67165.0,-3976196.6733333333,17685,67165,0.2079128888888889,0.28
Tournament k=4,42,195,67165.0,-3160421.78,17685,67165,0.20231555555555555,0.22666666666666668
Tournament k=4,42,196,67165.0,-4160235.14,17685,67165,0.18561866666666668,0.20666666666666667
Tournament k=4,42,197,67165.0,-4772706.18,17685,67165,0.17482933333333342,0.3533333333333334
Tournament k=4,42,198,67165.0,-3990234.6866666665,17685,67165,0.17607733333333336,0.26
Tournament k=4,42,199,67165.0,-5004781.433333334,17685,67165,0.1865262222222222,0.2533333333333333
Tournament k=4,42,200,67165.0,-3274299.1066666665,17685,67165,0.17827733333333343,0.23333333333333328
Tournament k=4,43,0,47659.0,-17477563.38,17673,47659,0.4971146666666663,0.4666666666666667
Tournament k=4,43,1,50871.0,-3411853.5733333332,17217,50871,0.4872746666666666,0.2533333333333333
Tournament k=4,43,2,52270.0,-2544125.966666667,17460,52270,0.4707973333333335,0.17333333333333334
Tournament k=4,43,3,55205.0,-4874100.346666667,16395,55205,0.45330400000000004,0.23333333333333328
Tournament k=4,43,4,57117.0,-1837577.08,17439,57117,0.43240622222222236,0.16000000000000003
Tournament k=4,43,5,57483.0,-4030818.3466666667,17481,57483,0.40442577777777755,0.22666666666666668
Tournament k=4,43,6,58398.0,-2560108.566666667,17586,58398,0.36736800000000014,0.21333333333333337
Tournament k=4,43,7,59337.0,-2911700.7466666666,17199,59337,0.34987111111111113,0.21333333333333337
Tournament k=4,43,8,59390.0,-3465828.986666667,17370,59390,0.34405244444444427,0.24
Tournament k=4,43,9,60584.0,-2758522.98,15528,60584,0.3287164444444444,0.17333333333333334
Tournament k=4,43,10,61598.0,-3212559.6933333334,17376,61598,0.31006044444444436,0.2866666666666666
Tournament k=4,43,11,63924.0,-2542704.2533333334,17478,63924,0.3012808888888889,0.21999999999999997
Tournament k=4,43,12,63924.0,-2881001.9066666667,17478,63924,0.2865422222222222,0.22666666666666668
Tournament k=4,43,13,64355.0,-3346389.1733333333,17445,64355,0.27408266666666675,0.21333333333333337
Tournament k=4,43,14,64355.0,-4001330.7133333334,17445,64355,0.27181333333333324,0.2533333333333333
Tournament k=4,43,15,64774.0,-3043055.013333333,17658,64774,0.2566693333333333,0.24
Tournament k=4,43,16,64774.0,-3729122.8133333335,17658,64774,0.2445288888888889,0.24
Tournament k=4,43,17,65022.0,-3188788.7333333334,17604,65022,0.22937599999999989,0.22666666666666668
Tournament k=4,43,18,65022.0,-1717427.2333333334,17604,65022,0.21945066666666657,0.16666666666666663
Tournament k=4,43,19,65022.0,-3646660.46,17604,65022,0.2209555555555555,0.31999999999999995
Tournament k=4,43,20,65453.0,-2413756.053333333,17571,65453,0.2232186666666665,0.23333333333333328
Tournament k=4,43,21,66250.0,-2040946.2266666666,17580,66250,0.23079022222222226,0.19333333333333336
Tournament k=4,43,22,66250.0,-3550967.953333333,17580,66250,0.23551377777777766,0.2733333333333333
Tournament k=4,43,23,66250.0,-3443745.506666667,17580,66250,0.23140088888888904,0.29333333333333333
Tournament k=4,43,24,66250.0,-3783632.546666667,17580,66250,0.228992,0.2866666666666666
Tournament k=4,43,25,66250.0,-5096303.28,17580,66250,0.2212480000000002,0.32666666666666666
Tournament k=4,43,26,66250.0,-2163149.1,17580,66250,0.2077404444444445,0.18666666666666665
Tournament k=4,43,27,66250.0,-3616045.2733333334,17580,66250,0.19568266666666667,0.23333333333333328
Tournament k=4,43,28,66250.0,-4058821.16,17580,66250,0.2018302222222223,0.2466666666666667
Tournament k=4,43,29,66250.0,-2285044.013333333,17580,66250,0.1998782222222223,0.18666666666666665
Tournament k=4,43,30,66250.0,-3071164.8266666667,17580,66250,0.19152088888888896,0.2866666666666666
Tournament k=4,43,31,66799.0,-2151791.8133333335,17643,66799,0.19496355555555556,0.19333333333333336
Tournament k=4,43,32,66799.0,-3803349.7666666666,17643,66799,0.1890151111111112,0.2866666666666666
Tournament k=4,43,33,66799.0,-2216971.8733333335,17643,66799,0.19960444444444445,0.18666666666666665
Tournament k=4,43,34,66799.0,-2698905.0,17643,66799,0.19730222222222224,0.2666666666666667
Tournament k=4,43,35,66864.0,-3034239.22,17568,66864,0.20598844444444445,0.2666666666666667
Tournament k=4,43,36,66864.0,-3620177.533333333,17568,66864,0.2057031111111112,0.26
Tournament k=4,43,37,66864.0,-3220916.053333333,17568,66864,0.2125004444444446,0.2466666666666667
Tournament k=4,43,38,66864.0,-2266575.0933333333,17568,66864,0.2145448888888888,0.20666666666666667
Tournament k=4,43,39,66864.0,-4273193.613333333,17568,66864,0.2183164444444444,0.28
Tournament k=4,43,40,66864.0,-3737776.7466666666,17568,66864,0.2130746666666667,0.24
Tournament k=4,43,41,66864.0,-4723855.126666667,17568,66864,0.21630666666666676,0.28
Tournament k=4,43,42,66864.0,-2513379.08,17568,66864,0.20973422222222213,0.24
Tournament k=4,43,43,66864.0,-3961782.8133333335,17568,66864,0.19140800000000002,0.29333333333333333
Tournament k=4,43,44,66864.0,-2830351.1933333334,17568,66864,0.17412977777777777,0.21999999999999997
Tournament k=4,43,45,66864.0,-3078908.1866666665,17568,66864,0.1515671111111111,0.2666666666666667
Tournament k=4,43,46,66864.0,-3496234.3533333335,17568,66864,0.13663022222222224,0.2466666666666667
Tournament k=4,43,47,67047.0,-3335358.42,17589,67047,0.12728444444444453,0.26
Tournament k=4,43,48,67047.0,-2917245.98,17589,67047,0.1216142222222223,0.23333333333333328
Tournament k=4,43,49,67047.0,-3767514.74,17589,67047,0.12502666666666673,0.30666666666666664
Tournament k=4,43,50,67047.0,-2027309.1066666667,17589,67047,0.13144088888888897,0.23333333333333328
Tournament k=4,43,51,67047.0,-2970323.2133333334,17589,67047,0.12131644444444448,0.29333333333333333
Tournament k=4,43,52,67047.0,-3053226.526666667,17589,67047,0.1340284444444445,0.28
Tournament k=4,43,53,67047.0,-3349619.8533333335,17589,67047,0.14019466666666666,0.2533333333333333
Tournament k=4,43,54,67047.0,-2355528.966666667,17589,67047,0.1439582222222222,0.23333333333333328
Tournament k=4,43,55,67165.0,-3286875.3266666667,17685,67165,0.13931377777777784,0.30000000000000004
Tournament k=4,43,56,67165.0,-3604325.32,17685,67165,0.1330968888888889,0.22666666666666668
Tournament k=4,43,57,67165.0,-4121147.7266666666,17685,67165,0.13228533333333334,0.30666666666666664
Tournament k=4,43,58,67165.0,-3469909.24,17685,67165,0.13745777777777785,0.30000000000000004
Tournament k=4,43,59,67165.0,-2978852.8266666667,17685,67165,0.14342311111111114,0.22666666666666668
Tournament k=4,43,60,67165.0,-3258001.74,17685,67165,0.1519964444444445,0.28
Tournament k=4,43,61,67165.0,-2636739.68,17685,67165,0.14116444444444448,0.26
Tournament k=4,43,62,67165.0,-4532643.693333333,17685,67165,0.14931111111111114,0.29333333333333333
Tournament k=4,43,63,67165.0,-2351972.46,17685,67165,0.14150133333333334,0.20666666666666667
Tournament k=4,43,64,67165.0,-3033294.5,17685,67165,0.14712888888888898,0.2733333333333333
Tournament k=4,43,65,67165.0,-2512499.06,17685,67165,0.1510186666666667,0.26
Tournament k=4,43,66,67165.0,-3112412.3066666666,17685,67165,0.16301066666666675,0.2666666666666667
Tournament k=4,43,67,67165.0,-2611657.6933333334,17685,67165,0.16331466666666672,0.2466666666666667
Tournament k=4,43,68,67165.0,-1878291.6333333333,17685,67165,0.16561244444444448,0.21333333333333337
Tournament k=4,43,69,67165.0,-3615661.1733333333,17685,67165,0.16788888888888892,0.2866666666666666
Tournament k=4,43,70,67165.0,-2083541.2266666666,17685,67165,0.16926844444444447,0.16666666666666663
Tournament k=4,43,71,67165.0,-3111068.8466666667,17685,67165,0.17481511111111117,0.21999999999999997
Tournament k=4,43,72,67165.0,-3757717.2666666666,17685,67165,0.17541066666666666,0.32666666666666666
Tournament k=4,43,73,67165.0,-4045341.86,17685,67165,0.1787635555555556,0.23333333333333328
Tournament k=4,43,74,67165.0,-2630183.8533333335,17685,67165,0.17603200000000005,0.21999999999999997
Tournament k=4,43,75,67165.0,-3604983.1266666665,17685,67165,0.16674933333333336,0.29333333333333333
Tournament k=4,43,76,67165.0,-2964086.6533333333,17685,67165,0.17396622222222213,0.23333333333333328
Tournament k=4,43,77,67165.0,-2501491.26,17685,67165,0.1805075555555555,0.21999999999999997
Tournament k=4,43,78,67165.0,-2920807.1133333333,17685,67165,0.18432622222222228,0.28
Tournament k=4,43,79,67165.0,-2858346.2333333334,17685,67165,0.19321511111111112,0.2733333333333333
Tournament k=4,43,80,67165.0,-3165863.44,17685,67165,0.18735200000000007,0.22666666666666668
Tournament k=4,43,81,67165.0,-3115351.3333333335,17685,67165,0.18850577777777777,0.2466666666666667
Tournament k=4,43,82,67165.0,-3334018.5,17685,67165,0.19050133333333338,0.24
Tournament k=4,43,83,67165.0,-3364918.06,17685,67165,0.18670311111111115,0.2666666666666667
Tournament k=4,43,84,67165.0,-2992018.9266666668,17685,67165,0.19738666666666674,0.21333333333333337
Tournament k=4,43,85,67165.0,-4158667.8333333335,17685,67165,0.19101155555555557,0.31999999999999995
Tournament k=4,43,86,67165.0,-2597558.22,17685,67165,0.18726311111111107,0.22666666666666668
Tournament k=4,43,87,67165.0,-3015940.86,17685,67165,0.18861333333333338,0.2533333333333333
Tournament k=4,43,88,67165.0,-3592381.1466666665,17685,67165,0.18378755555555557,0.2866666666666666
Tournament k=4,43,89,67165.0,-3180918.9133333336,17685,67165,0.1819671111111111,0.26
Tournament k=4,43,90,67165.0,-3749600.58,17685,67165,0.18657155555555563,0.2666666666666667
Tournament k=4,43,91,67165.0,-3078979.38,17685,67165,0.18534755555555552,0.23333333333333328
Tournament k=4,43,92,67165.0,-2941545.72,17685,67165,0.19554844444444455,0.2466666666666667
Tournament k=4,43,93,67165.0,-3896433.24,17685,67165,0.19964088888888892,0.2666666666666667
Tournament k=4,43,94,67165.0,-2977856.986666667,17685,67165,0.19529066666666664,0.20666666666666667
Tournament k=4,43,95,67165.0,-3341198.6733333333,17685,67165,0.1994542222222222,0.30666666666666664
Tournament k=4,43,96,67165.0,-3156425.493333333,17685,67165,0.1975866666666667,0.23333333333333328
Tournament k=4,43,97,67165.0,-4147619.32,17685,67165,0.2055493333333334,0.2666666666666667
Tournament k=4,43,98,67165.0,-3335609.473333333,17685,67165,0.20519022222222216,0.22666666666666668
Tournament k=4,43,99,67165.0,-3652705.46,17685,67165,0.20413155555555554,0.2533333333333333
Tournament k=4,43,100,67165.0,-2106392.1133333333,17685,67165,0.2084693333333333,0.16666666666666663
Tournament k=4,43,101,67165.0,-3820543.0733333332,17685,67165,0.19435911111111104,0.30000000000000004
Tournament k=4,43,102,67165.0,-2535236.2,17685,67165,0.1973119999999999,0.23333333333333328
Tournament k=4,43,103,67165.0,-4105784.7733333334,17685,67165,0.19838666666666666,0.2466666666666667
Tournament k=4,43,104,67165.0,-3103120.16,17685,67165,0.20264355555555563,0.2466666666666667
Tournament k=4,43,105,67165.0,-2931808.2466666666,17685,67165,0.2016986666666666,0.22666666666666668
Tournament k=4,43,106,67165.0,-2679430.1733333333,17685,67165,0.19670044444444443,0.23333333333333328
Tournament k=4,43,107,67165.0,-3057029.6866666665,17685,67165,0.19446755555555564,0.18666666666666665
Tournament k=4,43,108,67165.0,-4386924.1,17685,67165,0.1808391111111111,0.2866666666666666
Tournament k=4,43,109,67165.0,-3270986.1333333333,17685,67165,0.17275733333333335,0.2533333333333333
Tournament k=4,43,110,67165.0,-4336516.526666666,17685,67165,0.1646817777777778,0.29333333333333333
Tournament k=4,43,111,67165.0,-4215267.86,17685,67165,0.16605422222222221,0.26
Tournament k=4,43,112,67165.0,-4723342.06,17685,67165,0.1622702222222222,0.31333333333333335
Tournament k=4,43,113,67165.0,-3601703.533333333,17685,67165,0.16752888888888895,0.26
Tournament k=4,43,114,67165.0,-3990510.12,17685,67165,0.16299022222222223,0.2466666666666667
Tournament k=4,43,115,67165.0,-4358511.733333333,17685,67165,0.1571653333333334,0.2733333333333333
Tournament k=4,43,116,67165.0,-3423637.6533333333,17685,67165,0.16275733333333334,0.2533333333333333
Tournament k=4,43,117,67165.0,-3417424.1266666665,17685,67165,0.1583768888888889,0.28
Tournament k=4,43,118,67165.0,-1944870.3333333333,17685,67165,0.16726044444444443,0.18666666666666665
Tournament k=4,43,119,67165.0,-3552849.533333333,17685,67165,0.17004622222222232,0.22666666666666668
Tournament k=4,43,120,67165.0,-4045377.8133333335,17685,67165,0.1742773333333334,0.26
Tournament k=4,43,121,67165.0,-4363111.606666666,17685,67165,0.1732426666666667,0.26
Tournament k=4,43,122,67165.0,-3387253.9,17685,67165,0.17066399999999998,0.28
Tournament k=4,43,123,67165.0,-3518592.9,17685,67165,0.16711999999999988,0.22666666666666668
Tournament k=4,43,124,67165.0,-2484102.3266666667,17685,67165,0.16260533333333335,0.19333333333333336
Tournament k=4,43,125,67165.0,-4491708.013333334,17685,67165,0.162464888888889,0.33999999999999997
Tournament k=4,43,126,67165.0,-2412419.8933333335,17685,67165,0.1633013333333334,0.20666666666666667
Tournament k=4,43,127,67165.0,-2703030.433333333,17685,67165,0.1686444444444445,0.21999999999999997
Tournament k=4,43,128,67165.0,-5103135.626666667,17685,67165,0.16639377777777775,0.30666666666666664
Tournament k=4,43,129,67165.0,-2939885.3133333335,17685,67165,0.15999911111111115,0.24
Tournament k=4,43,130,67165.0,-3145539.8466666667,17685,67165,0.16260533333333327,0.21999999999999997
Tournament k=4,43,131,67165.0,-3900972.1333333333,17685,67165,0.16241511111111112,0.2866666666666666
Tournament k=4,43,132,67165.0,-2755152.44,17685,67165,0.15407911111111114,0.22666666666666668
Tournament k=4,43,133,67165.0,-2450980.7866666666,17685,67165,0.1405182222222222,0.22666666666666668
Tournament k=4,43,134,67165.0,-3797978.8066666666,17685,67165,0.13362222222222214,0.31333333333333335
Tournament k=4,43,135,67165.0,-3307855.44,17685,67165,0.1419128888888889,0.29333333333333333
Tournament k=4,43,136,67165.0,-4356666.946666666,17685,67165,0.154968888888889,0.31999999999999995
Tournament k=4,43,137,67165.0,-2459187.3,17685,67165,0.16247733333333336,0.21999999999999997
Tournament k=4,43,138,67165.0,-2408802.5,17685,67165,0.15915288888888895,0.22666666666666668
Tournament k=4,43,139,67165.0,-3800377.7733333334,17685,67165,0.15633333333333324,0.2533333333333333
Tournament k=4,43,140,67165.0,-1962083.14,17685,67165,0.15270133333333333,0.21333333333333337
Tournament k=4,43,141,67165.0,-2683818.3266666667,17685,67165,0.15148533333333336,0.21333333333333337
Tournament k=4,43,142,67165.0,-3468207.7666666666,17685,67165,0.15298311111111113,0.23333333333333328
Tournament k=4,43,143,67165.0,-3744665.6333333333,17685,67165,0.15326933333333334,0.2733333333333333
Tournament k=4,43,144,67165.0,-2784821.0866666664,17685,67165,0.15951822222222234,0.23333333333333328
Tournament k=4,43,145,67165.0,-2848873.24,17685,67165,0.15267022222222218,0.2533333333333333
Tournament k=4,43,146,67165.0,-2714763.453333333,17685,67165,0.1498542222222222,0.2466666666666667
Tournament k=4,43,147,67165.0,-3876487.5733333332,17685,67165,0.15339911111111115,0.26
Tournament k=4,43,148,67165.0,-3645844.14,17685,67165,0.1557848888888889,0.21999999999999997
Tournament k=4,43,149,67165.0,-4193911.6266666665,17685,67165,0.16263911111111112,0.2666666666666667
Tournament k=4,43,150,67165.0,-3336601.12,17685,67165,0.16574755555555554,0.2666666666666667
Tournament k=4,43,151,67165.0,-3841306.526666667,17685,67165,0.1746435555555555,0.2733333333333333
Tournament k=4,43,152,67165.0,-2764811.84,17685,67165,0.18063644444444446,0.22666666666666668
Tournament k=4,43,153,67165.0,-2793919.7066666665,17685,67165,0.174384,0.24
Tournament k=4,43,154,67165.0,-4534788.96,17685,67165,0.18736800000000003,0.32666666666666666
Tournament k=4,43,155,67165.0,-2600808.1733333333,17685,67165,0.19068888888888888,0.24
Tournament k=4,43,156,67165.0,-3961548.8533333335,17685,67165,0.1830933333333334,0.26
Tournament k=4,43,157,67165.0,-2781879.7933333335,17685,67165,0.18130311111111105,0.21999999999999997
Tournament k=4,43,158,67165.0,-1976345.2866666666,17685,67165,0.17330044444444448,0.1466666666666666
Tournament k=4,43,159,67165.0,-3758386.8933333335,17685,67165,0.16775644444444437,0.32666666666666666
Tournament k=4,43,160,67165.0,-3016898.4066666667,17685,67165,0.17691111111111116,0.2866666666666666
Tournament k=4,43,161,67165.0,-2925548.973333333,17685,67165,0.1747093333333334,0.24
Tournament k=4,43,162,67165.0,-3380639.12,17685,67165,0.18373688888888892,0.24
Tournament k=4,43,163,67165.0,-3749080.42,17685,67165,0.1825457777777778,0.2866666666666666
Tournament k=4,43,164,67165.0,-3409135.486666667,17685,67165,0.18266844444444438,0.30666666666666664
Tournament k=4,43,165,67165.0,-2798033.3666666667,17685,67165,0.18310666666666658,0.23333333333333328
Tournament k=4,43,166,67165.0,-3727154.446666667,17685,67165,0.1787519999999999,0.2733333333333333
Tournament k=4,43,167,67165.0,-3648421.946666667,17685,67165,0.16939644444444454,0.2866666666666666
Tournament k=4,43,168,67165.0,-4410983.173333333,17685,67165,0.17461244444444446,0.31999999999999995
Tournament k=4,43,169,67165.0,-3804128.84,17685,67165,0.1736177777777777,0.2666666666666667
Tournament k=4,43,170,67165.0,-4370215.033333333,17685,67165,0.17323644444444455,0.28
Tournament k=4,43,171,67165.0,-3485346.1866666665,17685,67165,0.17986400000000002,0.2466666666666667
Tournament k=4,43,172,67165.0,-2313212.5866666664,17685,67165,0.17692977777777785,0.18000000000000005
Tournament k=4,43,173,67165.0,-2370593.94,17685,67165,0.16795733333333332,0.20666666666666667
Tournament k=4,43,174,67165.0,-3058620.6933333334,17685,67165,0.15980977777777783,0.2466666666666667
Tournament k=4,43,175,67165.0,-4222758.653333333,17685,67165,0.16450844444444443,0.31333333333333335
Tournament k=4,43,176,67165.0,-2119490.933333333,17685,67165,0.16591911111111116,0.22666666666666668
Tournament k=4,43,177,67165.0,-5175981.906666666,17685,67165,0.1579626666666667,0.32666666666666666
Tournament k=4,43,178,67165.0,-2841245.7266666666,17685,67165,0.1567546666666667,0.22666666666666668
Tournament k=4,43,179,67165.0,-4607091.013333334,17685,67165,0.15514933333333336,0.31999999999999995
Tournament k=4,43,180,67165.0,-4411910.513333334,17685,67165,0.15810044444444443,0.3466666666666667
Tournament k=4,43,181,67165.0,-3898217.8733333335,17685,67165,0.16441688888888895,0.26
Tournament k=4,43,182,67165.0,-2617208.7733333334,17685,67165,0.1442657777777778,0.2466666666666667
Tournament k=4,43,183,67165.0,-3112100.46,17685,67165,0.14224888888888892,0.24
Tournament k=4,43,184,67165.0,-3527651.2533333334,17685,67165,0.14387555555555565,0.2733333333333333
Tournament k=4,43,185,67165.0,-2958007.2733333334,17685,67165,0.14298133333333335,0.2866666666666666
Tournament k=4,43,186,67165.0,-3735066.7933333335,17685,67165,0.1484177777777778,0.2866666666666666
Tournament k=4,43,187,67165.0,-3572654.42,17685,67165,0.1550106666666667,0.2466666666666667
Tournament k=4,43,188,67165.0,-3588786.56,17685,67165,0.15438133333333345,0.26
Tournament k=4,43,189,67165.0,-3627374.5866666664,17685,67165,0.15533244444444447,0.2733333333333333
Tournament k=4,43,190,67165.0,-5029311.48,17685,67165,0.15743111111111113,0.28
Tournament k=4,43,191,67165.0,-2529860.493333333,17685,67165,0.1589128888888889,0.2533333333333333
Tournament k=4,43,192,67165.0,-3975861.26,17685,67165,0.15776800000000002,0.2466666666666667
Tournament k=4,43,193,67165.0,-3442690.88,17685,67165,0.15015199999999995,0.26
Tournament k=4,43,194,67165.0,-3736352.6333333333,17685,67165,0.152928,0.23333333333333328
Tournament k=4,43,195,67165.0,-3686281.1466666665,17685,67165,0.15012622222222222,0.29333333333333333
Tournament k=4,43,196,67165.0,-3059346.933333333,17685,67165,0.15116622222222226,0.2466666666666667
Tournament k=4,43,197,67165.0,-4649412.5,17685,67165,0.15626222222222225,0.30666666666666664
Tournament k=4,43,198,67165.0,-3165984.2866666666,17685,67165,0.14700711111111112,0.24
Tournament k=4,43,199,67165.0,-2474913.7933333335,17685,67165,0.15173066666666668,0.18666666666666665
Tournament k=4,43,200,67165.0,-2365047.8,17685,67165,0.15865511111111108,0.19333333333333336
Tournament k=4,44,0,51993.0,-14890690.52,16851,51993,0.4965537777777776,0.4866666666666667
Tournament k=4,44,1,52176.0,-3415529.1,16872,52176,0.48523199999999994,0.21333333333333337
Tournament k=4,44,2,53221.0,-2154343.3133333335,16827,53221,0.46025866666666654,0.15333333333333332
Tournament k=4,44,3,55311.0,-2685922.7133333334,16737,55311,0.43206488888888883,0.20666666666666667
Tournament k=4,44,4,56072.0,-4650068.78,17484,56072,0.3952355555555557,0.2533333333333333
Tournament k=4,44,5,57088.0,-3133370.7533333334,16776,57088,0.3541404444444444,0.24
Tournament k=4,44,6,59284.0,-3074078.58,17028,59284,0.3491857777777777,0.22666666666666668
Tournament k=4,44,7,59284.0,-4317086.806666667,17028,59284,0.3299262222222222,0.24
Tournament k=4,44,8,61037.0,-4185592.2933333335,17559,61037,0.3020871111111111,0.2533333333333333
Tournament k=4,44,9,61952.0,-3426250.486666667,17664,61952,0.29288977777777786,0.2466666666666667
Tournament k=4,44,10,62183.0,-3654317.2066666665,16701,62183,0.2801928888888888,0.24
Tournament k=4,44,11,62838.0,-3197144.1133333333,17106,62838,0.2608088888888889,0.26
Tournament k=4,44,12,63676.0,-3165923.38,17532,63676,0.26337333333333324,0.19999999999999996
Tournament k=4,44,13,63676.0,-2588069.473333333,17532,63676,0.2631742222222222,0.21333333333333337
Tournament k=4,44,14,63676.0,-3236216.2866666666,17532,63676,0.25256533333333325,0.2466666666666667
Tournament k=4,44,15,63676.0,-2872523.96,17532,63676,0.24881155555555562,0.21333333333333337
Tournament k=4,44,16,63676.0,-3181505.96,17532,63676,0.25221333333333334,0.2666666666666667
Tournament k=4,44,17,64591.0,-2765098.18,17637,64591,0.256304,0.19999999999999996
Tournament k=4,44,18,65152.0,-3640120.5,17454,65152,0.2580986666666666,0.22666666666666668
Tournament k=4,44,19,65152.0,-2802061.46,17454,65152,0.24858133333333335,0.19999999999999996
Tournament k=4,44,20,65660.0,-4077589.7533333334,17100,65660,0.2454053333333334,0.2466666666666667
Tournament k=4,44,21,65660.0,-2694335.94,17100,65660,0.24604799999999996,0.23333333333333328
Tournament k=4,44,22,65660.0,-2612220.973333333,17100,65660,0.24095466666666662,0.20666666666666667
Tournament k=4,44,23,66079.0,-2341616.4133333336,17313,66079,0.2431751111111111,0.21999999999999997
Tournament k=4,44,24,66079.0,-3080541.0733333332,17313,66079,0.2453475555555555,0.26
Tournament k=4,44,25,66079.0,-2399348.44,17313,66079,0.24164977777777774,0.18000000000000005
Tournament k=4,44,26,66079.0,-2653769.446666667,17313,66079,0.24118488888888887,0.20666666666666667
Tournament k=4,44,27,66079.0,-3925117.1933333334,17313,66079,0.24568355555555563,0.28
Tournament k=4,44,28,66091.0,-4188920.0866666664,17067,66091,0.23276355555555558,0.26
Tournament k=4,44,29,66433.0,-2108019.493333333,17601,66433,0.2252613333333333,0.18666666666666665
Tournament k=4,44,30,66433.0,-2926749.6733333333,17601,66433,0.21413955555555553,0.21999999999999997
Tournament k=4,44,31,66864.0,-3369556.1866666665,17568,66864,0.19574666666666668,0.2466666666666667
Tournament k=4,44,32,66864.0,-2740201.9133333336,17568,66864,0.19598933333333338,0.19333333333333336
Tournament k=4,44,33,66864.0,-2734629.0733333332,17568,66864,0.17626222222222215,0.18666666666666665
Tournament k=4,44,34,66864.0,-2882716.6066666665,17568,66864,0.17377333333333334,0.21999999999999997
Tournament k=4,44,35,66982.0,-4478214.833333333,17664,66982,0.17628977777777777,0.36
Tournament k=4,44,36,66982.0,-4344588.92,17664,66982,0.176512888888889,0.30666666666666664
Tournament k=4,44,37,66982.0,-2996830.1466666665,17664,66982,0.18301866666666672,0.22666666666666668
Tournament k=4,44,38,66982.0,-3997849.68,17664,66982,0.19154933333333343,0.30666666666666664
Tournament k=4,44,39,66982.0,-3088908.2666666666,17664,66982,0.19040800000000008,0.2733333333333333
Tournament k=4,44,40,66982.0,-3792114.14,17664,66982,0.18387555555555563,0.2533333333333333
Tournament k=4,44,41,66982.0,-3053226.566666667,17664,66982,0.18769244444444452,0.2466666666666667
Tournament k=4,44,42,66982.0,-2064857.4466666668,17664,66982,0.18256622222222227,0.22666666666666668
Tournament k=4,44,43,66982.0,-3273708.4,17664,66982,0.18013955555555558,0.2733333333333333
Tournament k=4,44,44,66982.0,-3765407.12,17664,66982,0.18066044444444448,0.24
Tournament k=4,44,45,66982.0,-2496350.26,17664,66982,0.18248444444444445,0.24
Tournament k=4,44,46,66982.0,-4051857.68,17664,66982,0.1786542222222223,0.26
Tournament k=4,44,47,66982.0,-2858976.453333333,17664,66982,0.18287111111111107,0.23333333333333328
Tournament k=4,44,48,66982.0,-2310415.2666666666,17664,66982,0.18693333333333334,0.23333333333333328
Tournament k=4,44,49,66982.0,-2747856.566666667,17664,66982,0.19001333333333348,0.26
Tournament k=4,44,50,66982.0,-3284674.8866666667,17664,66982,0.1824195555555555,0.2533333333333333
Tournament k=4,44,51,66982.0,-3811708.3733333335,17664,66982,0.18220177777777782,0.30666666666666664
Tournament k=4,44,52,66982.0,-1964153.5533333332,17664,66982,0.18148622222222227,0.19999999999999996
Tournament k=4,44,53,66982.0,-2671085.26,17664,66982,0.18337422222222216,0.22666666666666668
Tournament k=4,44,54,66982.0,-2007577.86,17664,66982,0.187224,0.22666666666666668
Tournament k=4,44,55,66982.0,-3111725.7733333334,17664,66982,0.1790444444444444,0.23333333333333328
Tournament k=4,44,56,66982.0,-2894504.94,17664,66982,0.1806737777777778,0.22666666666666668
Tournament k=4,44,57,66982.0,-3307173.3,17664,66982,0.17951911111111116,0.2466666666666667
Tournament k=4,44,58,67165.0,-3461577.953333333,17685,67165,0.18306044444444441,0.2866666666666666
Tournament k=4,44,59,67165.0,-3536108.08,17685,67165,0.18689777777777777,0.28
Tournament k=4,44,60,67165.0,-2610002.953333333,17685,67165,0.17490666666666663,0.21999999999999997
Tournament k=4,44,61,67165.0,-3573214.053333333,17685,67165,0.175296,0.2666666666666667
Tournament k=4,44,62,67165.0,-3386996.6066666665,17685,67165,0.17703466666666667,0.22666666666666668
Tournament k=4,44,63,67165.0,-2502375.8733333335,17685,67165,0.1671937777777777,0.2466666666666667
Tournament k=4,44,64,67165.0,-4009438.18,17685,67165,0.16143911111111117,0.31333333333333335
Tournament k=4,44,65,67165.0,-2841981.2866666666,17685,67165,0.15698311111111118,0.28
Tournament k=4,44,66,67165.0,-4135303.36,17685,67165,0.15909511111111116,0.2866666666666666
Tournament k=4,44,67,67165.0,-3521787.0,17685,67165,0.16999822222222222,0.2733333333333333
Tournament k=4,44,68,67165.0,-3738281.9066666667,17685,67165,0.1715253333333333,0.26
Tournament k=4,44,69,67165.0,-3278618.48,17685,67165,0.15938044444444452,0.2533333333333333
Tournament k=4,44,70,67165.0,-3098943.8333333335,17685,67165,0.1699297777777778,0.21333333333333337
Tournament k=4,44,71,67165.0,-4172550.22,17685,67165,0.16355111111111115,0.24
Tournament k=4,44,72,67165.0,-3357896.64,17685,67165,0.1612746666666667,0.24
Tournament k=4,44,73,67165.0,-3616321.1666666665,17685,67165,0.15150577777777777,0.28
Tournament k=4,44,74,67165.0,-4115455.1866666665,17685,67165,0.14228888888888888,0.33333333333333337
Tournament k=4,44,75,67165.0,-3439092.2666666666,17685,67165,0.13785599999999995,0.26
Tournament k=4,44,76,67165.0,-2613369.26,17685,67165,0.134448,0.24
Tournament k=4,44,77,67165.0,-2572453.56,17685,67165,0.12782044444444451,0.22666666666666668
Tournament k=4,44,78,67165.0,-2853284.08,17685,67165,0.13103733333333337,0.2466666666666667
Tournament k=4,44,79,67165.0,-2523387.6666666665,17685,67165,0.13203555555555563,0.26
Tournament k=4,44,80,67165.0,-1852828.1466666667,17685,67165,0.13965777777777777,0.16000000000000003
Tournament k=4,44,81,67165.0,-2775036.7866666666,17685,67165,0.1311191111111112,0.2733333333333333
Tournament k=4,44,82,67165.0,-2452609.033333333,17685,67165,0.12475822222222226,0.19333333333333336
Tournament k=4,44,83,67165.0,-2795440.86,17685,67165,0.12347822222222227,0.26
Tournament k=4,44,84,67165.0,-3022281.953333333,17685,67165,0.1259857777777778,0.2533333333333333
Tournament k=4,44,85,67165.0,-2509895.8533333335,17685,67165,0.12137866666666669,0.24
Tournament k=4,44,86,67165.0,-3438642.12,17685,67165,0.12375555555555554,0.28
Tournament k=4,44,87,67165.0,-3449351.1333333333,17685,67165,0.1298995555555556,0.28
Tournament k=4,44,88,67165.0,-1701319.62,17685,67165,0.1286693333333334,0.20666666666666667
Tournament k=4,44,89,67165.0,-3663723.74,17685,67165,0.14137955555555556,0.28
Tournament k=4,44,90,67165.0,-3125032.02,17685,67165,0.13652355555555562,0.2533333333333333
Tournament k=4,44,91,67165.0,-2393586.76,17685,67165,0.1368835555555556,0.24
Tournament k=4,44,92,67165.0,-3284464.7666666666,17685,67165,0.13338133333333338,0.30666666666666664
Tournament k=4,44,93,67165.0,-2741361.6466666665,17685,67165,0.1251591111111111,0.21333333333333337
Tournament k=4,44,94,67165.0,-1597942.54,17685,67165,0.12783466666666665,0.26
Tournament k=4,44,95,67165.0,-2731135.74,17685,67165,0.13447111111111115,0.24
Tournament k=4,44,96,67165.0,-2465462.3533333335,17685,67165,0.14680888888888896,0.2466666666666667
Tournament k=4,44,97,67165.0,-3429302.0866666664,17685,67165,0.14783644444444452,0.23333333333333328
Tournament k=4,44,98,67165.0,-3816835.12,17685,67165,0.1476035555555556,0.30000000000000004
Tournament k=4,44,99,67165.0,-3623923.04,17685,67165,0.15444622222222226,0.31999999999999995
Tournament k=4,44,100,67165.0,-3748458.38,17685,67165,0.1576453333333333,0.30000000000000004
Tournament k=4,44,101,67165.0,-4189605.6733333333,17685,67165,0.15698666666666664,0.2733333333333333
Tournament k=4,44,102,67165.0,-3144282.513333333,17685,67165,0.15266933333333332,0.26
Tournament k=4,44,103,67165.0,-3847041.513333333,17685,67165,0.15628622222222233,0.23333333333333328
Tournament k=4,44,104,67165.0,-2953915.433333333,17685,67165,0.15626933333333332,0.24
Tournament k=4,44,105,67165.0,-2001769.3,17685,67165,0.15296266666666666,0.18000000000000005
Tournament k=4,44,106,67165.0,-3574731.22,17685,67165,0.1476284444444445,0.24
Tournament k=4,44,107,67165.0,-2077172.6733333333,17685,67165,0.149336,0.19999999999999996
Tournament k=4,44,108,67165.0,-4005377.66,17685,67165,0.14830844444444444,0.29333333333333333
Tournament k=4,44,109,67165.0,-2991936.8666666667,17685,67165,0.1554168888888889,0.21333333333333337
Tournament k=4,44,110,67165.0,-1613356.2866666666,17685,67165,0.15624000000000002,0.19333333333333336
Tournament k=4,44,111,67165.0,-3742598.8533333335,17685,67165,0.15368533333333334,0.26
Tournament k=4,44,112,67165.0,-3036944.7066666665,17685,67165,0.15549422222222228,0.29333333333333333
Tournament k=4,44,113,67165.0,-1827610.7866666666,17685,67165,0.15547822222222227,0.18000000000000005
Tournament k=4,44,114,67165.0,-3214989.02,17685,67165,0.1535493333333334,0.2466666666666667
Tournament k=4,44,115,67165.0,-3341251.0,17685,67165,0.15501422222222228,0.2733333333333333
Tournament k=4,44,116,67165.0,-3236634.74,17685,67165,0.1605751111111112,0.28
Tournament k=4,44,117,67165.0,-2819680.026666667,17685,67165,0.15918133333333337,0.2466666666666667
Tournament k=4,44,118,67165.0,-4021828.14,17685,67165,0.15502222222222226,0.2666666666666667
Tournament k=4,44,119,67165.0,-3238933.2,17685,67165,0.15631555555555554,0.2733333333333333
Tournament k=4,44,120,67165.0,-2617636.2933333335,17685,67165,0.16126933333333335,0.21333333333333337
Tournament k=4,44,121,67165.0,-3051030.973333333,17685,67165,0.15566577777777776,0.2666666666666667
Tournament k=4,44,122,67165.0,-2444423.24,17685,67165,0.14252,0.21999999999999997
Tournament k=4,44,123,67165.0,-4105722.8733333335,17685,67165,0.13817599999999997,0.3533333333333334
Tournament k=4,44,124,67165.0,-2176284.5866666664,17685,67165,0.1415706666666667,0.21999999999999997
Tournament k=4,44,125,67165.0,-3279771.6333333333,17685,67165,0.14275733333333337,0.2866666666666666
Tournament k=4,44,126,67165.0,-3471821.513333333,17685,67165,0.14321333333333333,0.33333333333333337
Tournament k=4,44,127,67165.0,-2869997.3266666667,17685,67165,0.1500746666666667,0.24
Tournament k=4,44,128,67165.0,-3194543.1266666665,17685,67165,0.15465333333333336,0.2466666666666667
Tournament k=4,44,129,67165.0,-3069348.506666667,17685,67165,0.14794311111111114,0.2466666666666667
Tournament k=4,44,130,67165.0,-3844729.3866666667,17685,67165,0.156384,0.29333333333333333
Tournament k=4,44,131,67165.0,-3165538.24,17685,67165,0.15619911111111118,0.2866666666666666
Tournament k=4,44,132,67165.0,-2250082.46,17685,67165,0.1628702222222223,0.21333333333333337
Tournament k=4,44,133,67165.0,-3145812.3666666667,17685,67165,0.15925244444444442,0.2466666666666667
Tournament k=4,44,134,67165.0,-4633502.48,17685,67165,0.15388622222222226,0.32666666666666666
Tournament k=4,44,135,67165.0,-1870988.9266666668,17685,67165,0.15912888888888893,0.18666666666666665
Tournament k=4,44,136,67165.0,-2571431.96,17685,67165,0.15096355555555552,0.24
Tournament k=4,44,137,67165.0,-2513247.72,17685,67165,0.15612444444444445,0.22666666666666668
Tournament k=4,44,138,67165.0,-4463200.393333334,17685,67165,0.16091911111111112,0.32666666666666666
Tournament k=4,44,139,67165.0,-2664176.82,17685,67165,0.15852533333333338,0.2466666666666667
Tournament k=4,44,140,67165.0,-3979722.66,17685,67165,0.15653600000000006,0.2666666666666667
Tournament k=4,44,141,67165.0,-2940001.16,17685,67165,0.1515351111111111,0.23333333333333328
Tournament k=4,44,142,67165.0,-2772861.8466666667,17685,67165,0.15149955555555553,0.22666666666666668
Tournament k=4,44,143,67165.0,-3982087.06,17685,67165,0.14421688888888895,0.2866666666666666
Tournament k=4,44,144,67165.0,-3370637.2066666665,17685,67165,0.14748622222222227,0.29333333333333333
Tournament k=4,44,145,67165.0,-3429192.6933333334,17685,67165,0.14092711111111114,0.2733333333333333
Tournament k=4,44,146,67165.0,-2403013.36,17685,67165,0.14260533333333336,0.18666666666666665
Tournament k=4,44,147,67165.0,-2269100.04,17685,67165,0.1292782222222222,0.20666666666666667
Tournament k=4,44,148,67165.0,-5294334.333333333,17685,67165,0.12523111111111118,0.3666666666666667
Tournament k=4,44,149,67165.0,-3878031.74,17685,67165,0.13937777777777785,0.2866666666666666
Tournament k=4,44,150,67165.0,-2462202.88,17685,67165,0.14078488888888885,0.26
Tournament k=4,44,151,67165.0,-2615471.7533333334,17685,67165,0.15300622222222224,0.2733333333333333
Tournament k=4,44,152,67165.0,-3206374.3266666667,17685,67165,0.16365599999999997,0.22666666666666668
Tournament k=4,44,153,67165.0,-1246026.0733333332,17685,67165,0.1642702222222222,0.1333333333333333
Tournament k=4,44,154,67165.0,-4197224.753333333,17685,67165,0.16343111111111105,0.30666666666666664
Tournament k=4,44,155,67165.0,-2105474.18,17685,67165,0.16420622222222228,0.19333333333333336
Tournament k=4,44,156,67165.0,-2917449.986666667,17685,67165,0.17331733333333332,0.2733333333333333
Tournament k=4,44,157,67165.0,-2929543.493333333,17685,67165,0.17247200000000004,0.24
Tournament k=4,44,158,67165.0,-2488371.6266666665,17685,67165,0.1744684444444445,0.19333333333333336
Tournament k=4,44,159,67165.0,-4190445.1466666665,17685,67165,0.17739022222222217,0.31333333333333335
Tournament k=4,44,160,67165.0,-1666390.6666666667,17685,67165,0.17782311111111113,0.21999999999999997
Tournament k=4,44,161,67165.0,-2057385.8266666667,17685,67165,0.16572000000000006,0.18666666666666665
Tournament k=4,44,162,67165.0,-2897993.24,17685,67165,0.16151822222222226,0.2466666666666667
Tournament k=4,44,163,67165.0,-3279870.1666666665,17685,67165,0.1589671111111111,0.2466666666666667
Tournament k=4,44,164,67165.0,-2490379.52,17685,67165,0.14647377777777784,0.2533333333333333
Tournament k=4,44,165,67165.0,-3278980.2133333334,17685,67165,0.1440577777777778,0.26
Tournament k=4,44,166,67165.0,-3405866.0933333333,17685,67165,0.14666666666666672,0.30666666666666664
Tournament k=4,44,167,67165.0,-2631290.22,17685,67165,0.14833777777777782,0.21999999999999997
Tournament k=4,44,168,67165.0,-2932838.78,17685,67165,0.14691199999999996,0.26
Tournament k=4,44,169,67165.0,-3077611.68,17685,67165,0.14025688888888893,0.21333333333333337
Tournament k=4,44,170,67165.0,-1853073.4266666668,17685,67165,0.14549511111111116,0.18666666666666665
Tournament k=4,44,171,67165.0,-2313651.96,17685,67165,0.14201422222222226,0.19999999999999996
Tournament k=4,44,172,67165.0,-2448287.6333333333,17685,67165,0.1477884444444445,0.24
Tournament k=4,44,173,67165.0,-3504270.3733333335,17685,67165,0.14957866666666678,0.26
Tournament k=4,44,174,67165.0,-2211372.72,17685,67165,0.1535128888888889,0.22666666666666668
Tournament k=4,44,175,67165.0,-3694018.3666666667,17685,67165,0.15091644444444446,0.28
Tournament k=4,44,176,67165.0,-3369757.553333333,17685,67165,0.1637084444444444,0.30666666666666664
Tournament k=4,44,177,67165.0,-2368086.493333333,17685,67165,0.1624897777777778,0.21333333333333337
Tournament k=4,44,178,67165.0,-3222153.6333333333,17685,67165,0.16122844444444445,0.2866666666666666
Tournament k=4,44,179,67165.0,-3153368.506666667,17685,67165,0.1661111111111111,0.2733333333333333
Tournament k=4,44,180,67165.0,-3198019.2133333334,17685,67165,0.16842488888888885,0.29333333333333333
Tournament k=4,44,181,67165.0,-4241656.08,17685,67165,0.17770400000000006,0.20666666666666667
Tournament k=4,44,182,67165.0,-3414358.0866666664,17685,67165,0.1800835555555556,0.23333333333333328
Tournament k=4,44,183,67165.0,-3880346.2533333334,17685,67165,0.1742,0.30000000000000004
Tournament k=4,44,184,67165.0,-3598841.78,17685,67165,0.16261333333333344,0.26
Tournament k=4,44,185,67165.0,-2932074.62,17685,67165,0.1654977777777778,0.24
Tournament k=4,44,186,67165.0,-2823879.6733333333,17685,67165,0.16042577777777775,0.22666666666666668
Tournament k=4,44,187,67165.0,-3337651.5933333333,17685,67165,0.1581173333333334,0.2866666666666666
Tournament k=4,44,188,67165.0,-4335465.486666666,17685,67165,0.15121155555555557,0.31999999999999995
Tournament k=4,44,189,67165.0,-4076633.5933333333,17685,67165,0.15190577777777778,0.26
Tournament k=4,44,190,67165.0,-3578483.3866666667,17685,67165,0.14909333333333333,0.2733333333333333
Tournament k=4,44,191,67165.0,-3255101.7466666666,17685,67165,0.1494453333333334,0.28
Tournament k=4,44,192,67165.0,-3321952.38,17685,67165,0.15606311111111112,0.30000000000000004
Tournament k=4,44,193,67165.0,-3329769.68,17685,67165,0.1558693333333334,0.2533333333333333
Tournament k=4,44,194,67165.0,-2867319.56,17685,67165,0.15949688888888894,0.26
Tournament k=4,44,195,67165.0,-3718090.7133333334,17685,67165,0.16451288888888893,0.31333333333333335
Tournament k=4,44,196,67165.0,-1948032.8866666667,17685,67165,0.17048266666666673,0.18000000000000005
Tournament k=4,44,197,67165.0,-4543585.433333334,17685,67165,0.17676977777777775,0.26
Tournament k=4,44,198,67165.0,-3048063.946666667,17685,67165,0.17604888888888895,0.23333333333333328
Tournament k=4,44,199,67165.0,-3623149.56,17685,67165,0.17419911111111108,0.2666666666666667
Tournament k=4,44,200,67165.0,-2903877.5866666664,17685,67165,0.19110222222222226,0.2466666666666667
Tournament k=4,45,0,51191.0,-22634740.36,15687,51191,0.49700977777777744,0.5933333333333333
Tournament k=4,45,1,51191.0,-4973037.433333334,15687,51191,0.49082399999999987,0.2866666666666666
Tournament k=4,45,2,53888.0,-3651580.513333333,16986,53888,0.47128444444444434,0.19999999999999996
Tournament k=4,45,3,56267.0,-3028577.6533333333,17259,56267,0.4433191111111113,0.16666666666666663
Tournament k=4,45,4,58540.0,-4399686.453333333,17190,58540,0.4128435555555555,0.2466666666666667
Tournament k=4,45,5,58540.0,-2423874.6133333333,17190,58540,0.38924977777777775,0.19333333333333336
Tournament k=4,45,6,59927.0,-2525673.446666667,17679,59927,0.36795288888888883,0.22666666666666668
Tournament k=4,45,7,59927.0,-3729945.62,17679,59927,0.34502488888888905,0.2533333333333333
Tournament k=4,45,8,60943.0,-1564618.5666666667,16971,60943,0.3259120000000001,0.14
Tournament k=4,45,9,61285.0,-3658738.1666666665,17505,61285,0.31926755555555547,0.28
Tournament k=4,45,10,61552.0,-3515449.06,15804,61552,0.31711022222222224,0.21333333333333337
Tournament k=4,45,11,63440.0,-3021267.78,17340,63440,0.298768,0.20666666666666667
Tournament k=4,45,12,64001.0,-2140923.4066666667,17157,64001,0.29254755555555545,0.19999999999999996
Tournament k=4,45,13,65400.0,-3196495.02,17400,65400,0.2849937777777778,0.19999999999999996
Tournament k=4,45,14,65400.0,-4913944.893333334,17400,65400,0.2790248888888889,0.2866666666666666
Tournament k=4,45,15,65583.0,-4001091.1066666665,17421,65583,0.272744,0.22666666666666668
Tournament k=4,45,16,65884.0,-3938269.3866666667,17538,65884,0.2553671111111111,0.29333333333333333
Tournament k=4,45,17,65884.0,-3927738.8866666667,17538,65884,0.21961511111111112,0.2466666666666667
Tournament k=4,45,18,65884.0,-3478862.8266666667,17538,65884,0.19902755555555562,0.24
Tournament k=4,45,19,65884.0,-4008281.433333333,17538,65884,0.19045866666666672,0.28
Tournament k=4,45,20,66079.0,-2184996.1733333333,17313,66079,0.17672533333333335,0.19333333333333336
Tournament k=4,45,21,66079.0,-2375322.4066666667,17313,66079,0.17105688888888892,0.22666666666666668
Tournament k=4,45,22,66079.0,-2325303.5866666664,17313,66079,0.16545066666666666,0.20666666666666667
Tournament k=4,45,23,66079.0,-1892407.3666666667,17313,66079,0.16724533333333336,0.17333333333333334
Tournament k=4,45,24,66132.0,-2663414.1266666665,17484,66132,0.17415911111111115,0.2666666666666667
Tournament k=4,45,25,66433.0,-2693691.7,17601,66433,0.1726497777777778,0.21999999999999997
Tournament k=4,45,26,66433.0,-4268189.233333333,17601,66433,0.17457244444444445,0.30000000000000004
Tournament k=4,45,27,66433.0,-2974477.52,17601,66433,0.16911733333333337,0.26
Tournament k=4,45,28,66433.0,-2870558.053333333,17601,66433,0.16361244444444437,0.2533333333333333
Tournament k=4,45,29,66616.0,-2511271.1733333333,17622,66616,0.1588284444444445,0.20666666666666667
Tournament k=4,45,30,66616.0,-4060372.973333333,17622,66616,0.16663644444444453,0.2866666666666666
Tournament k=4,45,31,66616.0,-3375144.1533333333,17622,66616,0.1766897777777778,0.2666666666666667
Tournament k=4,45,32,66616.0,-2786964.5866666664,17622,66616,0.18695377777777783,0.2533333333333333
Tournament k=4,45,33,66616.0,-3893125.1866666665,17622,66616,0.18262400000000004,0.26
Tournament k=4,45,34,66616.0,-3155053.3666666667,17622,66616,0.18590666666666672,0.20666666666666667
Tournament k=4,45,35,66616.0,-2978186.76,17622,66616,0.18394133333333337,0.19333333333333336
Tournament k=4,45,36,66616.0,-4416906.3133333335,17622,66616,0.18009866666666668,0.30000000000000004
Tournament k=4,45,37,66616.0,-2691368.1666666665,17622,66616,0.18835999999999997,0.21333333333333337
Tournament k=4,45,38,66799.0,-3457714.1866666665,17643,66799,0.18296177777777772,0.2866666666666666
Tournament k=4,45,39,67165.0,-2576925.8933333335,17685,67165,0.18433244444444444,0.24
Tournament k=4,45,40,67165.0,-3196827.2066666665,17685,67165,0.18052622222222223,0.20666666666666667
Tournament k=4,45,41,67165.0,-4028500.4066666667,17685,67165,0.1907502222222222,0.28
Tournament k=4,45,42,67165.0,-3349056.473333333,17685,67165,0.19508977777777772,0.28
Tournament k=4,45,43,67165.0,-4538973.7,17685,67165,0.20337333333333332,0.30666666666666664
Tournament k=4,45,44,67165.0,-4821366.6466666665,17685,67165,0.20804622222222233,0.2733333333333333
Tournament k=4,45,45,67165.0,-3606704.04,17685,67165,0.2070613333333334,0.22666666666666668
Tournament k=4,45,46,67165.0,-3195846.7266666666,17685,67165,0.2066808888888888,0.22666666666666668
Tournament k=4,45,47,67165.0,-4263285.513333334,17685,67165,0.20463377777777786,0.2866666666666666
Tournament k=4,45,48,67165.0,-3151502.1333333333,17685,67165,0.1995706666666667,0.21333333333333337
Tournament k=4,45,49,67165.0,-4732685.126666667,17685,67165,0.19076533333333337,0.31333333333333335
Tournament k=4,45,50,67165.0,-2697913.28,17685,67165,0.18924355555555558,0.21333333333333337
Tournament k=4,45,51,67165.0,-2352465.2133333334,17685,67165,0.17380266666666674,0.22666666666666668
Tournament k=4,45,52,67165.0,-3978859.02,17685,67165,0.16492888888888887,0.28
Tournament k=4,45,53,67165.0,-4488569.266666667,17685,67165,0.15930133333333335,0.2866666666666666
Tournament k=4,45,54,67165.0,-3707415.3666666667,17685,67165,0.17083911111111114,0.2466666666666667
Tournament k=4,45,55,67165.0,-3396718.6266666665,17685,67165,0.15350311111111112,0.21999999999999997
Tournament k=4,45,56,67165.0,-3056093.06,17685,67165,0.1556213333333333,0.2533333333333333
Tournament k=4,45,57,67165.0,-3216966.6533333333,17685,67165,0.15267022222222223,0.28
Tournament k=4,45,58,67165.0,-3643173.3866666667,17685,67165,0.1679991111111111,0.2733333333333333
Tournament k=4,45,59,67165.0,-2538253.013333333,17685,67165,0.16015466666666672,0.24
Tournament k=4,45,60,67165.0,-2695872.7133333334,17685,67165,0.14945866666666674,0.23333333333333328
Tournament k=4,45,61,67165.0,-3642047.026666667,17685,67165,0.13645244444444452,0.29333333333333333
Tournament k=4,45,62,67165.0,-3053375.7466666666,17685,67165,0.12929066666666666,0.2733333333333333
Tournament k=4,45,63,67165.0,-3396543.466666667,17685,67165,0.12547466666666673,0.2533333333333333
Tournament k=4,45,64,67165.0,-2095303.8733333333,17685,67165,0.1303626666666667,0.19333333333333336
Tournament k=4,45,65,67165.0,-2386657.3466666667,17685,67165,0.13166933333333333,0.21999999999999997
Tournament k=4,45,66,67165.0,-3329457.3733333335,17685,67165,0.12715200000000004,0.2866666666666666
Tournament k=4,45,67,67165.0,-1540337.4266666668,17685,67165,0.13539022222222227,0.17333333333333334
Tournament k=4,45,68,67165.0,-3577963.9133333336,17685,67165,0.13693866666666676,0.2733333333333333
Tournament k=4,45,69,67165.0,-4301689.693333333,17685,67165,0.1432888888888889,0.30666666666666664
Tournament k=4,45,70,67165.0,-2502264.1466666665,17685,67165,0.1417688888888889,0.19333333333333336
Tournament k=4,45,71,67165.0,-2224622.8533333335,17685,67165,0.14210222222222238,0.21999999999999997
Tournament k=4,45,72,67165.0,-3804988.1333333333,17685,67165,0.1433306666666667,0.2533333333333333
Tournament k=4,45,73,67165.0,-3276016.2333333334,17685,67165,0.1403093333333333,0.20666666666666667
Tournament k=4,45,74,67165.0,-2988810.98,17685,67165,0.1446026666666667,0.2666666666666667
Tournament k=4,45,75,67165.0,-3092500.1733333333,17685,67165,0.14294933333333332,0.21333333333333337
Tournament k=4,45,76,67165.0,-4042117.946666667,17685,67165,0.14416888888888885,0.30666666666666664
Tournament k=4,45,77,67165.0,-3766449.56,17685,67165,0.14434844444444445,0.2666666666666667
Tournament k=4,45,78,67165.0,-2078032.4333333333,17685,67165,0.1477955555555556,0.17333333333333334
Tournament k=4,45,79,67165.0,-2569507.86,17685,67165,0.1520266666666667,0.21999999999999997
Tournament k=4,45,80,67165.0,-2983245.986666667,17685,67165,0.15119822222222232,0.24
Tournament k=4,45,81,67165.0,-2842252.64,17685,67165,0.1502133333333334,0.22666666666666668
Tournament k=4,45,82,67165.0,-3208288.5733333332,17685,67165,0.1530124444444445,0.2466666666666667
Tournament k=4,45,83,67165.0,-2788825.6466666665,17685,67165,0.14975466666666667,0.21333333333333337
Tournament k=4,45,84,67165.0,-3182981.553333333,17685,67165,0.15712088888888895,0.24
Tournament k=4,45,85,67165.0,-2039798.7533333334,17685,67165,0.15770222222222224,0.26
Tournament k=4,45,86,67165.0,-2870485.6266666665,17685,67165,0.15257422222222228,0.24
Tournament k=4,45,87,67165.0,-2245951.64,17685,67165,0.14632711111111113,0.26
Tournament k=4,45,88,67165.0,-2239527.24,17685,67165,0.14305777777777778,0.20666666666666667
Tournament k=4,45,89,67165.0,-3340752.993333333,17685,67165,0.1460266666666667,0.2666666666666667
Tournament k=4,45,90,67165.0,-2624370.033333333,17685,67165,0.14110577777777783,0.26
Tournament k=4,45,91,67165.0,-2241799.3266666667,17685,67165,0.13500355555555557,0.2466666666666667
Tournament k=4,45,92,67165.0,-3451373.1866666665,17685,67165,0.14174311111111115,0.29333333333333333
Tournament k=4,45,93,67165.0,-2425796.62,17685,67165,0.14340088888888883,0.2733333333333333
Tournament k=4,45,94,67165.0,-2893283.3866666667,17685,67165,0.15437422222222222,0.24
Tournament k=4,45,95,67165.0,-2475549.986666667,17685,67165,0.16013511111111112,0.20666666666666667
Tournament k=4,45,96,67165.0,-3678318.1133333333,17685,67165,0.16962133333333337,0.28
Tournament k=4,45,97,67165.0,-3901230.1266666665,17685,67165,0.16775822222222228,0.31999999999999995
Tournament k=4,45,98,67165.0,-2543729.98,17685,67165,0.15655022222222223,0.18000000000000005
Tournament k=4,45,99,67165.0,-3302894.68,17685,67165,0.14068088888888897,0.30000000000000004
Tournament k=4,45,100,67165.0,-3491938.5866666664,17685,67165,0.1444471111111111,0.2866666666666666
Tournament k=4,45,101,67165.0,-2635711.1333333333,17685,67165,0.14125244444444454,0.20666666666666667
Tournament k=4,45,102,67165.0,-3064794.2733333334,17685,67165,0.1323875555555556,0.24
Tournament k=4,45,103,67165.0,-3440581.9,17685,67165,0.12363822222222233,0.22666666666666668
Tournament k=4,45,104,67165.0,-3055263.5733333332,17685,67165,0.1328017777777778,0.30000000000000004
Tournament k=4,45,105,67165.0,-4114075.2333333334,17685,67165,0.13013866666666668,0.31333333333333335
Tournament k=4,45,106,67165.0,-3636174.38,17685,67165,0.12905155555555559,0.28
Tournament k=4,45,107,67165.0,-3209261.3266666667,17685,67165,0.12520800000000007,0.2733333333333333
Tournament k=4,45,108,67165.0,-3043883.5933333333,17685,67165,0.13001955555555558,0.2533333333333333
Tournament k=4,45,109,67165.0,-2344447.3933333335,17685,67165,0.13536711111111116,0.2666666666666667
Tournament k=4,45,110,67165.0,-3100877.5866666664,17685,67165,0.13940355555555559,0.2533333333333333
Tournament k=4,45,111,67165.0,-2475465.566666667,17685,67165,0.1459413333333334,0.16000000000000003
Tournament k=4,45,112,67165.0,-2513803.64,17685,67165,0.13188355555555561,0.24
Tournament k=4,45,113,67165.0,-2655233.6266666665,17685,67165,0.1268044444444445,0.26
Tournament k=4,45,114,67165.0,-2835972.22,17685,67165,0.1359004444444445,0.24
Tournament k=4,45,115,67165.0,-1780187.8066666666,17685,67165,0.14424444444444448,0.21333333333333337
Tournament k=4,45,116,67165.0,-3694031.9,17685,67165,0.14500977777777777,0.26
Tournament k=4,45,117,67165.0,-3591797.2066666665,17685,67165,0.14719911111111114,0.30666666666666664
Tournament k=4,45,118,67165.0,-4536193.54,17685,67165,0.14475288888888893,0.30000000000000004
Tournament k=4,45,119,67165.0,-2851068.6266666665,17685,67165,0.1430995555555556,0.2733333333333333
Tournament k=4,45,120,67165.0,-3137746.82,17685,67165,0.1441262222222222,0.2466666666666667
Tournament k=4,45,121,67165.0,-3022071.506666667,17685,67165,0.13589955555555558,0.2466666666666667
Tournament k=4,45,122,67165.0,-2523282.1533333333,17685,67165,0.14222222222222228,0.20666666666666667
Tournament k=4,45,123,67165.0,-2680921.1933333334,17685,67165,0.14561066666666667,0.21333333333333337
Tournament k=4,45,124,67165.0,-3898704.4,17685,67165,0.13704,0.2733333333333333
Tournament k=4,45,125,67165.0,-3045976.473333333,17685,67165,0.1327635555555556,0.22666666666666668
Tournament k=4,45,126,67165.0,-3247033.953333333,17685,67165,0.12719733333333338,0.2866666666666666
Tournament k=4,45,127,67165.0,-3011752.6666666665,17685,67165,0.14649511111111121,0.26
Tournament k=4,45,128,67165.0,-3030967.8466666667,17685,67165,0.13732711111111112,0.24
Tournament k=4,45,129,67165.0,-2534542.14,17685,67165,0.13470222222222225,0.2666666666666667
Tournament k=4,45,130,67165.0,-4180106.006666667,17685,67165,0.1301937777777778,0.30666666666666664
Tournament k=4,45,131,67165.0,-3667143.946666667,17685,67165,0.13890133333333332,0.33333333333333337
Tournament k=4,45,132,67165.0,-1973973.9466666668,17685,67165,0.13606399999999996,0.21999999999999997
Tournament k=4,45,133,67165.0,-2125877.74,17685,67165,0.14013777777777783,0.15333333333333332
Tournament k=4,45,134,67165.0,-2899608.1066666665,17685,67165,0.13768444444444441,0.2733333333333333
Tournament k=4,45,135,67165.0,-2934664.66,17685,67165,0.1402666666666667,0.21999999999999997
Tournament k=4,45,136,67165.0,-3888671.2466666666,17685,67165,0.14309066666666667,0.28
Tournament k=4,45,137,67165.0,-1393696.34,17685,67165,0.14831466666666665,0.1466666666666666
Tournament k=4,45,138,67165.0,-3789629.64,17685,67165,0.1460017777777778,0.24
Tournament k=4,45,139,67165.0,-3720304.446666667,17685,67165,0.14736088888888887,0.30666666666666664
Tournament k=4,45,140,67165.0,-2846452.473333333,17685,67165,0.13979288888888894,0.2466666666666667
Tournament k=4,45,141,67165.0,-1723817.5266666666,17685,67165,0.13927644444444445,0.16666666666666663
Tournament k=4,45,142,67165.0,-2930061.8066666666,17685,67165,0.13717066666666675,0.2733333333333333
Tournament k=4,45,143,67165.0,-2902046.9266666668,17685,67165,0.13360533333333338,0.2866666666666666
Tournament k=4,45,144,67165.0,-2214051.466666667,17685,67165,0.1431813333333333,0.18000000000000005
Tournament k=4,45,145,67165.0,-2370097.46,17685,67165,0.14491111111111107,0.2533333333333333
Tournament k=4,45,146,67165.0,-2414264.533333333,17685,67165,0.14195199999999997,0.2466666666666667
Tournament k=4,45,147,67165.0,-3195491.4,17685,67165,0.1492977777777778,0.2666666666666667
Tournament k=4,45,148,67165.0,-3390501.1266666665,17685,67165,0.15301688888888892,0.2533333333333333
Tournament k=4,45,149,67165.0,-2525586.56,17685,67165,0.15370311111111112,0.21999999999999997
Tournament k=4,45,150,67165.0,-3316122.34,17685,67165,0.15126133333333333,0.24
Tournament k=4,45,151,67165.0,-2753247.8533333335,17685,67165,0.15528888888888892,0.24
Tournament k=4,45,152,67165.0,-3953662.6133333333,17685,67165,0.15958222222222224,0.2666666666666667
Tournament k=4,45,153,67165.0,-4314112.766666667,17685,67165,0.16543822222222226,0.2866666666666666
Tournament k=4,45,154,67165.0,-3266446.8333333335,17685,67165,0.1559173333333333,0.2533333333333333
Tournament k=4,45,155,67165.0,-3031770.3533333335,17685,67165,0.15211288888888894,0.22666666666666668
Tournament k=4,45,156,67165.0,-2907103.3333333335,17685,67165,0.14409422222222223,0.22666666666666668
Tournament k=4,45,157,67165.0,-3002636.2733333334,17685,67165,0.14382222222222224,0.2733333333333333
Tournament k=4,45,158,67165.0,-3552360.8933333335,17685,67165,0.144688,0.24
Tournament k=4,45,159,67165.0,-3087366.033333333,17685,67165,0.1413288888888889,0.21999999999999997
Tournament k=4,45,160,67165.0,-3337093.7933333335,17685,67165,0.14579199999999998,0.23333333333333328
Tournament k=4,45,161,67165.0,-3280595.3333333335,17685,67165,0.15393511111111113,0.2533333333333333
Tournament k=4,45,162,67165.0,-3009255.4133333336,17685,67165,0.15962399999999996,0.2666666666666667
Tournament k=4,45,163,67165.0,-2519241.946666667,17685,67165,0.1503831111111112,0.22666666666666668
Tournament k=4,45,164,67165.0,-3457885.066666667,17685,67165,0.15242933333333336,0.26
Tournament k=4,45,165,67165.0,-4823033.173333333,17685,67165,0.15219555555555558,0.29333333333333333
Tournament k=4,45,166,67165.0,-2718743.36,17685,67165,0.14492088888888888,0.2533333333333333
Tournament k=4,45,167,67165.0,-2875227.1733333333,17685,67165,0.144416,0.2533333333333333
Tournament k=4,45,168,67165.0,-3225534.02,17685,67165,0.15444177777777782,0.23333333333333328
Tournament k=4,45,169,67165.0,-3471233.84,17685,67165,0.16045155555555554,0.31333333333333335
Tournament k=4,45,170,67165.0,-2033263.0666666667,17685,67165,0.1597564444444444,0.23333333333333328
Tournament k=4,45,171,67165.0,-3070423.526666667,17685,67165,0.1517768888888889,0.24
Tournament k=4,45,172,67165.0,-2298753.6333333333,17685,67165,0.1485946666666667,0.19999999999999996
Tournament k=4,45,173,67165.0,-2818652.78,17685,67165,0.1359902222222223,0.2466666666666667
Tournament k=4,45,174,67165.0,-2864541.986666667,17685,67165,0.12603822222222225,0.23333333333333328
Tournament k=4,45,175,67165.0,-3052256.52,17685,67165,0.12354400000000006,0.22666666666666668
Tournament k=4,45,176,67165.0,-2372117.7,17685,67165,0.13024088888888893,0.22666666666666668
Tournament k=4,45,177,67165.0,-2964178.486666667,17685,67165,0.12730400000000006,0.28
Tournament k=4,45,178,67165.0,-3457417.2733333334,17685,67165,0.12899200000000002,0.21999999999999997
Tournament k=4,45,179,67165.0,-2854566.026666667,17685,67165,0.12791911111111115,0.2666666666666667
Tournament k=4,45,180,67165.0,-3054166.8333333335,17685,67165,0.1302915555555556,0.21333333333333337
Tournament k=4,45,181,67165.0,-3191035.3133333335,17685,67165,0.12794133333333332,0.28
Tournament k=4,45,182,67165.0,-3181951.26,17685,67165,0.140656,0.23333333333333328
Tournament k=4,45,183,67165.0,-2863868.553333333,17685,67165,0.14961600000000005,0.24
Tournament k=4,45,184,67165.0,-4120450.8733333335,17685,67165,0.1485635555555556,0.22666666666666668
Tournament k=4,45,185,67165.0,-3683007.2266666666,17685,67165,0.1463626666666666,0.22666666666666668
Tournament k=4,45,186,67165.0,-4291709.16,17685,67165,0.14660088888888897,0.29333333333333333
Tournament k=4,45,187,67165.0,-3612315.6733333333,17685,67165,0.1437333333333334,0.2533333333333333
Tournament k=4,45,188,67165.0,-3409245.1666666665,17685,67165,0.13862755555555553,0.2866666666666666
Tournament k=4,45,189,67165.0,-2446384.22,17685,67165,0.14234844444444444,0.2533333333333333
Tournament k=4,45,190,67165.0,-4450528.233333333,17685,67165,0.15451999999999996,0.29333333333333333
Tournament k=4,45,191,67165.0,-3274533.96,17685,67165,0.1460791111111112,0.2733333333333333
Tournament k=4,45,192,67165.0,-3316652.44,17685,67165,0.1496791111111111,0.2866666666666666
Tournament k=4,45,193,67165.0,-3134322.02,17685,67165,0.14986844444444444,0.23333333333333328
Tournament k=4,45,194,67165.0,-2448231.8,17685,67165,0.14070400000000005,0.21999999999999997
Tournament k=4,45,195,67165.0,-2804610.76,17685,67165,0.14421777777777778,0.21999999999999997
Tournament k=4,45,196,67165.0,-1848480.4133333333,17685,67165,0.15762488888888884,0.16666666666666663
Tournament k=4,45,197,67165.0,-3772131.1466666665,17685,67165,0.162424,0.2866666666666666
Tournament k=4,45,198,67165.0,-4128496.4133333336,17685,67165,0.16583644444444454,0.22666666666666668
Tournament k=4,45,199,67165.0,-3478684.32,17685,67165,0.15817244444444445,0.29333333333333333
Tournament k=4,45,200,67165.0,-2797124.993333333,17685,67165,0.1603991111111111,0.2466666666666667
Tournament k=4,46,0,51054.0,-18729384.1,17238,51054,0.4957777777777777,0.5066666666666666
Tournament k=4,46,1,54880.0,-4898139.126666667,16770,54880,0.486344,0.2733333333333333
Tournament k=4,46,2,54880.0,-2091777.2466666666,16770,54880,0.46817866666666674,0.16000000000000003
Tournament k=4,46,3,56007.0,-2880447.7066666665,17559,56007,0.4403582222222222,0.17333333333333334
Tournament k=4,46,4,56007.0,-3653881.24,17559,56007,0.4142693333333334,0.19333333333333336
Tournament k=4,46,5,58605.0,-2905384.1733333333,17115,58605,0.3679431111111113,0.24
Tournament k=4,46,6,58711.0,-3180969.1733333333,17457,58711,0.34889866666666686,0.18000000000000005
Tournament k=4,46,7,60329.0,-3232077.0,16983,60329,0.3342648888888889,0.19333333333333336
Tournament k=4,46,8,61834.0,-3750272.6333333333,17568,61834,0.31648711111111116,0.26
Tournament k=4,46,9,64774.0,-2883677.2333333334,17658,64774,0.30084800000000006,0.19999999999999996
Tournament k=4,46,10,64774.0,-2742969.2666666666,17658,64774,0.2878879999999999,0.21999999999999997
Tournament k=4,46,11,64774.0,-3220483.2333333334,17658,64774,0.27253688888888894,0.23333333333333328
Tournament k=4,46,12,64774.0,-2899742.2533333334,17658,64774,0.26095111111111113,0.20666666666666667
Tournament k=4,46,13,64774.0,-3150464.993333333,17658,64774,0.24255377777777784,0.20666666666666667
Tournament k=4,46,14,64774.0,-2682274.3866666667,17658,64774,0.23614488888888893,0.23333333333333328
Tournament k=4,46,15,65087.0,-3628155.066666667,17529,65087,0.2227733333333334,0.2733333333333333
Tournament k=4,46,16,65087.0,-3183683.973333333,17529,65087,0.20647466666666658,0.2733333333333333
Tournament k=4,46,17,65205.0,-2904378.8133333335,17625,65205,0.20103555555555555,0.24
Tournament k=4,46,18,65205.0,-3119255.84,17625,65205,0.20412177777777774,0.2666666666666667
Tournament k=4,46,19,65884.0,-3591701.493333333,17538,65884,0.21449155555555557,0.2666666666666667
Tournament k=4,46,20,65896.0,-2760415.513333333,17292,65896,0.21443644444444446,0.2466666666666667
Tournament k=4,46,21,65896.0,-3333226.28,17292,65896,0.21361599999999994,0.30666666666666664
Tournament k=4,46,22,65896.0,-2869644.7933333335,17292,65896,0.22033955555555548,0.22666666666666668
Tournament k=4,46,23,65896.0,-2809539.8533333335,17292,65896,0.2209608888888889,0.22666666666666668
Tournament k=4,46,24,66380.0,-3925377.32,17430,66380,0.21780088888888893,0.2666666666666667
Tournament k=4,46,25,66380.0,-2875619.433333333,17430,66380,0.22261600000000004,0.2733333333333333
Tournament k=4,46,26,66380.0,-3539393.946666667,17430,66380,0.22362755555555558,0.2466666666666667
Tournament k=4,46,27,66380.0,-3744001.52,17430,66380,0.2306444444444444,0.28
Tournament k=4,46,28,66563.0,-1421989.3466666667,17451,66563,0.21926222222222225,0.1466666666666666
Tournament k=4,46,29,66864.0,-1782522.1,17568,66864,0.20388799999999993,0.16666666666666663
Tournament k=4,46,30,66864.0,-2581733.993333333,17568,66864,0.19752800000000004,0.20666666666666667
Tournament k=4,46,31,66982.0,-3681083.88,17664,66982,0.19534755555555552,0.30666666666666664
Tournament k=4,46,32,66982.0,-2691005.3333333335,17664,66982,0.19326222222222225,0.22666666666666668
Tournament k=4,46,33,66982.0,-3664496.9266666668,17664,66982,0.186496,0.28
Tournament k=4,46,34,66982.0,-3358285.3266666667,17664,66982,0.1832604444444444,0.23333333333333328
Tournament k=4,46,35,66982.0,-4579844.92,17664,66982,0.1857377777777778,0.29333333333333333
Tournament k=4,46,36,66982.0,-3254640.5933333333,17664,66982,0.18057511111111116,0.2533333333333333
Tournament k=4,46,37,66982.0,-2523286.953333333,17664,66982,0.17693777777777783,0.23333333333333328
Tournament k=4,46,38,66982.0,-2815039.2,17664,66982,0.17315199999999997,0.23333333333333328
Tournament k=4,46,39,66982.0,-3989096.7466666666,17664,66982,0.17198933333333333,0.23333333333333328
Tournament k=4,46,40,66982.0,-2550404.3,17664,66982,0.17458133333333334,0.19999999999999996
Tournament k=4,46,41,66982.0,-3551097.8466666667,17664,66982,0.17553866666666668,0.26
Tournament k=4,46,42,66982.0,-3042152.54,17664,66982,0.17424533333333336,0.2533333333333333
Tournament k=4,46,43,66982.0,-4103587.0933333333,17664,66982,0.1795831111111111,0.2533333333333333
Tournament k=4,46,44,66982.0,-3678315.34,17664,66982,0.1803591111111111,0.30666666666666664
Tournament k=4,46,45,66982.0,-2911527.1666666665,17664,66982,0.18252177777777784,0.18666666666666665
Tournament k=4,46,46,66982.0,-2875508.7066666665,17664,66982,0.1735493333333333,0.21333333333333337
Tournament k=4,46,47,66982.0,-3748606.986666667,17664,66982,0.17383911111111114,0.2533333333333333
Tournament k=4,46,48,66982.0,-3275099.6466666665,17664,66982,0.1862844444444444,0.21999999999999997
Tournament k=4,46,49,66982.0,-3582839.3933333335,17664,66982,0.1881528888888889,0.24
Tournament k=4,46,50,66982.0,-3213256.8066666666,17664,66982,0.19161777777777783,0.30666666666666664
Tournament k=4,46,51,66982.0,-3393471.3533333335,17664,66982,0.18413244444444443,0.2866666666666666
Tournament k=4,46,52,66982.0,-3392309.3333333335,17664,66982,0.18284977777777783,0.21333333333333337
Tournament k=4,46,53,66982.0,-2708166.2,17664,66982,0.18066755555555555,0.2533333333333333
Tournament k=4,46,54,66982.0,-3934007.1533333333,17664,66982,0.16621600000000014,0.33333333333333337
Tournament k=4,46,55,66982.0,-4345644.213333333,17664,66982,0.16378133333333333,0.31333333333333335
Tournament k=4,46,56,66982.0,-2501655.7133333334,17664,66982,0.1717911111111111,0.19999999999999996
Tournament k=4,46,57,67047.0,-2736151.2266666666,17589,67047,0.16743911111111118,0.22666666666666668
Tournament k=4,46,58,67047.0,-2955415.006666667,17589,67047,0.16426133333333331,0.2666666666666667
Tournament k=4,46,59,67047.0,-2997697.6466666665,17589,67047,0.16527644444444445,0.23333333333333328
Tournament k=4,46,60,67047.0,-3605299.7266666666,17589,67047,0.1617155555555556,0.32666666666666666
Tournament k=4,46,61,67047.0,-1874635.9533333334,17589,67047,0.16282311111111114,0.19333333333333336
Tournament k=4,46,62,67047.0,-2949718.4133333336,17589,67047,0.16621066666666667,0.22666666666666668
Tournament k=4,46,63,67047.0,-1652485.42,17589,67047,0.1581564444444445,0.16000000000000003
Tournament k=4,46,64,67047.0,-2442520.986666667,17589,67047,0.14958844444444444,0.24
Tournament k=4,46,65,67047.0,-2293237.526666667,17589,67047,0.14803022222222217,0.24
Tournament k=4,46,66,67165.0,-2861326.76,17685,67165,0.15989599999999998,0.2733333333333333
Tournament k=4,46,67,67165.0,-3031276.5933333333,17685,67165,0.16585333333333335,0.23333333333333328
Tournament k=4,46,68,67165.0,-4700067.473333334,17685,67165,0.1746648888888888,0.30666666666666664
Tournament k=4,46,69,67165.0,-2712383.18,17685,67165,0.16848800000000005,0.18666666666666665
Tournament k=4,46,70,67165.0,-3323926.6733333333,17685,67165,0.17199199999999995,0.22666666666666668
Tournament k=4,46,71,67165.0,-3596187.553333333,17685,67165,0.17686222222222223,0.2666666666666667
Tournament k=4,46,72,67165.0,-3350305.533333333,17685,67165,0.18161955555555562,0.21333333333333337
Tournament k=4,46,73,67165.0,-2850209.1466666665,17685,67165,0.1815191111111112,0.2666666666666667
Tournament k=4,46,74,67165.0,-2802733.8866666667,17685,67165,0.17385422222222224,0.28
Tournament k=4,46,75,67165.0,-2927837.94,17685,67165,0.1730826666666667,0.30000000000000004
Tournament k=4,46,76,67165.0,-2715648.993333333,17685,67165,0.16607555555555556,0.24
Tournament k=4,46,77,67165.0,-3414206.56,17685,67165,0.16894311111111107,0.26
Tournament k=4,46,78,67165.0,-4612975.58,17685,67165,0.16297333333333333,0.2666666666666667
Tournament k=4,46,79,67165.0,-2898661.8466666667,17685,67165,0.16120622222222228,0.28
Tournament k=4,46,80,67165.0,-3576007.6733333333,17685,67165,0.158736,0.29333333333333333
Tournament k=4,46,81,67165.0,-2314551.5,17685,67165,0.15487466666666672,0.22666666666666668
Tournament k=4,46,82,67165.0,-3578986.9,17685,67165,0.14264177777777778,0.28
Tournament k=4,46,83,67165.0,-2779615.1333333333,17685,67165,0.14094133333333336,0.2466666666666667
Tournament k=4,46,84,67165.0,-3244905.1533333333,17685,67165,0.14062133333333335,0.22666666666666668
Tournament k=4,46,85,67165.0,-3321478.46,17685,67165,0.14516799999999994,0.2733333333333333
Tournament k=4,46,86,67165.0,-3193683.1,17685,67165,0.14672977777777774,0.21999999999999997
Tournament k=4,46,87,67165.0,-2524166.453333333,17685,67165,0.1525368888888889,0.2666666666666667
Tournament k=4,46,88,67165.0,-3927328.18,17685,67165,0.1502542222222222,0.2666666666666667
Tournament k=4,46,89,67165.0,-2765671.32,17685,67165,0.1500097777777778,0.24
Tournament k=4,46,90,67165.0,-3142287.493333333,17685,67165,0.13295466666666667,0.2866666666666666
Tournament k=4,46,91,67165.0,-2990863.553333333,17685,67165,0.1412186666666667,0.24
Tournament k=4,46,92,67165.0,-2760385.76,17685,67165,0.13863822222222225,0.2466666666666667
Tournament k=4,46,93,67165.0,-3891593.3133333335,17685,67165,0.1329288888888889,0.30666666666666664
Tournament k=4,46,94,67165.0,-3397514.02,17685,67165,0.1353751111111111,0.24
Tournament k=4,46,95,67165.0,-2521669.2466666666,17685,67165,0.14006488888888888,0.21333333333333337
Tournament k=4,46,96,67165.0,-2232693.32,17685,67165,0.13452444444444445,0.19333333333333336
Tournament k=4,46,97,67165.0,-3455644.8666666667,17685,67165,0.13826399999999991,0.2466666666666667
Tournament k=4,46,98,67165.0,-3550365.0866666664,17685,67165,0.14537511111111112,0.2666666666666667
Tournament k=4,46,99,67165.0,-2820390.34,17685,67165,0.13987911111111112,0.2533333333333333
Tournament k=4,46,100,67165.0,-2373793.64,17685,67165,0.14142755555555553,0.19999999999999996
Tournament k=4,46,101,67165.0,-4120673.8933333335,17685,67165,0.14038577777777783,0.2466666666666667
Tournament k=4,46,102,67165.0,-3021987.006666667,17685,67165,0.14413600000000007,0.24
Tournament k=4,46,103,67165.0,-3446234.4133333336,17685,67165,0.15021422222222225,0.2533333333333333
Tournament k=4,46,104,67165.0,-3036273.02,17685,67165,0.15794133333333335,0.23333333333333328
Tournament k=4,46,105,67165.0,-2294868.08,17685,67165,0.16760000000000003,0.2533333333333333
Tournament k=4,46,106,67165.0,-4591637.12,17685,67165,0.17005155555555557,0.32666666666666666
Tournament k=4,46,107,67165.0,-2946022.48,17685,67165,0.17484177777777787,0.24
Tournament k=4,46,108,67165.0,-3335437.526666667,17685,67165,0.17397866666666661,0.22666666666666668
Tournament k=4,46,109,67165.0,-3501988.3733333335,17685,67165,0.15943377777777779,0.26
Tournament k=4,46,110,67165.0,-3663481.12,17685,67165,0.1562151111111112,0.26
Tournament k=4,46,111,67165.0,-3426206.5733333332,17685,67165,0.1476737777777778,0.2666666666666667
Tournament k=4,46,112,67165.0,-2530052.62,17685,67165,0.1456115555555556,0.24
Tournament k=4,46,113,67165.0,-2330154.1,17685,67165,0.13243288888888896,0.26
Tournament k=4,46,114,67165.0,-2743981.5866666664,17685,67165,0.12848177777777775,0.2733333333333333
Tournament k=4,46,115,67165.0,-2815288.1133333333,17685,67165,0.12994577777777777,0.2466666666666667
Tournament k=4,46,116,67165.0,-2657547.6066666665,17685,67165,0.1193155555555556,0.23333333333333328
Tournament k=4,46,117,67165.0,-2075730.4866666666,17685,67165,0.11995555555555551,0.2533333333333333
Tournament k=4,46,118,67165.0,-3156681.72,17685,67165,0.12435733333333332,0.24
Tournament k=4,46,119,67165.0,-3009452.2733333334,17685,67165,0.13553244444444443,0.24
Tournament k=4,46,120,67165.0,-3051516.8666666667,17685,67165,0.1296302222222222,0.2466666666666667
Tournament k=4,46,121,67165.0,-2733257.486666667,17685,67165,0.12186666666666669,0.28
Tournament k=4,46,122,67165.0,-3058919.26,17685,67165,0.12632444444444443,0.26
Tournament k=4,46,123,67165.0,-4024712.1666666665,17685,67165,0.12402133333333337,0.30666666666666664
Tournament k=4,46,124,67165.0,-2796674.8666666667,17685,67165,0.12666933333333336,0.2666666666666667
Tournament k=4,46,125,67165.0,-3511951.433333333,17685,67165,0.13835111111111117,0.2666666666666667
Tournament k=4,46,126,67165.0,-3911179.6133333333,17685,67165,0.1468568888888889,0.33333333333333337
Tournament k=4,46,127,67165.0,-2638137.5733333332,17685,67165,0.15098933333333334,0.21999999999999997
Tournament k=4,46,128,67165.0,-1945421.1466666667,17685,67165,0.1473155555555556,0.23333333333333328
Tournament k=4,46,129,67165.0,-2978955.7933333335,17685,67165,0.14693333333333342,0.21999999999999997
Tournament k=4,46,130,67165.0,-2770757.433333333,17685,67165,0.14900000000000005,0.19999999999999996
Tournament k=4,46,131,67165.0,-4243605.38,17685,67165,0.15186577777777782,0.2466666666666667
Tournament k=4,46,132,67165.0,-4067883.4266666668,17685,67165,0.15441511111111111,0.29333333333333333
Tournament k=4,46,133,67165.0,-3548640.466666667,17685,67165,0.15027288888888893,0.29333333333333333
Tournament k=4,46,134,67165.0,-2575259.3066666666,17685,67165,0.14805955555555556,0.28
Tournament k=4,46,135,67165.0,-2963020.006666667,17685,67165,0.1340782222222222,0.2533333333333333
Tournament k=4,46,136,67165.0,-3281995.68,17685,67165,0.1300791111111111,0.21999999999999997
Tournament k=4,46,137,67165.0,-1301094.8066666666,17685,67165,0.13450488888888887,0.1333333333333333
Tournament k=4,46,138,67165.0,-3549075.9066666667,17685,67165,0.14478844444444441,0.30666666666666664
Tournament k=4,46,139,67165.0,-3029624.9266666668,17685,67165,0.14177155555555554,0.23333333333333328
Tournament k=4,46,140,67165.0,-3374829.84,17685,67165,0.13966577777777778,0.2666666666666667
Tournament k=4,46,141,67165.0,-2414783.46,17685,67165,0.1430355555555556,0.20666666666666667
Tournament k=4,46,142,67165.0,-2925347.7,17685,67165,0.1534497777777778,0.21333333333333337
Tournament k=4,46,143,67165.0,-4032568.066666667,17685,67165,0.15698666666666664,0.2466666666666667
Tournament k=4,46,144,67165.0,-3202752.6,17685,67165,0.15593866666666664,0.2533333333333333
Tournament k=4,46,145,67165.0,-3554129.46,17685,67165,0.1549768888888889,0.2533333333333333
Tournament k=4,46,146,67165.0,-3247402.3,17685,67165,0.15043466666666666,0.28
Tournament k=4,46,147,67165.0,-3808284.4066666667,17685,67165,0.14443822222222225,0.2466666666666667
Tournament k=4,46,148,67165.0,-3367517.6533333333,17685,67165,0.14609955555555557,0.30666666666666664
Tournament k=4,46,149,67165.0,-2052442.9933333334,17685,67165,0.15605244444444452,0.21999999999999997
Tournament k=4,46,150,67165.0,-2696306.506666667,17685,67165,0.15626577777777784,0.2533333333333333
Tournament k=4,46,151,67165.0,-3063500.12,17685,67165,0.16138577777777777,0.2733333333333333
Tournament k=4,46,152,67165.0,-3730182.18,17685,67165,0.16297866666666672,0.30000000000000004
Tournament k=4,46,153,67165.0,-2664228.6533333333,17685,67165,0.1510604444444444,0.21333333333333337
Tournament k=4,46,154,67165.0,-2675181.6066666665,17685,67165,0.15699822222222223,0.28
Tournament k=4,46,155,67165.0,-3500003.5733333332,17685,67165,0.15962755555555563,0.30666666666666664
Tournament k=4,46,156,67165.0,-2696260.2933333335,17685,67165,0.164272,0.21999999999999997
Tournament k=4,46,157,67165.0,-3058412.2266666666,17685,67165,0.15378488888888886,0.23333333333333328
Tournament k=4,46,158,67165.0,-3372252.1733333333,17685,67165,0.14412266666666673,0.23333333333333328
Tournament k=4,46,159,67165.0,-2464652.4266666668,17685,67165,0.1366968888888889,0.18666666666666665
Tournament k=4,46,160,67165.0,-2364329.7333333334,17685,67165,0.12404533333333337,0.21333333333333337
Tournament k=4,46,161,67165.0,-2159230.2266666666,17685,67165,0.12609244444444445,0.2533333333333333
Tournament k=4,46,162,67165.0,-3043495.1666666665,17685,67165,0.13168444444444447,0.2466666666666667
Tournament k=4,46,163,67165.0,-2894232.1933333334,17685,67165,0.13744444444444448,0.2533333333333333
Tournament k=4,46,164,67165.0,-2566476.9066666667,17685,67165,0.13857688888888892,0.21999999999999997
Tournament k=4,46,165,67165.0,-3129057.6,17685,67165,0.12993688888888894,0.2866666666666666
Tournament k=4,46,166,67165.0,-2558457.88,17685,67165,0.1265635555555556,0.21999999999999997
Tournament k=4,46,167,67165.0,-2839741.4,17685,67165,0.13472800000000004,0.23333333333333328
Tournament k=4,46,168,67165.0,-2326072.993333333,17685,67165,0.13748000000000002,0.26
Tournament k=4,46,169,67165.0,-2536796.8533333335,17685,67165,0.12232000000000004,0.21999999999999997
Tournament k=4,46,170,67165.0,-2757753.8533333335,17685,67165,0.11807200000000004,0.21999999999999997
Tournament k=4,46,171,67165.0,-3625657.433333333,17685,67165,0.13131911111111116,0.28
Tournament k=4,46,172,67165.0,-4217496.36,17685,67165,0.13477955555555557,0.29333333333333333
Tournament k=4,46,173,67165.0,-2672763.62,17685,67165,0.14696355555555562,0.19999999999999996
Tournament k=4,46,174,67165.0,-2667999.12,17685,67165,0.14562400000000006,0.2733333333333333
Tournament k=4,46,175,67165.0,-2356642.68,17685,67165,0.1355644444444445,0.18000000000000005
Tournament k=4,46,176,67165.0,-2435293.04,17685,67165,0.13223377777777784,0.20666666666666667
Tournament k=4,46,177,67165.0,-2850778.8933333335,17685,67165,0.1290213333333334,0.2533333333333333
Tournament k=4,46,178,67165.0,-1957410.2133333334,17685,67165,0.13389155555555557,0.19333333333333336
Tournament k=4,46,179,67165.0,-2704171.9066666667,17685,67165,0.13189244444444448,0.21999999999999997
Tournament k=4,46,180,67165.0,-3245958.06,17685,67165,0.13971200000000006,0.28
Tournament k=4,46,181,67165.0,-4345853.46,17685,67165,0.15452177777777776,0.36
Tournament k=4,46,182,67165.0,-1546325.2133333334,17685,67165,0.16233688888888892,0.1466666666666666
Tournament k=4,46,183,67165.0,-3182024.5866666664,17685,67165,0.16523555555555564,0.2466666666666667
Tournament k=4,46,184,67165.0,-3745560.6733333333,17685,67165,0.16186044444444447,0.2866666666666666
Tournament k=4,46,185,67165.0,-2876022.5866666664,17685,67165,0.16377244444444447,0.18000000000000005
Tournament k=4,46,186,67165.0,-2708964.78,17685,67165,0.16080800000000003,0.26
Tournament k=4,46,187,67165.0,-2789326.3733333335,17685,67165,0.17163022222222232,0.2466666666666667
Tournament k=4,46,188,67165.0,-3207454.72,17685,67165,0.1650577777777778,0.2866666666666666
Tournament k=4,46,189,67165.0,-3041424.526666667,17685,67165,0.1732853333333333,0.19333333333333336
Tournament k=4,46,190,67165.0,-3322953.5933333333,17685,67165,0.17099733333333333,0.2533333333333333
Tournament k=4,46,191,67165.0,-3352159.9066666667,17685,67165,0.1643991111111111,0.2666666666666667
Tournament k=4,46,192,67165.0,-3991023.48,17685,67165,0.1558062222222223,0.28
Tournament k=4,46,193,67165.0,-2628469.2266666666,17685,67165,0.15204266666666674,0.2733333333333333
Tournament k=4,46,194,67165.0,-3132909.76,17685,67165,0.14824711111111122,0.2666666666666667
Tournament k=4,46,195,67165.0,-3155314.18,17685,67165,0.14352444444444443,0.2466666666666667
Tournament k=4,46,196,67165.0,-2398035.7866666666,17685,67165,0.1401022222222222,0.2533333333333333
Tournament k=4,46,197,67165.0,-2149033.513333333,17685,67165,0.14719111111111116,0.20666666666666667
Tournament k=4,46,198,67165.0,-3409300.2133333334,17685,67165,0.14033066666666671,0.2666666666666667
Tournament k=4,46,199,67165.0,-2122500.466666667,17685,67165,0.13698044444444446,0.21333333333333337
Tournament k=4,46,200,67165.0,-2570513.453333333,17685,67165,0.13872533333333334,0.26
Roulette,42,0,50912.0,-17804451.82,17634,50912,0.4963848888888887,0.54
Roulette,42,1,51769.0,-10891101.726666667,16413,51769,0.4923431111111109,0.42666666666666664
Roulette,42,2,51769.0,-10008876.046666667,16413,51769,0.48793955555555535,0.4066666666666666
Roulette,42,3,51769.0,-7309178.286666667,16413,51769,0.48643288888888864,0.33333333333333337
Roulette,42,4,54047.0,-8861109.953333333,17499,54047,0.487670222222222,0.30000000000000004
Roulette,42,5,54047.0,-5664471.493333333,17499,54047,0.4863084444444442,0.23333333333333328
Roulette,42,6,54047.0,-5963406.113333333,17499,54047,0.48202222222222224,0.2666666666666667
Roulette,42,7,54047.0,-3868683.1333333333,17499,54047,0.4777466666666665,0.19999999999999996
Roulette,42,8,54047.0,-5519534.506666667,17499,54047,0.47405244444444444,0.22666666666666668
Roulette,42,9,54047.0,-2639586.0933333333,17499,54047,0.4708666666666668,0.16000000000000003
Roulette,42,10,54047.0,-2714585.046666667,17499,54047,0.4699484444444444,0.19999999999999996
Roulette,42,11,54047.0,-2739212.986666667,17499,54047,0.46476266666666666,0.12
Roulette,42,12,54047.0,-2202737.14,17499,54047,0.4626248888888892,0.1333333333333333
Roulette,42,13,54047.0,-1726780.8266666667,17499,54047,0.46382044444444437,0.1266666666666667
Roulette,42,14,54047.0,-2968139.1533333333,17499,54047,0.46422577777777774,0.20666666666666667
Roulette,42,15,54177.0,-2295395.44,17349,54177,0.4614177777777777,0.14
Roulette,42,16,54177.0,-2205488.6133333333,17349,54177,0.4582622222222224,0.10666666666666669
Roulette,42,17,54177.0,-912871.8133333334,17349,54177,0.450456888888889,0.053333333333333344
Roulette,42,18,54177.0,-888292.2333333333,17349,54177,0.44824,0.08666666666666667
Roulette,42,19,54177.0,-797561.7333333333,17349,54177,0.447967111111111,0.06666666666666665
Roulette,42,20,54177.0,-1161843.8466666667,17349,54177,0.4475813333333334,0.08666666666666667
Roulette,42,21,54177.0,-868728.9466666667,17349,54177,0.44367911111111114,0.09333333333333338
Roulette,42,22,54177.0,-1415885.4,17349,54177,0.4498728888888888,0.09999999999999998
Roulette,42,23,54177.0,-832600.04,17349,54177,0.44903733333333334,0.09333333333333338
Roulette,42,24,54177.0,-706452.24,17349,54177,0.4491831111111111,0.06000000000000005
Roulette,42,25,55725.0,-626329.56,15795,55725,0.4521973333333334,0.033333333333333326
Roulette,42,26,55725.0,-1309500.3,15795,55725,0.45167644444444455,0.07999999999999996
Roulette,42,27,55725.0,-920363.58,15795,55725,0.45406399999999986,0.06000000000000005
Roulette,42,28,55725.0,-1782730.1933333334,15795,55725,0.4564835555555555,0.1266666666666667
Roulette,42,29,55725.0,-1799907.4466666668,15795,55725,0.45311733333333337,0.09999999999999998
Roulette,42,30,56556.0,-719212.5133333333,17622,56556,0.4503599999999999,0.053333333333333344
Roulette,42,31,56556.0,-1262540.72,17622,56556,0.45212799999999986,0.09333333333333338
Roulette,42,32,56556.0,-1545587.0266666666,17622,56556,0.450816888888889,0.08666666666666667
Roulette,42,33,56556.0,-1591360.5533333332,17622,56556,0.45286133333333334,0.08666666666666667
Roulette,42,34,56556.0,-1757312.3866666667,17622,56556,0.44915022222222234,0.1466666666666666
Roulette,42,35,56835.0,-2418948.3533333335,15675,56835,0.4504195555555554,0.1466666666666666
Roulette,42,36,56835.0,-1886364.66,15675,56835,0.4535582222222221,0.10666666666666669
Roulette,42,37,57466.0,-1903112.2333333334,16572,57466,0.45374666666666663,0.1466666666666666
Roulette,42,38,57466.0,-2114518.953333333,16572,57466,0.4524133333333332,0.09999999999999998
Roulette,42,39,57466.0,-2666599.74,16572,57466,0.45093866666666665,0.15333333333333332
Roulette,42,40,57466.0,-2681607.3866666667,16572,57466,0.45020088888888876,0.14
Roulette,42,41,57466.0,-2033946.6333333333,16572,57466,0.4495013333333332,0.08666666666666667
Roulette,42,42,59833.0,-1736310.2866666666,17091,59833,0.45048177777777776,0.12
Roulette,42,43,59833.0,-883613.2333333333,17091,59833,0.4472337777777776,0.09333333333333338
Roulette,42,44,59833.0,-2201817.006666667,17091,59833,0.4475493333333332,0.07333333333333336
Roulette,42,45,59833.0,-1095044.6933333334,17091,59833,0.44866577777777755,0.07333333333333336
Roulette,42,46,59833.0,-1681294.5333333334,17091,59833,0.45241777777777775,0.09999999999999998
Roulette,42,47,59833.0,-1258667.1666666667,17091,59833,0.449656,0.06666666666666665
Roulette,42,48,59833.0,-1870669.3,17091,59833,0.45234400000000025,0.10666666666666669
Roulette,42,49,59833.0,-1807740.9933333334,17091,59833,0.45231111111111116,0.08666666666666667
Roulette,42,50,59833.0,-3395477.02,17091,59833,0.45390311111111115,0.14
Roulette,42,51,59833.0,-2230093.1733333333,17091,59833,0.45527022222222213,0.09999999999999998
Roulette,42,52,59833.0,-1681341.4533333334,17091,59833,0.4529502222222221,0.09999999999999998
Roulette,42,53,59833.0,-1160415.8333333333,17091,59833,0.4538008888888889,0.11333333333333329
Roulette,42,54,59833.0,-884992.36,17091,59833,0.4519013333333334,0.08666666666666667
Roulette,42,55,59833.0,-482287.08,17091,59833,0.456662222222222,0.07333333333333336
Roulette,42,56,59833.0,-1499548.3933333333,17091,59833,0.4566497777777777,0.08666666666666667
Roulette,42,57,59833.0,-1971917.6466666667,17091,59833,0.4510186666666667,0.12
Roulette,42,58,59833.0,-1871705.4333333333,17091,59833,0.4566648888888889,0.08666666666666667
Roulette,42,59,60695.0,-1575217.5533333332,17025,60695,0.45787200000000006,0.09999999999999998
Roulette,42,60,60695.0,-1827815.7,17025,60695,0.4558577777777778,0.14
Roulette,42,61,60695.0,-1382327.4066666667,17025,60695,0.44925066666666674,0.09333333333333338
Roulette,42,62,60695.0,-1593787.36,17025,60695,0.4546257777777776,0.09999999999999998
Roulette,42,63,60695.0,-899881.1733333333,17025,60695,0.45155288888888884,0.06666666666666665
Roulette,42,64,60695.0,-928613.18,17025,60695,0.4501893333333332,0.06666666666666665
Roulette,42,65,60695.0,-437094.08,17025,60695,0.44305777777777783,0.046666666666666634
Roulette,42,66,60695.0,-1132990.1666666667,17025,60695,0.43951644444444454,0.07999999999999996
Roulette,42,67,60695.0,-1365150.6066666667,17025,60695,0.4423928888888888,0.12
Roulette,42,68,60695.0,-504634.1066666667,17025,60695,0.43833511111111106,0.06000000000000005
Roulette,42,69,60695.0,-926308.92,17025,60695,0.43958133333333327,0.09333333333333338
Roulette,42,70,60695.0,-797334.34,17025,60695,0.4401964444444445,0.09333333333333338
Roulette,42,71,60695.0,-672869.3333333334,17025,60695,0.4381440000000001,0.06666666666666665
Roulette,42,72,60695.0,-694482.6266666667,17025,60695,0.43861155555555537,0.06000000000000005
Roulette,42,73,60695.0,-484928.0266666667,17025,60695,0.435831111111111,0.06000000000000005
Roulette,42,74,60695.0,-1318380.8666666667,17025,60695,0.43335822222222214,0.11333333333333329
Roulette,42,75,60695.0,-2102914.993333333,17025,60695,0.43566399999999994,0.12
Roulette,42,76,60695.0,-2273443.8933333335,17025,60695,0.43509333333333344,0.1333333333333333
Roulette,42,77,60695.0,-1339927.78,17025,60695,0.4365848888888889,0.09999999999999998
Roulette,42,78,60695.0,-3252738.453333333,17025,60695,0.4365288888888888,0.16000000000000003
Roulette,42,79,60695.0,-2267984.053333333,17025,60695,0.43536088888888885,0.1266666666666667
Roulette,42,80,60695.0,-2263532.2733333334,17025,60695,0.4297457777777779,0.11333333333333329
Roulette,42,81,60695.0,-945634.36,17025,60695,0.43157955555555566,0.08666666666666667
Roulette,42,82,60695.0,-2425380.6066666665,17025,60695,0.4333537777777778,0.08666666666666667
Roulette,42,83,60695.0,-724216.1066666667,17025,60695,0.4390373333333333,0.06666666666666665
Roulette,42,84,60695.0,-1595448.2733333334,17025,60695,0.4404453333333331,0.09333333333333338
Roulette,42,85,60695.0,-933387.28,17025,60695,0.43844177777777765,0.09333333333333338
Roulette,42,86,60695.0,-2992690.24,17025,60695,0.44184799999999974,0.1466666666666666
Roulette,42,87,60695.0,-2498097.16,17025,60695,0.43937511111111116,0.15333333333333332
Roulette,42,88,60967.0,-2382191.2066666665,16479,60967,0.43771022222222233,0.16000000000000003
Roulette,42,89,60967.0,-2481563.3133333335,16479,60967,0.4357919999999998,0.10666666666666669
Roulette,42,90,60967.0,-1548356.4666666666,16479,60967,0.4334382222222224,0.08666666666666667
Roulette,42,91,60967.0,-2465061.36,16479,60967,0.4355342222222223,0.1333333333333333
Roulette,42,92,60967.0,-2223491.16,16479,60967,0.4402506666666665,0.09999999999999998
Roulette,42,93,60967.0,-1585906.62,16479,60967,0.43539733333333336,0.14
Roulette,42,94,60967.0,-2504380.1866666665,16479,60967,0.43232533333333334,0.1266666666666667
Roulette,42,95,61179.0,-1093267.0666666667,17163,61179,0.43515822222222217,0.07999999999999996
Roulette,42,96,61179.0,-1616115.8733333333,17163,61179,0.4376488888888889,0.09333333333333338
Roulette,42,97,61179.0,-2802308.92,17163,61179,0.44526933333333324,0.14
Roulette,42,98,61179.0,-2263765.6933333334,17163,61179,0.4408862222222223,0.11333333333333329
Roulette,42,99,61403.0,-1615505.3,17601,61403,0.44588355555555553,0.1333333333333333
Roulette,42,100,61403.0,-2674026.3933333335,17601,61403,0.4389413333333334,0.16000000000000003
Roulette,42,101,61403.0,-2796209.92,17601,61403,0.43780622222222215,0.17333333333333334
Roulette,42,102,61651.0,-2199734.493333333,17547,61651,0.4396755555555555,0.14
Roulette,42,103,61651.0,-2770685.86,17547,61651,0.43898311111111105,0.16666666666666663
Roulette,42,104,61651.0,-1633998.0066666666,17547,61651,0.43944800000000006,0.10666666666666669
Roulette,42,105,61651.0,-2211193.2133333334,17547,61651,0.44240088888888884,0.1466666666666666
Roulette,42,106,61651.0,-1393702.4933333334,17547,61651,0.44065511111111116,0.09333333333333338
Roulette,42,107,61651.0,-1830303.7,17547,61651,0.439711111111111,0.12
Roulette,42,108,61651.0,-1483853.64,17547,61651,0.437017777777778,0.08666666666666667
Roulette,42,109,61651.0,-2404665.92,17547,61651,0.43700800000000006,0.1466666666666666
Roulette,42,110,61651.0,-2761189.8066666666,17547,61651,0.4295777777777777,0.15333333333333332
Roulette,42,111,61651.0,-2023069.3533333333,17547,61651,0.4303013333333333,0.1333333333333333
Roulette,42,112,61651.0,-3780926.2466666666,17547,61651,0.43380622222222215,0.18666666666666665
Roulette,42,113,61651.0,-2023732.64,17547,61651,0.4359404444444446,0.1266666666666667
Roulette,42,114,61651.0,-1733436.4866666666,17547,61651,0.43855822222222207,0.10666666666666669
Roulette,42,115,61651.0,-1713338.9266666668,17547,61651,0.4394755555555555,0.11333333333333329
Roulette,42,116,61651.0,-1382504.48,17547,61651,0.44020088888888886,0.14
Roulette,42,117,61651.0,-993293.06,17547,61651,0.44425777777777775,0.10666666666666669
Roulette,42,118,61651.0,-2311352.4066666667,17547,61651,0.44136888888888876,0.1266666666666667
Roulette,42,119,61651.0,-2732566.12,17547,61651,0.4421253333333333,0.1333333333333333
Roulette,42,120,61651.0,-1993001.8533333333,17547,61651,0.4425475555555554,0.1466666666666666
Roulette,42,121,61651.0,-2844790.433333333,17547,61651,0.4453297777777777,0.1466666666666666
Roulette,42,122,61651.0,-3961747.7866666666,17547,61651,0.44417777777777795,0.17333333333333334
Roulette,42,123,61651.0,-3440203.8066666666,17547,61651,0.4402924444444444,0.21999999999999997
Roulette,42,124,61651.0,-2733494.513333333,17547,61651,0.43854400000000004,0.1266666666666667
Roulette,42,125,61651.0,-2397293.946666667,17547,61651,0.4388186666666666,0.1266666666666667
Roulette,42,126,61651.0,-1962945.58,17547,61651,0.44341511111111126,0.1266666666666667
Roulette,42,127,61651.0,-2337023.8666666667,17547,61651,0.44390488888888896,0.09333333333333338
Roulette,42,128,61651.0,-2530610.6333333333,17547,61651,0.43939555555555565,0.08666666666666667
Roulette,42,129,61651.0,-1938925.1,17547,61651,0.43636622222222227,0.1333333333333333
Roulette,42,130,61651.0,-2497787.013333333,17547,61651,0.4336951111111109,0.11333333333333329
Roulette,42,131,61651.0,-2517283.08,17547,61651,0.43315555555555546,0.1466666666666666
Roulette,42,132,61651.0,-1783646.6333333333,17547,61651,0.4379004444444446,0.10666666666666669
Roulette,42,133,61651.0,-923718.24,17547,61651,0.4408319999999999,0.07999999999999996
Roulette,42,134,61651.0,-2002124.12,17547,61651,0.443192,0.12
Roulette,42,135,61651.0,-1474957.38,17547,61651,0.4460773333333332,0.09333333333333338
Roulette,42,136,61651.0,-1372314.5733333332,17547,61651,0.4436808888888889,0.06000000000000005
Roulette,42,137,61651.0,-1223295.9133333333,17547,61651,0.44227022222222223,0.07999999999999996
Roulette,42,138,61651.0,-1422845.7866666666,17547,61651,0.44296177777777784,0.09333333333333338
Roulette,42,139,61651.0,-1837347.6866666668,17547,61651,0.44069688888888875,0.12
Roulette,42,140,61651.0,-1115311.3666666667,17547,61651,0.4398880000000001,0.06666666666666665
Roulette,42,141,61651.0,-1146243.9266666668,17547,61651,0.43987911111111094,0.09999999999999998
Roulette,42,142,61651.0,-1301791.18,17547,61651,0.434544,0.07333333333333336
Roulette,42,143,61651.0,-1606488.2866666666,17547,61651,0.44058844444444456,0.1333333333333333
Roulette,42,144,62383.0,-1242280.1333333333,17631,62383,0.4436951111111112,0.09999999999999998
Roulette,42,145,62383.0,-1096648.0933333333,17631,62383,0.4465271111111111,0.06000000000000005
Roulette,42,146,62383.0,-941282.1866666666,17631,62383,0.4399635555555557,0.08666666666666667
Roulette,42,147,62383.0,-1102007.16,17631,62383,0.4386088888888889,0.07333333333333336
Roulette,42,148,62383.0,-778491.6733333333,17631,62383,0.4390115555555554,0.07333333333333336
Roulette,42,149,62383.0,-917642.7866666666,17631,62383,0.4390853333333334,0.07999999999999996
Roulette,42,150,62383.0,-1074873.16,17631,62383,0.43672533333333335,0.10666666666666669
Roulette,42,151,62383.0,-1373968.7733333334,17631,62383,0.437328888888889,0.09999999999999998
Roulette,42,152,62383.0,-942527.7333333333,17631,62383,0.43885955555555545,0.08666666666666667
Roulette,42,153,62383.0,-943883.9933333333,17631,62383,0.44081155555555546,0.07333333333333336
Roulette,42,154,62383.0,-1470800.0333333334,17631,62383,0.4376746666666669,0.06666666666666665
Roulette,42,155,62383.0,-938608.64,17631,62383,0.43874399999999986,0.07333333333333336
Roulette,42,156,62383.0,-923359.6333333333,17631,62383,0.4414355555555555,0.07999999999999996
Roulette,42,157,62383.0,-2364472.966666667,17631,62383,0.4444506666666665,0.10666666666666669
Roulette,42,158,62383.0,-1634370.5066666666,17631,62383,0.4448533333333335,0.10666666666666669
Roulette,42,159,62383.0,-1875679.56,17631,62383,0.4442302222222223,0.09333333333333338
Roulette,42,160,62383.0,-1462486.2466666666,17631,62383,0.44361333333333336,0.08666666666666667
Roulette,42,161,62383.0,-1478082.34,17631,62383,0.4449191111111111,0.09999999999999998
Roulette,42,162,62383.0,-2225329.986666667,17631,62383,0.4469448888888888,0.14
Roulette,42,163,62749.0,-2908087.1466666665,17673,62749,0.44400533333333336,0.1266666666666667
Roulette,42,164,62749.0,-3064499.6533333333,17673,62749,0.4491999999999999,0.16666666666666663
Roulette,42,165,62749.0,-1669729.5266666666,17673,62749,0.4480328888888889,0.1266666666666667
Roulette,42,166,62749.0,-2287047.3333333335,17673,62749,0.44559022222222217,0.1466666666666666
Roulette,42,167,62749.0,-1289667.88,17673,62749,0.4439199999999998,0.11333333333333329
Roulette,42,168,62749.0,-1854344.9133333333,17673,62749,0.44584088888888884,0.1266666666666667
Roulette,42,169,62749.0,-1415125.1933333334,17673,62749,0.4440773333333334,0.10666666666666669
Roulette,42,170,62749.0,-3370176.953333333,17673,62749,0.44577333333333335,0.15333333333333332
Roulette,42,171,62749.0,-2259335.2266666666,17673,62749,0.44422577777777794,0.1266666666666667
Roulette,42,172,62749.0,-1018683.1666666666,17673,62749,0.44510933333333325,0.07999999999999996
Roulette,42,173,62749.0,-834556.68,17673,62749,0.4476426666666666,0.09333333333333338
Roulette,42,174,62749.0,-965277.6733333333,17673,62749,0.4449617777777775,0.09999999999999998
Roulette,42,175,62749.0,-2275100.1866666665,17673,62749,0.4449253333333332,0.15333333333333332
Roulette,42,176,62749.0,-2282389.42,17673,62749,0.4487982222222222,0.1266666666666667
Roulette,42,177,62749.0,-2098578.16,17673,62749,0.45137511111111084,0.12
Roulette,42,178,62749.0,-3543822.546666667,17673,62749,0.45528355555555555,0.19333333333333336
Roulette,42,179,62749.0,-3307034.6733333333,17673,62749,0.45586577777777765,0.16000000000000003
Roulette,42,180,62749.0,-2108923.18,17673,62749,0.4553297777777777,0.1333333333333333
Roulette,42,181,62749.0,-3062843.053333333,17673,62749,0.4570124444444443,0.1266666666666667
Roulette,42,182,62749.0,-2310693.1933333334,17673,62749,0.4582222222222221,0.10666666666666669
Roulette,42,183,62749.0,-2179286.446666667,17673,62749,0.4544097777777777,0.1333333333333333
Roulette,42,184,62749.0,-2299500.2733333334,17673,62749,0.45222222222222214,0.1266666666666667
Roulette,42,185,62749.0,-2149092.14,17673,62749,0.45388533333333314,0.10666666666666669
Roulette,42,186,62749.0,-927080.86,17673,62749,0.45357777777777786,0.07999999999999996
Roulette,42,187,63180.0,-1733921.76,17640,63180,0.4475333333333334,0.10666666666666669
Roulette,42,188,63180.0,-2740769.933333333,17640,63180,0.44806755555555566,0.1466666666666666
Roulette,42,189,63180.0,-1903987.7666666666,17640,63180,0.44006755555555566,0.11333333333333329
Roulette,42,190,63180.0,-1533214.5333333334,17640,63180,0.4429448888888892,0.11333333333333329
Roulette,42,191,63180.0,-1230517.4466666668,17640,63180,0.44291555555555534,0.08666666666666667
Roulette,42,192,63180.0,-1972951.5866666667,17640,63180,0.44514133333333317,0.10666666666666669
Roulette,42,193,63180.0,-1961305.32,17640,63180,0.44881155555555546,0.09333333333333338
Roulette,42,194,63180.0,-2003142.96,17640,63180,0.4504373333333337,0.10666666666666669
Roulette,42,195,63180.0,-1434888.6066666667,17640,63180,0.4469822222222223,0.07333333333333336
Roulette,42,196,63180.0,-719336.38,17640,63180,0.44722844444444443,0.053333333333333344
Roulette,42,197,63180.0,-462753.04,17640,63180,0.44919733333333334,0.053333333333333344
Roulette,42,198,63180.0,-1627813.74,17640,63180,0.4491226666666667,0.06666666666666665
Roulette,42,199,63180.0,-2011090.2066666668,17640,63180,0.4467395555555554,0.10666666666666669
Roulette,42,200,63180.0,-1721761.7466666666,17640,63180,0.45193955555555554,0.08666666666666667
Roulette,43,0,47659.0,-17477563.38,17673,47659,0.4971146666666663,0.4666666666666667
Roulette,43,1,50960.0,-12205379.853333334,16650,50960,0.49330488888888896,0.36
Roulette,43,2,51721.0,-7621972.06,17397,51721,0.4890373333333332,0.30666666666666664
Roulette,43,3,52140.0,-6971029.633333334,17610,52140,0.48533777777777765,0.2666666666666667
Roulette,43,4,52140.0,-5032851.866666666,17610,52140,0.4817724444444446,0.24
Roulette,43,5,52754.0,-4098800.8466666667,17598,52754,0.4782533333333332,0.22666666666666668
Roulette,43,6,52754.0,-5130498.506666667,17598,52754,0.47604711111111103,0.22666666666666668
Roulette,43,7,53091.0,-3576612.546666667,16977,53091,0.4726008888888888,0.19333333333333336
Roulette,43,8,53091.0,-3210399.513333333,16977,53091,0.47151111111111105,0.18666666666666665
Roulette,43,9,53091.0,-3520959.993333333,16977,53091,0.47114399999999995,0.23333333333333328
Roulette,43,10,53392.0,-3320052.14,17094,53392,0.4717733333333333,0.20666666666666667
Roulette,43,11,53392.0,-2121724.2266666666,17094,53392,0.4701724444444443,0.16000000000000003
Roulette,43,12,54100.0,-2135479.42,17670,54100,0.4684035555555555,0.14
Roulette,43,13,54100.0,-2716416.8933333335,17670,54100,0.46573600000000004,0.16666666666666663
Roulette,43,14,54100.0,-2870514.6866666665,17670,54100,0.4627591111111109,0.17333333333333334
Roulette,43,15,54100.0,-2065165.98,17670,54100,0.46093244444444426,0.1333333333333333
Roulette,43,16,54100.0,-1273690.36,17670,54100,0.4518017777777776,0.07333333333333336
Roulette,43,17,55075.0,-741030.3733333333,16545,55075,0.4486133333333335,0.046666666666666634
Roulette,43,18,55075.0,-852016.6266666667,16545,55075,0.44958755555555563,0.07333333333333336
Roulette,43,19,56168.0,-1556440.1066666667,15516,56168,0.45248799999999995,0.09999999999999998
Roulette,43,20,56563.0,-523098.5333333333,16221,56563,0.44795644444444455,0.053333333333333344
Roulette,43,21,56563.0,-844403.04,16221,56563,0.45397422222222233,0.08666666666666667
Roulette,43,22,56563.0,-1284269.2,16221,56563,0.4537857777777778,0.08666666666666667
Roulette,43,23,56563.0,-2407057.493333333,16221,56563,0.4523004444444444,0.1333333333333333
Roulette,43,24,56563.0,-1577213.6333333333,16221,56563,0.45261688888888885,0.12
Roulette,43,25,56563.0,-1530376.5266666666,16221,56563,0.4536293333333332,0.09333333333333338
Roulette,43,26,56563.0,-1345689.9733333334,16221,56563,0.44953777777777776,0.09999999999999998
Roulette,43,27,58133.0,-1466594.8466666667,16731,58133,0.446679111111111,0.12
Roulette,43,28,58316.0,-1131298.3133333332,16752,58316,0.44729688888888886,0.07999999999999996
Roulette,43,29,58316.0,-1063841.32,16752,58316,0.4523484444444443,0.07333333333333336
Roulette,43,30,58316.0,-1659147.96,16752,58316,0.45466133333333353,0.1266666666666667
Roulette,43,31,58316.0,-1649237.9066666667,16752,58316,0.45249422222222224,0.10666666666666669
Roulette,43,32,58316.0,-2019990.8266666667,16752,58316,0.4527591111111113,0.1266666666666667
Roulette,43,33,58316.0,-2934131.6466666665,16752,58316,0.4537297777777778,0.17333333333333334
Roulette,43,34,58316.0,-2266333.4133333336,16752,58316,0.4525333333333335,0.16666666666666663
Roulette,43,35,58506.0,-2930797.24,15372,58506,0.4510044444444445,0.14
Roulette,43,36,58506.0,-1505235.1866666668,15372,58506,0.4535004444444444,0.10666666666666669
Roulette,43,37,60748.0,-1829147.6933333334,17196,60748,0.45630044444444445,0.11333333333333329
Roulette,43,38,60748.0,-1725201.0333333334,17196,60748,0.4606293333333333,0.10666666666666669
Roulette,43,39,60748.0,-1740011.9866666666,17196,60748,0.46097511111111117,0.1266666666666667
Roulette,43,40,60748.0,-2467575.513333333,17196,60748,0.4604435555555556,0.18666666666666665
Roulette,43,41,60748.0,-1897952.9133333333,17196,60748,0.4605893333333336,0.12
Roulette,43,42,60748.0,-1675206.38,17196,60748,0.46122133333333315,0.12
Roulette,43,43,60748.0,-1215170.2066666668,17196,60748,0.4582195555555553,0.11333333333333329
Roulette,43,44,60748.0,-2296489.4,17196,60748,0.4575386666666666,0.09333333333333338
Roulette,43,45,60748.0,-1474563.22,17196,60748,0.4548782222222223,0.06666666666666665
Roulette,43,46,60748.0,-599455.6866666666,17196,60748,0.4491448888888888,0.07333333333333336
Roulette,43,47,60748.0,-841246.8866666667,17196,60748,0.45339377777777784,0.053333333333333344
Roulette,43,48,60748.0,-1435964.4933333334,17196,60748,0.44943644444444447,0.06666666666666665
Roulette,43,49,60748.0,-2625575.86,17196,60748,0.45168800000000003,0.14
Roulette,43,50,60748.0,-1835724.6133333333,17196,60748,0.45361955555555533,0.11333333333333329
Roulette,43,51,60748.0,-2066664.7533333334,17196,60748,0.4566159999999999,0.1266666666666667
Roulette,43,52,60748.0,-2777972.8866666667,17196,60748,0.4515937777777779,0.1466666666666666
Roulette,43,53,60748.0,-2618082.58,17196,60748,0.45439555555555566,0.15333333333333332
Roulette,43,54,60748.0,-2882355.0733333332,17196,60748,0.4542977777777778,0.15333333333333332
Roulette,43,55,60748.0,-2022977.44,17196,60748,0.45159911111111095,0.10666666666666669
Roulette,43,56,60789.0,-1494194.9533333334,17613,60789,0.4495182222222221,0.07999999999999996
Roulette,43,57,60789.0,-961303.6266666667,17613,60789,0.44818666666666657,0.07999999999999996
Roulette,43,58,60789.0,-2033629.6133333333,17613,60789,0.4457528888888891,0.11333333333333329
Roulette,43,59,60789.0,-1278204.2733333334,17613,60789,0.44513155555555556,0.10666666666666669
Roulette,43,60,60789.0,-1324793.36,17613,60789,0.44773955555555545,0.11333333333333329
Roulette,43,61,60789.0,-777748.3266666667,17613,60789,0.44895644444444427,0.06000000000000005
Roulette,43,62,60789.0,-834080.8333333334,17613,60789,0.4512400000000001,0.053333333333333344
Roulette,43,63,60789.0,-1540891.6066666667,17613,60789,0.4515955555555556,0.10666666666666669
Roulette,43,64,62578.0,-1767206.7733333334,17406,62578,0.45190488888888874,0.1333333333333333
Roulette,43,65,62578.0,-1824407.2133333334,17406,62578,0.45104355555555564,0.1333333333333333
Roulette,43,66,62578.0,-2672685.0866666664,17406,62578,0.4581448888888888,0.18666666666666665
Roulette,43,67,62578.0,-2877070.18,17406,62578,0.46161777777777774,0.16000000000000003
Roulette,43,68,62578.0,-1603577.78,17406,62578,0.462416,0.10666666666666669
Roulette,43,69,62578.0,-1368129.5133333334,17406,62578,0.4580417777777778,0.09333333333333338
Roulette,43,70,62578.0,-660857.96,17406,62578,0.45500888888888874,0.08666666666666667
Roulette,43,71,62578.0,-1772350.42,17406,62578,0.45283377777777767,0.11333333333333329
Roulette,43,72,62578.0,-1378870.6866666668,17406,62578,0.4531902222222222,0.08666666666666667
Roulette,43,73,62578.0,-1823701.9866666666,17406,62578,0.4577635555555555,0.07333333333333336
Roulette,43,74,62578.0,-1108042.1066666667,17406,62578,0.45590666666666685,0.07999999999999996
Roulette,43,75,62578.0,-1229217.2866666666,17406,62578,0.456007111111111,0.12
Roulette,43,76,62578.0,-2472422.013333333,17406,62578,0.4537137777777777,0.1333333333333333
Roulette,43,77,62578.0,-872053.7333333333,17406,62578,0.455006222222222,0.08666666666666667
Roulette,43,78,62578.0,-1541611.6733333333,17406,62578,0.45226488888888866,0.09333333333333338
Roulette,43,79,62578.0,-1199918.0066666666,17406,62578,0.453943111111111,0.07999999999999996
Roulette,43,80,62578.0,-2166298.02,17406,62578,0.4513804444444445,0.1333333333333333
Roulette,43,81,62578.0,-2389037.3333333335,17406,62578,0.4524044444444446,0.1266666666666667
Roulette,43,82,62578.0,-1471690.2533333334,17406,62578,0.4486613333333333,0.12
Roulette,43,83,62761.0,-1960528.6733333333,17427,62761,0.44506133333333303,0.09999999999999998
Roulette,43,84,62761.0,-1797005.0466666666,17427,62761,0.44794755555555565,0.11333333333333329
Roulette,43,85,62761.0,-2022985.4866666666,17427,62761,0.4476408888888887,0.12
Roulette,43,86,62761.0,-1679926.7866666666,17427,62761,0.44835644444444434,0.09999999999999998
Roulette,43,87,62761.0,-520565.0133333333,17427,62761,0.4480817777777778,0.06666666666666665
Roulette,43,88,62761.0,-957178.0066666667,17427,62761,0.4471315555555555,0.09999999999999998
Roulette,43,89,62761.0,-1663989.8533333333,17427,62761,0.44640977777777785,0.09999999999999998
Roulette,43,90,62761.0,-1061314.4933333334,17427,62761,0.4494017777777778,0.07999999999999996
Roulette,43,91,62761.0,-814071.56,17427,62761,0.44547288888888886,0.053333333333333344
Roulette,43,92,62761.0,-493894.94666666666,17427,62761,0.4513946666666666,0.033333333333333326
Roulette,43,93,62761.0,-1152493.28,17427,62761,0.4513991111111112,0.11333333333333329
Roulette,43,94,62761.0,-810495.0133333333,17427,62761,0.44980266666666674,0.09333333333333338
Roulette,43,95,62761.0,-1272959.5733333332,17427,62761,0.4508862222222222,0.09999999999999998
Roulette,43,96,62761.0,-1244342.8133333332,17427,62761,0.4458542222222222,0.09999999999999998
Roulette,43,97,62761.0,-1042949.74,17427,62761,0.45061955555555566,0.08666666666666667
Roulette,43,98,62761.0,-1464482.04,17427,62761,0.44581244444444434,0.09333333333333338
Roulette,43,99,62761.0,-1983115.2866666666,17427,62761,0.4428213333333333,0.1266666666666667
Roulette,43,100,62761.0,-1578663.2333333334,17427,62761,0.4461466666666666,0.09333333333333338
Roulette,43,101,62761.0,-1448997.5133333334,17427,62761,0.44061600000000006,0.10666666666666669
Roulette,43,102,62761.0,-1851556.8933333333,17427,62761,0.43818488888888896,0.12
Roulette,43,103,62761.0,-1416596.9333333333,17427,62761,0.43625511111111087,0.1266666666666667
Roulette,43,104,62761.0,-1622212.0933333333,17427,62761,0.44164888888888887,0.12
Roulette,43,105,62761.0,-1145072.4933333334,17427,62761,0.4424968888888889,0.07333333333333336
Roulette,43,106,62761.0,-1195867.04,17427,62761,0.4422497777777778,0.09333333333333338
Roulette,43,107,62761.0,-1500183.42,17427,62761,0.43909333333333317,0.09333333333333338
Roulette,43,108,62761.0,-1456768.2933333332,17427,62761,0.4359279999999998,0.12
Roulette,43,109,62761.0,-1878198.3466666667,17427,62761,0.42933244444444457,0.14
Roulette,43,110,62761.0,-2006423.5666666667,17427,62761,0.42866844444444446,0.15333333333333332
Roulette,43,111,62761.0,-1815486.08,17427,62761,0.42839377777777804,0.16000000000000003
Roulette,43,112,62761.0,-2110826.1066666665,17427,62761,0.4340364444444445,0.14
Roulette,43,113,62761.0,-1492100.7266666666,17427,62761,0.4280684444444444,0.10666666666666669
Roulette,43,114,62761.0,-1715311.2533333334,17427,62761,0.4307591111111111,0.09333333333333338
Roulette,43,115,62761.0,-1309127.1466666667,17427,62761,0.4222044444444443,0.09333333333333338
Roulette,43,116,62761.0,-1667615.86,17427,62761,0.4190319999999998,0.12
Roulette,43,117,62761.0,-1835384.34,17427,62761,0.42418311111111107,0.08666666666666667
Roulette,43,118,62761.0,-1492796.84,17427,62761,0.4193653333333332,0.11333333333333329
Roulette,43,119,62761.0,-1756156.6333333333,17427,62761,0.4134568888888888,0.10666666666666669
Roulette,43,120,62761.0,-1207389.5666666667,17427,62761,0.416504,0.12
Roulette,43,121,62761.0,-1237422.6266666667,17427,62761,0.41520177777777756,0.10666666666666669
Roulette,43,122,62761.0,-1367884.86,17427,62761,0.4146915555555555,0.09999999999999998
Roulette,43,123,62761.0,-1147576.2666666666,17427,62761,0.41612177777777765,0.09999999999999998
Roulette,43,124,62761.0,-1278938.58,17427,62761,0.42165155555555567,0.08666666666666667
Roulette,43,125,63310.0,-1021656.48,17490,63310,0.4202853333333333,0.07333333333333336
Roulette,43,126,63310.0,-989107.54,17490,63310,0.4275502222222221,0.09999999999999998
Roulette,43,127,63310.0,-849866.1733333333,17490,63310,0.42343288888888886,0.040000000000000036
Roulette,43,128,63310.0,-1022586.18,17490,63310,0.4281466666666667,0.06666666666666665
Roulette,43,129,63310.0,-1032413.6133333333,17490,63310,0.42475644444444455,0.06000000000000005
Roulette,43,130,63310.0,-787732.5733333334,17490,63310,0.4254995555555556,0.06000000000000005
Roulette,43,131,63310.0,-737076.8133333334,17490,63310,0.4228951111111111,0.07333333333333336
Roulette,43,132,63310.0,-570515.1933333334,17490,63310,0.41800888888888876,0.06666666666666665
Roulette,43,133,63310.0,-766930.06,17490,63310,0.4199706666666666,0.07333333333333336
Roulette,43,134,63310.0,-645485.5533333333,17490,63310,0.42821955555555546,0.046666666666666634
Roulette,43,135,63310.0,-1230667.16,17490,63310,0.4248648888888889,0.10666666666666669
Roulette,43,136,63310.0,-979150.4733333334,17490,63310,0.42547555555555533,0.07999999999999996
Roulette,43,137,63310.0,-982139.6933333334,17490,63310,0.42609777777777774,0.07333333333333336
Roulette,43,138,63310.0,-2539437.8133333335,17490,63310,0.42471555555555546,0.14
Roulette,43,139,63310.0,-1925506.7866666666,17490,63310,0.426744,0.11333333333333329
Roulette,43,140,63310.0,-1882934.2733333334,17490,63310,0.4260231111111111,0.09333333333333338
Roulette,43,141,63310.0,-2345946.8266666667,17490,63310,0.42560533333333306,0.14
Roulette,43,142,63310.0,-2213088.5866666664,17490,63310,0.42835200000000007,0.1333333333333333
Roulette,43,143,63310.0,-1232380.3866666667,17490,63310,0.42923911111111096,0.09999999999999998
Roulette,43,144,63310.0,-2624678.8266666667,17490,63310,0.4255484444444444,0.16000000000000003
Roulette,43,145,63310.0,-1386333.5133333334,17490,63310,0.42181244444444443,0.11333333333333329
Roulette,43,146,63310.0,-931884.7733333333,17490,63310,0.4202862222222224,0.06666666666666665
Roulette,43,147,63310.0,-1456374.4,17490,63310,0.4218648888888888,0.10666666666666669
Roulette,43,148,63310.0,-1707869.94,17490,63310,0.4242799999999998,0.10666666666666669
Roulette,43,149,63310.0,-1517414.9,17490,63310,0.4230862222222223,0.09999999999999998
Roulette,43,150,63310.0,-2178430.2066666665,17490,63310,0.42784533333333336,0.12
Roulette,43,151,63310.0,-758251.3666666667,17490,63310,0.42900088888888865,0.07999999999999996
Roulette,43,152,63310.0,-886893.94,17490,63310,0.4275404444444442,0.06000000000000005
Roulette,43,153,63310.0,-2010309.3666666667,17490,63310,0.43387999999999993,0.1333333333333333
Roulette,43,154,63310.0,-2057249.0133333334,17490,63310,0.4379608888888889,0.11333333333333329
Roulette,43,155,63310.0,-1963043.2133333334,17490,63310,0.4434177777777777,0.1333333333333333
Roulette,43,156,63310.0,-1329930.48,17490,63310,0.443264888888889,0.09999999999999998
Roulette,43,157,63310.0,-2691311.8066666666,17490,63310,0.44289777777777767,0.1333333333333333
Roulette,43,158,63310.0,-2298097.3466666667,17490,63310,0.44555999999999996,0.11333333333333329
Roulette,43,159,63310.0,-1898079.3866666667,17490,63310,0.4449235555555556,0.12
Roulette,43,160,63310.0,-780792.9133333333,17490,63310,0.4455528888888889,0.053333333333333344
Roulette,43,161,63310.0,-1150951.1066666667,17490,63310,0.4437093333333334,0.06000000000000005
Roulette,43,162,63310.0,-838794.68,17490,63310,0.4401768888888886,0.06666666666666665
Roulette,43,163,63310.0,-1469142.6733333333,17490,63310,0.443928888888889,0.07999999999999996
Roulette,43,164,63310.0,-1013062.66,17490,63310,0.44189422222222197,0.053333333333333344
Roulette,43,165,63310.0,-1028898.2333333333,17490,63310,0.44148622222222217,0.07333333333333336
Roulette,43,166,63310.0,-1511090.4533333334,17490,63310,0.4395128888888889,0.09999999999999998
Roulette,43,167,63310.0,-551696.1533333333,17490,63310,0.43282933333333323,0.06000000000000005
Roulette,43,168,63310.0,-501333.12,17490,63310,0.4316684444444445,0.06000000000000005
Roulette,43,169,63310.0,-396502.24666666664,17490,63310,0.43329955555555555,0.046666666666666634
Roulette,43,170,63310.0,-388043.06666666665,17490,63310,0.4340817777777778,0.046666666666666634
Roulette,43,171,63310.0,-1550344.82,17490,63310,0.4354577777777777,0.07333333333333336
Roulette,43,172,63310.0,-1718634.4333333333,17490,63310,0.43531733333333333,0.07333333333333336
Roulette,43,173,63310.0,-1203061.0533333332,17490,63310,0.43054311111111127,0.09333333333333338
Roulette,43,174,63310.0,-1159353.04,17490,63310,0.43320711111111093,0.06666666666666665
Roulette,43,175,63310.0,-464460.25333333336,17490,63310,0.42966577777777787,0.06666666666666665
Roulette,43,176,63310.0,-472151.0,17490,63310,0.42996711111111097,0.040000000000000036
Roulette,43,177,63310.0,-255754.68666666668,17490,63310,0.4270488888888888,0.033333333333333326
Roulette,43,178,63310.0,-1439185.3666666667,17490,63310,0.4331360000000001,0.09999999999999998
Roulette,43,179,63310.0,-1334611.1333333333,17490,63310,0.4288346666666666,0.09999999999999998
Roulette,43,180,63310.0,-1104377.8866666667,17490,63310,0.4266533333333334,0.07999999999999996
Roulette,43,181,63310.0,-846116.46,17490,63310,0.4284711111111112,0.053333333333333344
Roulette,43,182,63310.0,-693482.3133333334,17490,63310,0.4324853333333333,0.046666666666666634
Roulette,43,183,63310.0,-274003.56,17490,63310,0.4293324444444444,0.033333333333333326
Roulette,43,184,63310.0,-1093078.58,17490,63310,0.43332266666666674,0.08666666666666667
Roulette,43,185,63310.0,-671920.14,17490,63310,0.4300284444444445,0.06000000000000005
Roulette,43,186,63310.0,-431718.0333333333,17490,63310,0.4367626666666667,0.040000000000000036
Roulette,43,187,63310.0,-296140.98,17490,63310,0.43472711111111095,0.026666666666666616
Roulette,43,188,63310.0,-489516.0466666667,17490,63310,0.43417155555555587,0.020000000000000018
Roulette,43,189,63310.0,-1317495.7933333332,17490,63310,0.4318835555555557,0.09333333333333338
Roulette,43,190,63310.0,-1252130.8733333333,17490,63310,0.43468977777777773,0.11333333333333329
Roulette,43,191,63310.0,-834472.0,17490,63310,0.4415253333333332,0.09333333333333338
Roulette,43,192,63310.0,-700147.4133333333,17490,63310,0.44297333333333344,0.07999999999999996
Roulette,43,193,63310.0,-1519711.7666666666,17490,63310,0.442073777777778,0.09333333333333338
Roulette,43,194,63310.0,-1196361.88,17490,63310,0.44359911111111117,0.09999999999999998
Roulette,43,195,63310.0,-1244684.5333333334,17490,63310,0.44009688888888904,0.08666666666666667
Roulette,43,196,63310.0,-534161.6066666667,17490,63310,0.4384755555555553,0.06666666666666665
Roulette,43,197,63428.0,-1190864.3333333333,17586,63428,0.434736888888889,0.08666666666666667
Roulette,43,198,63428.0,-1125161.24,17586,63428,0.43315022222222227,0.07333333333333336
Roulette,43,199,63765.0,-728881.78,16965,63765,0.4330435555555554,0.09999999999999998
Roulette,43,200,63765.0,-960265.8333333334,16965,63765,0.43796088888888884,0.06000000000000005
Roulette,44,0,51993.0,-14890690.52,16851,51993,0.4965537777777776,0.4866666666666667
Roulette,44,1,51993.0,-9758058.613333333,16851,51993,0.4917537777777777,0.42000000000000004
Roulette,44,2,51993.0,-7656561.4,16851,51993,0.48864888888888863,0.3466666666666667
Roulette,44,3,51993.0,-4481710.6466666665,16851,51993,0.4857271111111111,0.26
Roulette,44,4,51993.0,-5106703.406666666,16851,51993,0.48251733333333335,0.28
Roulette,44,5,54006.0,-5605149.42,17082,54006,0.47991822222222197,0.2466666666666667
Roulette,44,6,54006.0,-3852773.566666667,17082,54006,0.47569511111111085,0.19333333333333336
Roulette,44,7,55771.0,-3843098.72,17367,55771,0.47317511111111105,0.19333333333333336
Roulette,44,8,55771.0,-2294440.1933333334,17367,55771,0.4653653333333334,0.14
Roulette,44,9,55771.0,-2221360.513333333,17367,55771,0.465264888888889,0.16000000000000003
Roulette,44,10,55771.0,-2767108.7066666665,17367,55771,0.46385688888888865,0.1266666666666667
Roulette,44,11,55771.0,-1844286.44,17367,55771,0.45998844444444437,0.09999999999999998
Roulette,44,12,56869.0,-886057.6733333333,17493,56869,0.46018577777777764,0.08666666666666667
Roulette,44,13,56869.0,-1141829.8733333333,17493,56869,0.4599386666666667,0.09333333333333338
Roulette,44,14,56869.0,-1284276.8,17493,56869,0.46005688888888885,0.11333333333333329
Roulette,44,15,56869.0,-1349445.0533333332,17493,56869,0.45775022222222217,0.08666666666666667
Roulette,44,16,56869.0,-1314995.48,17493,56869,0.4595608888888888,0.12
Roulette,44,17,56869.0,-2094295.86,17493,56869,0.4544035555555554,0.11333333333333329
Roulette,44,18,56869.0,-2034448.5866666667,17493,56869,0.45409333333333346,0.09333333333333338
Roulette,44,19,56869.0,-1432381.8866666667,17493,56869,0.44902666666666685,0.07999999999999996
Roulette,44,20,56869.0,-1223651.6533333333,17493,56869,0.4492462222222224,0.07999999999999996
Roulette,44,21,56869.0,-1127955.16,17493,56869,0.45149866666666666,0.09333333333333338
Roulette,44,22,56869.0,-1893092.3933333333,17493,56869,0.45060355555555553,0.11333333333333329
Roulette,44,23,56869.0,-1453787.7,17493,56869,0.4506426666666667,0.08666666666666667
Roulette,44,24,56869.0,-1769572.66,17493,56869,0.45070577777777765,0.07999999999999996
Roulette,44,25,57064.0,-679727.14,17268,57064,0.44788266666666665,0.046666666666666634
Roulette,44,26,57064.0,-1283254.3266666667,17268,57064,0.45042755555555547,0.07333333333333336
Roulette,44,27,57064.0,-1029825.1,17268,57064,0.4418951111111112,0.07333333333333336
Roulette,44,28,57064.0,-899626.1666666666,17268,57064,0.440504888888889,0.06000000000000005
Roulette,44,29,57796.0,-732692.9266666666,17352,57796,0.4376817777777777,0.053333333333333344
Roulette,44,30,57796.0,-1867109.72,17352,57796,0.4362773333333333,0.15333333333333332
Roulette,44,31,57796.0,-2420944.2666666666,17352,57796,0.43309066666666657,0.14
Roulette,44,32,57796.0,-1418607.1,17352,57796,0.4391271111111108,0.07999999999999996
Roulette,44,33,57796.0,-1731602.6066666667,17352,57796,0.4378337777777778,0.09999999999999998
Roulette,44,34,57796.0,-747355.42,17352,57796,0.4324622222222225,0.046666666666666634
Roulette,44,35,57796.0,-329929.58666666667,17352,57796,0.4354151111111109,0.040000000000000036
Roulette,44,36,57796.0,-943487.4666666667,17352,57796,0.43421155555555546,0.07333333333333336
Roulette,44,37,57796.0,-2147576.26,17352,57796,0.434264888888889,0.11333333333333329
Roulette,44,38,57796.0,-1467276.62,17352,57796,0.43993955555555575,0.09999999999999998
Roulette,44,39,58032.0,-1665714.2866666666,17544,58032,0.4419528888888889,0.12
Roulette,44,40,58032.0,-1490652.86,17544,58032,0.4417839999999996,0.10666666666666669
Roulette,44,41,58032.0,-1349582.5066666666,17544,58032,0.4401973333333333,0.09999999999999998
Roulette,44,42,58032.0,-1317828.9666666666,17544,58032,0.44398222222222217,0.09333333333333338
Roulette,44,43,58032.0,-1726703.68,17544,58032,0.4426240000000001,0.09333333333333338
Roulette,44,44,58032.0,-1670299.2533333334,17544,58032,0.44107377777777756,0.09333333333333338
Roulette,44,45,58032.0,-1105693.8333333333,17544,58032,0.43975911111111105,0.08666666666666667
Roulette,44,46,58032.0,-1312350.0133333334,17544,58032,0.4373928888888888,0.10666666666666669
Roulette,44,47,58032.0,-1859518.18,17544,58032,0.4383155555555556,0.1266666666666667
Roulette,44,48,58032.0,-1426548.88,17544,58032,0.4388666666666666,0.10666666666666669
Roulette,44,49,58032.0,-1930018.9666666666,17544,58032,0.43514666666666685,0.1266666666666667
Roulette,44,50,58032.0,-851655.26,17544,58032,0.4350959999999999,0.08666666666666667
Roulette,44,51,58032.0,-1717478.48,17544,58032,0.4370782222222224,0.09999999999999998
Roulette,44,52,58032.0,-2053142.5666666667,17544,58032,0.43684000000000006,0.14
Roulette,44,53,58032.0,-1846936.2133333334,17544,58032,0.43421422222222217,0.1333333333333333
Roulette,44,54,58032.0,-3072992.16,17544,58032,0.43211555555555564,0.17333333333333334
Roulette,44,55,58032.0,-2238561.7333333334,17544,58032,0.43346044444444437,0.15333333333333332
Roulette,44,56,58032.0,-2352057.74,17544,58032,0.4296560000000001,0.14
Roulette,44,57,58032.0,-1659957.2933333332,17544,58032,0.4334577777777777,0.09333333333333338
Roulette,44,58,58032.0,-2236371.84,17544,58032,0.44067377777777794,0.15333333333333332
Roulette,44,59,58032.0,-1955798.1333333333,17544,58032,0.4458888888888891,0.10666666666666669
Roulette,44,60,58032.0,-1769679.6333333333,17544,58032,0.44757333333333327,0.1266666666666667
Roulette,44,61,58032.0,-1181430.6066666667,17544,58032,0.44289599999999996,0.1333333333333333
Roulette,44,62,58032.0,-1750343.84,17544,58032,0.4438088888888888,0.09999999999999998
Roulette,44,63,58032.0,-1349121.1066666667,17544,58032,0.4373466666666665,0.09333333333333338
Roulette,44,64,58032.0,-1783638.7266666666,17544,58032,0.4327546666666666,0.09999999999999998
Roulette,44,65,58032.0,-716560.9733333334,17544,58032,0.4339066666666668,0.07999999999999996
Roulette,44,66,58032.0,-1351055.92,17544,58032,0.4298639999999999,0.09333333333333338
Roulette,44,67,58032.0,-1346999.3466666667,17544,58032,0.4309066666666665,0.09999999999999998
Roulette,44,68,58032.0,-2363192.8066666666,17544,58032,0.4265208888888889,0.1266666666666667
Roulette,44,69,58032.0,-2289381.6866666665,17544,58032,0.43047466666666684,0.16000000000000003
Roulette,44,70,58032.0,-1474788.02,17544,58032,0.42742844444444467,0.09999999999999998
Roulette,44,71,58032.0,-919446.22,17544,58032,0.4282746666666668,0.07333333333333336
Roulette,44,72,58032.0,-1203910.9733333334,17544,58032,0.4291137777777777,0.06666666666666665
Roulette,44,73,58032.0,-1908875.7266666666,17544,58032,0.43116000000000015,0.12
Roulette,44,74,58032.0,-833527.6666666666,17544,58032,0.4354639999999998,0.07333333333333336
Roulette,44,75,58032.0,-890309.3866666667,17544,58032,0.43339911111111085,0.09333333333333338
Roulette,44,76,58032.0,-1780858.9866666666,17544,58032,0.43179555555555565,0.14
Roulette,44,77,58032.0,-3043439.8733333335,17544,58032,0.4347146666666666,0.18666666666666665
Roulette,44,78,58032.0,-2121993.7733333334,17544,58032,0.4368826666666667,0.12
Roulette,44,79,58032.0,-2503831.7533333334,17544,58032,0.4352888888888888,0.14
Roulette,44,80,58032.0,-2104315.1266666665,17544,58032,0.43358133333333326,0.1266666666666667
Roulette,44,81,58032.0,-2675859.3533333335,17544,58032,0.4321644444444446,0.1466666666666666
Roulette,44,82,58032.0,-4766800.306666667,17544,58032,0.43255911111111095,0.18666666666666665
Roulette,44,83,58032.0,-1567589.4733333334,17544,58032,0.43313155555555555,0.11333333333333329
Roulette,44,84,58032.0,-996510.5133333333,17544,58032,0.43860000000000005,0.09999999999999998
Roulette,44,85,58032.0,-2220728.06,17544,58032,0.439399111111111,0.14
Roulette,44,86,58032.0,-1090915.78,17544,58032,0.43790844444444416,0.06666666666666665
Roulette,44,87,58032.0,-679666.68,17544,58032,0.4438613333333335,0.053333333333333344
Roulette,44,88,59260.0,-570623.3866666667,17520,59260,0.44793866666666665,0.06000000000000005
Roulette,44,89,59260.0,-999337.3333333334,17520,59260,0.4477813333333332,0.053333333333333344
Roulette,44,90,59260.0,-1134914.4333333333,17520,59260,0.4486977777777777,0.07999999999999996
Roulette,44,91,59260.0,-1065083.0133333334,17520,59260,0.45227911111111135,0.08666666666666667
Roulette,44,92,59260.0,-1333456.4733333334,17520,59260,0.4502808888888889,0.08666666666666667
Roulette,44,93,59260.0,-1143277.2333333334,17520,59260,0.4483217777777777,0.07999999999999996
Roulette,44,94,59260.0,-756575.7733333333,17520,59260,0.45042133333333334,0.06000000000000005
Roulette,44,95,59260.0,-623975.5666666667,17520,59260,0.44824355555555534,0.053333333333333344
Roulette,44,96,59260.0,-815238.6866666666,17520,59260,0.4471226666666668,0.053333333333333344
Roulette,44,97,59260.0,-509967.00666666665,17520,59260,0.44605155555555565,0.033333333333333326
Roulette,44,98,59260.0,-859988.5466666666,17520,59260,0.44844533333333325,0.06666666666666665
Roulette,44,99,59260.0,-970271.8733333333,17520,59260,0.44397244444444445,0.07999999999999996
Roulette,44,100,59260.0,-1386185.02,17520,59260,0.4421004444444446,0.09333333333333338
Roulette,44,101,59260.0,-858329.3866666667,17520,59260,0.44421511111111106,0.06666666666666665
Roulette,44,102,59260.0,-523226.9066666667,17520,59260,0.4424613333333331,0.06000000000000005
Roulette,44,103,59260.0,-964318.62,17520,59260,0.44697955555555546,0.07999999999999996
Roulette,44,104,59260.0,-1834397.26,17520,59260,0.4452897777777779,0.08666666666666667
Roulette,44,105,59260.0,-2101318.28,17520,59260,0.44398577777777753,0.15333333333333332
Roulette,44,106,59260.0,-2034078.1933333334,17520,59260,0.4437964444444445,0.1266666666666667
Roulette,44,107,59260.0,-2213814.6733333333,17520,59260,0.4444657777777779,0.12
Roulette,44,108,59260.0,-2666708.433333333,17520,59260,0.442088888888889,0.1266666666666667
Roulette,44,109,59260.0,-1627397.36,17520,59260,0.4391644444444445,0.09999999999999998
Roulette,44,110,59260.0,-1955185.0066666666,17520,59260,0.43867644444444465,0.1266666666666667
Roulette,44,111,59260.0,-2111167.1533333333,17520,59260,0.44367911111111097,0.12
Roulette,44,112,59260.0,-1858655.56,17520,59260,0.44116711111111084,0.14
Roulette,44,113,59260.0,-1103302.9266666668,17520,59260,0.4433813333333333,0.06666666666666665
Roulette,44,114,59260.0,-1008649.02,17520,59260,0.44496977777777785,0.06000000000000005
Roulette,44,115,59260.0,-1892117.84,17520,59260,0.44742133333333334,0.08666666666666667
Roulette,44,116,59260.0,-1307381.8733333333,17520,59260,0.4454177777777777,0.06000000000000005
Roulette,44,117,59260.0,-1083592.5933333333,17520,59260,0.4445013333333334,0.06000000000000005
Roulette,44,118,59260.0,-897515.88,17520,59260,0.44619822222222216,0.06000000000000005
Roulette,44,119,59260.0,-1359902.0466666666,17520,59260,0.44710044444444436,0.09333333333333338
Roulette,44,120,59426.0,-1266316.1333333333,16632,59426,0.4482319999999999,0.08666666666666667
Roulette,44,121,60890.0,-1262386.7733333334,16800,60890,0.4486755555555557,0.07999999999999996
Roulette,44,122,60890.0,-1064029.08,16800,60890,0.4492515555555556,0.07333333333333336
Roulette,44,123,60890.0,-2021166.8,16800,60890,0.44946933333333333,0.11333333333333329
Roulette,44,124,60890.0,-1560470.0666666667,16800,60890,0.4491644444444443,0.09999999999999998
Roulette,44,125,60890.0,-2545440.06,16800,60890,0.4450026666666664,0.11333333333333329
Roulette,44,126,60890.0,-1169928.6533333333,16800,60890,0.44720533333333323,0.1266666666666667
Roulette,44,127,60890.0,-2046171.7066666668,16800,60890,0.4444808888888891,0.1466666666666666
Roulette,44,128,60890.0,-1514769.6533333333,16800,60890,0.44123199999999996,0.08666666666666667
Roulette,44,129,60890.0,-812366.36,16800,60890,0.43976533333333334,0.07999999999999996
Roulette,44,130,60890.0,-361577.5333333333,16800,60890,0.43903022222222204,0.046666666666666634
Roulette,44,131,60890.0,-1117303.2733333334,16800,60890,0.43902666666666684,0.1333333333333333
Roulette,44,132,60890.0,-1381686.7733333334,16800,60890,0.43736711111111126,0.08666666666666667
Roulette,44,133,60890.0,-1523555.54,16800,60890,0.4415528888888889,0.07999999999999996
Roulette,44,134,60890.0,-1048882.7466666666,16800,60890,0.4413804444444445,0.07999999999999996
Roulette,44,135,60890.0,-1310507.9866666666,16800,60890,0.43968444444444443,0.09333333333333338
Roulette,44,136,60890.0,-1281216.7933333332,16800,60890,0.43953066666666657,0.07999999999999996
Roulette,44,137,60890.0,-1062435.54,16800,60890,0.4417688888888888,0.09333333333333338
Roulette,44,138,60890.0,-1419619.74,16800,60890,0.44067200000000006,0.09333333333333338
Roulette,44,139,60890.0,-1630848.08,16800,60890,0.4419502222222224,0.11333333333333329
Roulette,44,140,60890.0,-2832562.94,16800,60890,0.44081155555555535,0.1266666666666667
Roulette,44,141,60890.0,-1461879.0933333333,16800,60890,0.4431031111111111,0.12
Roulette,44,142,60890.0,-2442001.3933333335,16800,60890,0.4451546666666666,0.1333333333333333
Roulette,44,143,60890.0,-2360845.6933333334,16800,60890,0.44474400000000003,0.11333333333333329
Roulette,44,144,60890.0,-1935217.1533333333,16800,60890,0.44160088888888893,0.1466666666666666
Roulette,44,145,60890.0,-3505759.18,16800,60890,0.44297511111111115,0.1466666666666666
Roulette,44,146,60890.0,-2017679.4666666666,16800,60890,0.4385315555555556,0.1333333333333333
Roulette,44,147,60890.0,-3849474.9066666667,16800,60890,0.43418844444444415,0.20666666666666667
Roulette,44,148,60890.0,-3004706.7533333334,16800,60890,0.43200266666666665,0.16000000000000003
Roulette,44,149,60890.0,-2806651.4066666667,16800,60890,0.43391288888888885,0.14
Roulette,44,150,60890.0,-1531144.02,16800,60890,0.430593777777778,0.09333333333333338
Roulette,44,151,60890.0,-674923.6666666666,16800,60890,0.43354755555555563,0.07999999999999996
Roulette,44,152,60890.0,-878469.08,16800,60890,0.4364719999999999,0.07999999999999996
Roulette,44,153,60890.0,-2073328.0533333332,16800,60890,0.4391742222222223,0.12
Roulette,44,154,60890.0,-1373019.8133333332,16800,60890,0.4371306666666667,0.040000000000000036
Roulette,44,155,60890.0,-1495738.8133333332,16800,60890,0.4332204444444446,0.08666666666666667
Roulette,44,156,60890.0,-1632752.1666666667,16800,60890,0.43379466666666666,0.12
Roulette,44,157,60890.0,-962079.0,16800,60890,0.4350195555555556,0.08666666666666667
Roulette,44,158,60890.0,-1674573.9,16800,60890,0.43873866666666655,0.09999999999999998
Roulette,44,159,60890.0,-1179130.44,16800,60890,0.43828355555555576,0.09333333333333338
Roulette,44,160,60890.0,-2082248.46,16800,60890,0.44364444444444445,0.14
Roulette,44,161,60890.0,-2896868.3666666667,16800,60890,0.4461982222222223,0.16000000000000003
Roulette,44,162,60890.0,-2647051.013333333,16800,60890,0.44528177777777755,0.14
Roulette,44,163,60890.0,-3150190.8066666666,16800,60890,0.44121955555555536,0.16666666666666663
Roulette,44,164,60890.0,-3408606.3266666667,16800,60890,0.4436684444444445,0.18000000000000005
Roulette,44,165,60890.0,-2048291.82,16800,60890,0.4403848888888888,0.1266666666666667
Roulette,44,166,60890.0,-2620524.8,16800,60890,0.44237422222222217,0.18000000000000005
Roulette,44,167,60890.0,-1976796.48,16800,60890,0.44192888888888865,0.14
Roulette,44,168,60890.0,-1837710.3533333333,16800,60890,0.43958666666666674,0.11333333333333329
Roulette,44,169,60890.0,-2038274.3466666667,16800,60890,0.4352613333333334,0.08666666666666667
Roulette,44,170,60890.0,-2155104.24,16800,60890,0.4345751111111112,0.11333333333333329
Roulette,44,171,60890.0,-1849024.4466666668,16800,60890,0.43473511111111124,0.10666666666666669
Roulette,44,172,60890.0,-2114549.46,16800,60890,0.4324800000000004,0.14
Roulette,44,173,60890.0,-1190076.0133333334,16800,60890,0.4293964444444443,0.046666666666666634
Roulette,44,174,60890.0,-688591.1733333333,16800,60890,0.42656977777777777,0.06000000000000005
Roulette,44,175,60890.0,-549623.14,16800,60890,0.4231884444444444,0.053333333333333344
Roulette,44,176,60890.0,-332472.0,16800,60890,0.4256657777777776,0.046666666666666634
Roulette,44,177,60890.0,-930297.1533333333,16800,60890,0.42537866666666674,0.06000000000000005
Roulette,44,178,60890.0,-754766.1066666667,16800,60890,0.42547377777777784,0.06666666666666665
Roulette,44,179,60890.0,-133847.44666666666,16800,60890,0.42828533333333324,0.033333333333333326
Roulette,44,180,60890.0,-598560.0,16800,60890,0.43319199999999985,0.07999999999999996
Roulette,44,181,60890.0,-2482609.2533333334,16800,60890,0.43093155555555557,0.10666666666666669
Roulette,44,182,60890.0,-2112879.0933333333,16800,60890,0.4307733333333335,0.07333333333333336
Roulette,44,183,60890.0,-814617.1,16800,60890,0.426888888888889,0.06666666666666665
Roulette,44,184,60890.0,-1092016.9,16800,60890,0.43362755555555554,0.08666666666666667
Roulette,44,185,60890.0,-979161.38,16800,60890,0.434384,0.053333333333333344
Roulette,44,186,60890.0,-1081588.56,16800,60890,0.4385084444444443,0.08666666666666667
Roulette,44,187,60890.0,-554407.88,16800,60890,0.4411342222222221,0.06666666666666665
Roulette,44,188,60890.0,-709796.0666666667,16800,60890,0.4422231111111112,0.07333333333333336
Roulette,44,189,60890.0,-1300814.6133333333,16800,60890,0.4432248888888889,0.07333333333333336
Roulette,44,190,60890.0,-305892.31333333335,16800,60890,0.441383111111111,0.046666666666666634
Roulette,44,191,60890.0,-1245162.4866666666,16800,60890,0.43777066666666653,0.10666666666666669
Roulette,44,192,60890.0,-1231021.4933333334,16800,60890,0.4330364444444445,0.09999999999999998
Roulette,44,193,60890.0,-2066396.5333333334,16800,60890,0.4373457777777779,0.14
Roulette,44,194,60919.0,-1796616.6466666667,17463,60919,0.438425777777778,0.11333333333333329
Roulette,44,195,60919.0,-2043998.26,17463,60919,0.4415315555555555,0.11333333333333329
Roulette,44,196,60919.0,-1598201.84,17463,60919,0.4420951111111111,0.08666666666666667
Roulette,44,197,60919.0,-1941945.3333333333,17463,60919,0.4460622222222221,0.10666666666666669
Roulette,44,198,60919.0,-1476793.5466666666,17463,60919,0.4451466666666667,0.07999999999999996
Roulette,44,199,60919.0,-1329602.4133333333,17463,60919,0.4443333333333333,0.07999999999999996
Roulette,44,200,60919.0,-1094330.36,17463,60919,0.4418586666666666,0.06666666666666665
Roulette,45,0,51191.0,-22634740.36,15687,51191,0.49700977777777744,0.5933333333333333
Roulette,45,1,51769.0,-13088023.626666667,16413,51769,0.49426666666666663,0.43999999999999995
Roulette,45,2,53197.0,-9428333.366666667,17319,53197,0.4926462222222221,0.42666666666666664
Roulette,45,3,53197.0,-8017764.76,17319,53197,0.4881235555555554,0.33999999999999997
Roulette,45,4,53197.0,-5458066.886666667,17319,53197,0.4846542222222222,0.2866666666666666
Roulette,45,5,53197.0,-4257724.873333333,17319,53197,0.482191111111111,0.22666666666666668
Roulette,45,6,53197.0,-3235606.8266666667,17319,53197,0.4811084444444445,0.1466666666666666
Roulette,45,7,53197.0,-2510991.78,17319,53197,0.47782666666666684,0.1266666666666667
Roulette,45,8,53197.0,-1965087.3666666667,17319,53197,0.47299733333333355,0.14
Roulette,45,9,53197.0,-2212714.8866666667,17319,53197,0.4691777777777779,0.16000000000000003
Roulette,45,10,53197.0,-2111531.3333333335,17319,53197,0.4698435555555555,0.16000000000000003
Roulette,45,11,54100.0,-1035752.98,17670,54100,0.46733066666666667,0.09999999999999998
Roulette,45,12,54100.0,-1543058.5666666667,17670,54100,0.46678844444444434,0.10666666666666669
Roulette,45,13,54100.0,-2139737.64,17670,54100,0.4663813333333334,0.09333333333333338
Roulette,45,14,54100.0,-961946.4333333333,17670,54100,0.4670275555555557,0.06666666666666665
Roulette,45,15,54100.0,-1512594.36,17670,54100,0.46831466666666666,0.08666666666666667
Roulette,45,16,54100.0,-2182877.84,17670,54100,0.4666168888888889,0.11333333333333329
Roulette,45,17,54100.0,-1030138.1133333333,17670,54100,0.4640613333333336,0.06000000000000005
Roulette,45,18,55771.0,-1601095.1133333333,17367,55771,0.4632977777777777,0.09999999999999998
Roulette,45,19,55771.0,-1408967.6666666667,17367,55771,0.46398133333333325,0.12
Roulette,45,20,57052.0,-936912.34,17514,57052,0.45996622222222205,0.10666666666666669
Roulette,45,21,57052.0,-1234803.0533333332,17514,57052,0.46034488888888886,0.06666666666666665
Roulette,45,22,57052.0,-975924.5333333333,17514,57052,0.4584142222222221,0.08666666666666667
Roulette,45,23,57052.0,-1352177.2533333334,17514,57052,0.45899377777777767,0.09999999999999998
Roulette,45,24,57052.0,-1484689.7133333334,17514,57052,0.4580773333333332,0.07999999999999996
Roulette,45,25,57064.0,-1294459.7666666666,17268,57064,0.4539386666666665,0.09333333333333338
Roulette,45,26,57064.0,-1525387.02,17268,57064,0.44991555555555557,0.09333333333333338
Roulette,45,27,57064.0,-1201717.0333333334,17268,57064,0.45027288888888883,0.08666666666666667
Roulette,45,28,57064.0,-706236.7066666667,17268,57064,0.4488328888888886,0.07999999999999996
Roulette,45,29,57064.0,-1135524.3866666667,17268,57064,0.4545377777777778,0.07999999999999996
Roulette,45,30,57064.0,-1874316.4,17268,57064,0.45501600000000025,0.12
Roulette,45,31,57064.0,-1357685.1866666668,17268,57064,0.45461511111111086,0.07999999999999996
Roulette,45,32,57601.0,-781983.9933333333,17577,57601,0.4516106666666667,0.09333333333333338
Roulette,45,33,57601.0,-746102.8866666667,17577,57601,0.4508204444444443,0.040000000000000036
Roulette,45,34,57601.0,-722131.7133333334,17577,57601,0.45026755555555553,0.040000000000000036
Roulette,45,35,57601.0,-1363234.78,17577,57601,0.4471093333333333,0.10666666666666669
Roulette,45,36,58516.0,-516601.6533333333,17682,58516,0.4425128888888888,0.046666666666666634
Roulette,45,37,58516.0,-856263.1333333333,17682,58516,0.4399804444444444,0.040000000000000036
Roulette,45,38,58516.0,-637455.8933333333,17682,58516,0.4405271111111112,0.053333333333333344
Roulette,45,39,58516.0,-1321137.06,17682,58516,0.4417031111111108,0.07999999999999996
Roulette,45,40,58516.0,-790550.3466666667,17682,58516,0.440439111111111,0.06000000000000005
Roulette,45,41,58516.0,-877869.9866666667,17682,58516,0.44148444444444446,0.053333333333333344
Roulette,45,42,58516.0,-1517383.9666666666,17682,58516,0.43895911111111097,0.09333333333333338
Roulette,45,43,58516.0,-543049.7933333333,17682,58516,0.44480800000000015,0.053333333333333344
Roulette,45,44,58516.0,-713911.8866666667,17682,58516,0.44589511111111113,0.046666666666666634
Roulette,45,45,58516.0,-576463.1933333334,17682,58516,0.4426284444444443,0.046666666666666634
Roulette,45,46,58516.0,-765177.16,17682,58516,0.4456791111111109,0.020000000000000018
Roulette,45,47,58516.0,-151667.90666666668,17682,58516,0.44532622222222223,0.033333333333333326
Roulette,45,48,58516.0,-750147.36,17682,58516,0.4414924444444446,0.07333333333333336
Roulette,45,49,58516.0,-763092.52,17682,58516,0.43990222222222214,0.06000000000000005
Roulette,45,50,58516.0,-824961.98,17682,58516,0.4424604444444446,0.053333333333333344
Roulette,45,51,58516.0,-1327706.08,17682,58516,0.44422844444444465,0.06666666666666665
Roulette,45,52,58516.0,-1137655.06,17682,58516,0.44494311111111107,0.06666666666666665
Roulette,45,53,58516.0,-350987.49333333335,17682,58516,0.4476657777777779,0.033333333333333326
Roulette,45,54,58516.0,-842534.9866666667,17682,58516,0.45225511111111116,0.07333333333333336
Roulette,45,55,58516.0,-729320.04,17682,58516,0.4549715555555556,0.07333333333333336
Roulette,45,56,58516.0,-1435271.6733333333,17682,58516,0.4540364444444444,0.08666666666666667
Roulette,45,57,58516.0,-1496272.3733333333,17682,58516,0.4531191111111109,0.10666666666666669
Roulette,45,58,58516.0,-1801742.7066666668,17682,58516,0.4569342222222222,0.14
Roulette,45,59,58516.0,-1737005.2666666666,17682,58516,0.45413955555555546,0.08666666666666667
Roulette,45,60,58516.0,-2092454.7666666666,17682,58516,0.4494924444444446,0.11333333333333329
Roulette,45,61,58516.0,-1878923.7,17682,58516,0.44696088888888885,0.10666666666666669
Roulette,45,62,58516.0,-783489.8933333333,17682,58516,0.4472648888888888,0.07999999999999996
Roulette,45,63,58516.0,-1172393.4266666668,17682,58516,0.4509013333333335,0.06666666666666665
Roulette,45,64,58516.0,-2271390.526666667,17682,58516,0.4504960000000003,0.10666666666666669
Roulette,45,65,58516.0,-1322744.6666666667,17682,58516,0.4493368888888889,0.08666666666666667
Roulette,45,66,58516.0,-1868551.92,17682,58516,0.4468711111111112,0.07333333333333336
Roulette,45,67,59361.0,-2049212.7933333332,16707,59361,0.4420764444444446,0.10666666666666669
Roulette,45,68,59361.0,-2073782.7466666666,16707,59361,0.4417466666666666,0.08666666666666667
Roulette,45,69,60500.0,-2151251.7,17250,60500,0.4445066666666667,0.12
Roulette,45,70,60500.0,-1583917.68,17250,60500,0.44408355555555556,0.09333333333333338
Roulette,45,71,60500.0,-2480606.993333333,17250,60500,0.44499199999999994,0.1466666666666666
Roulette,45,72,60500.0,-3868569.7666666666,17250,60500,0.4448844444444445,0.1466666666666666
Roulette,45,73,60500.0,-2380370.6133333333,17250,60500,0.447168,0.10666666666666669
Roulette,45,74,60500.0,-1656558.52,17250,60500,0.4464222222222224,0.12
Roulette,45,75,60500.0,-1866435.9333333333,17250,60500,0.44730400000000003,0.1266666666666667
Roulette,45,76,60500.0,-2494483.6333333333,17250,60500,0.4488515555555555,0.1333333333333333
Roulette,45,77,60500.0,-2575603.3533333335,17250,60500,0.4505253333333332,0.14
Roulette,45,78,60500.0,-1377058.92,17250,60500,0.4504791111111111,0.1266666666666667
Roulette,45,79,60500.0,-1976370.6,17250,60500,0.44989955555555555,0.09333333333333338
Roulette,45,80,60500.0,-1559151.1666666667,17250,60500,0.4462942222222221,0.09333333333333338
Roulette,45,81,60500.0,-1155152.1466666667,17250,60500,0.44664711111111116,0.07999999999999996
Roulette,45,82,60500.0,-389586.58666666667,17250,60500,0.4447679999999999,0.040000000000000036
Roulette,45,83,60500.0,-595205.3933333333,17250,60500,0.44566488888888883,0.053333333333333344
Roulette,45,84,60500.0,-615823.2333333333,17250,60500,0.4452302222222223,0.033333333333333326
Roulette,45,85,60500.0,-853134.3266666667,17250,60500,0.4482844444444445,0.07333333333333336
Roulette,45,86,61338.0,-625850.0866666667,17676,61338,0.4517831111111111,0.033333333333333326
Roulette,45,87,61338.0,-403589.96,17676,61338,0.4526515555555553,0.040000000000000036
Roulette,45,88,61338.0,-686707.9066666666,17676,61338,0.4541502222222222,0.053333333333333344
Roulette,45,89,61338.0,-623743.9,17676,61338,0.45630044444444456,0.040000000000000036
Roulette,45,90,61338.0,-730862.6466666666,17676,61338,0.4540213333333332,0.046666666666666634
Roulette,45,91,61338.0,-1117808.74,17676,61338,0.45343111111111134,0.08666666666666667
Roulette,45,92,61338.0,-1187739.9133333333,17676,61338,0.4515217777777778,0.09333333333333338
Roulette,45,93,61338.0,-1902983.9733333334,17676,61338,0.4483377777777778,0.09999999999999998
Roulette,45,94,61338.0,-825580.6466666666,17676,61338,0.4492551111111112,0.07999999999999996
Roulette,45,95,61338.0,-1820800.0866666667,17676,61338,0.4457902222222222,0.09999999999999998
Roulette,45,96,61338.0,-1590888.8333333333,17676,61338,0.44095111111111124,0.09999999999999998
Roulette,45,97,61338.0,-955269.8666666667,17676,61338,0.4440604444444444,0.09333333333333338
Roulette,45,98,61338.0,-690674.6733333333,17676,61338,0.44675999999999993,0.06666666666666665
Roulette,45,99,61338.0,-1109612.7933333332,17676,61338,0.4467706666666667,0.08666666666666667
Roulette,45,100,61338.0,-1697557.1733333333,17676,61338,0.44663377777777746,0.09333333333333338
Roulette,45,101,61338.0,-1043009.5,17676,61338,0.44932088888888894,0.06666666666666665
Roulette,45,102,61338.0,-1069796.4933333334,17676,61338,0.44929777777777796,0.053333333333333344
Roulette,45,103,61338.0,-1007424.5133333333,17676,61338,0.44691733333333333,0.07999999999999996
Roulette,45,104,61338.0,-1430261.2933333332,17676,61338,0.4517928888888887,0.09999999999999998
Roulette,45,105,61338.0,-1956788.6066666667,17676,61338,0.4528942222222223,0.12
Roulette,45,106,61338.0,-757029.3866666667,17676,61338,0.4526293333333335,0.07999999999999996
Roulette,45,107,61338.0,-575476.3533333334,17676,61338,0.4534115555555554,0.07333333333333336
Roulette,45,108,61338.0,-2116863.3733333335,17676,61338,0.4564346666666666,0.09999999999999998
Roulette,45,109,61338.0,-1950956.8,17676,61338,0.45857155555555545,0.09999999999999998
Roulette,45,110,61338.0,-1313682.12,17676,61338,0.45927466666666666,0.09333333333333338
Roulette,45,111,61338.0,-1581892.84,17676,61338,0.4588044444444445,0.11333333333333329
Roulette,45,112,61338.0,-1869713.88,17676,61338,0.4624995555555556,0.1266666666666667
Roulette,45,113,61338.0,-1892989.7933333332,17676,61338,0.45850222222222214,0.12
Roulette,45,114,61338.0,-2184131.966666667,17676,61338,0.45054311111111117,0.09999999999999998
Roulette,45,115,61338.0,-2058932.2333333334,17676,61338,0.45309866666666687,0.12
Roulette,45,116,61338.0,-995458.54,17676,61338,0.44563377777777774,0.11333333333333329
Roulette,45,117,61338.0,-1386524.5666666667,17676,61338,0.4437795555555556,0.09333333333333338
Roulette,45,118,61338.0,-1457071.8066666666,17676,61338,0.44535199999999997,0.10666666666666669
Roulette,45,119,61338.0,-1869622.0066666666,17676,61338,0.440232,0.1266666666666667
Roulette,45,120,61338.0,-1391272.5333333334,17676,61338,0.4399653333333333,0.08666666666666667
Roulette,45,121,61338.0,-1647473.9333333333,17676,61338,0.4401262222222225,0.07999999999999996
Roulette,45,122,61338.0,-2627870.76,17676,61338,0.4385662222222223,0.11333333333333329
Roulette,45,123,61338.0,-1241226.2666666666,17676,61338,0.43556355555555576,0.07333333333333336
Roulette,45,124,61338.0,-1143098.64,17676,61338,0.4308257777777777,0.09999999999999998
Roulette,45,125,61338.0,-1200780.96,17676,61338,0.432744,0.1266666666666667
Roulette,45,126,61338.0,-1695770.2533333334,17676,61338,0.4348373333333332,0.11333333333333329
Roulette,45,127,61338.0,-2242874.1466666665,17676,61338,0.43367733333333325,0.09999999999999998
Roulette,45,128,61338.0,-2719388.3866666667,17676,61338,0.4398577777777779,0.12
Roulette,45,129,61338.0,-2949115.533333333,17676,61338,0.4428151111111112,0.11333333333333329
Roulette,45,130,61338.0,-1920801.64,17676,61338,0.43932177777777764,0.10666666666666669
Roulette,45,131,61338.0,-1176493.5666666667,17676,61338,0.43739733333333325,0.07999999999999996
Roulette,45,132,61338.0,-529892.7333333333,17676,61338,0.4322079999999999,0.06666666666666665
Roulette,45,133,61338.0,-1342879.1266666667,17676,61338,0.4325404444444442,0.07333333333333336
Roulette,45,134,61338.0,-771223.4866666667,17676,61338,0.4346773333333334,0.06000000000000005
Roulette,45,135,61338.0,-1705089.1533333333,17676,61338,0.43444799999999995,0.14
Roulette,45,136,61338.0,-1520441.24,17676,61338,0.4321733333333333,0.11333333333333329
Roulette,45,137,61338.0,-2241996.8466666667,17676,61338,0.43622400000000006,0.09333333333333338
Roulette,45,138,61338.0,-1995579.4266666668,17676,61338,0.4328764444444447,0.09333333333333338
Roulette,45,139,61338.0,-2126673.66,17676,61338,0.4365813333333334,0.14
Roulette,45,140,61338.0,-2267450.56,17676,61338,0.43527466666666664,0.12
Roulette,45,141,61338.0,-1590562.7066666668,17676,61338,0.43864711111111104,0.10666666666666669
Roulette,45,142,61338.0,-1912575.2266666666,17676,61338,0.43956977777777767,0.14
Roulette,45,143,61338.0,-1241279.9666666666,17676,61338,0.44228000000000006,0.09999999999999998
Roulette,45,144,61338.0,-470435.8933333333,17676,61338,0.43854755555555547,0.053333333333333344
Roulette,45,145,61846.0,-1329235.84,17322,61846,0.4344053333333332,0.07999999999999996
Roulette,45,146,61846.0,-1337649.7333333334,17322,61846,0.43849155555555547,0.09333333333333338
Roulette,45,147,61846.0,-1472024.6333333333,17322,61846,0.44213777777777763,0.09333333333333338
Roulette,45,148,61846.0,-1814879.6866666668,17322,61846,0.4447173333333332,0.09333333333333338
Roulette,45,149,61846.0,-1782203.3733333333,17322,61846,0.44581777777777776,0.1466666666666666
Roulette,45,150,61846.0,-2587828.08,17322,61846,0.44785066666666695,0.1333333333333333
Roulette,45,151,61846.0,-3070754.7333333334,17322,61846,0.4493137777777776,0.1466666666666666
Roulette,45,152,61846.0,-2085082.8133333332,17322,61846,0.4470115555555556,0.1266666666666667
Roulette,45,153,61846.0,-1508842.48,17322,61846,0.4454275555555556,0.12
Roulette,45,154,61846.0,-1059952.6533333333,17322,61846,0.4456311111111112,0.07999999999999996
Roulette,45,155,61846.0,-1714443.86,17322,61846,0.44931022222222233,0.11333333333333329
Roulette,45,156,61846.0,-587821.6733333333,17322,61846,0.44664355555555557,0.046666666666666634
Roulette,45,157,61846.0,-806194.06,17322,61846,0.4500631111111113,0.07333333333333336
Roulette,45,158,61846.0,-1427748.14,17322,61846,0.44760355555555553,0.06666666666666665
Roulette,45,159,61846.0,-1464734.7733333334,17322,61846,0.44832000000000005,0.08666666666666667
Roulette,45,160,61846.0,-1610531.0533333332,17322,61846,0.44661955555555544,0.09333333333333338
Roulette,45,161,61846.0,-1000158.78,17322,61846,0.44096000000000013,0.07999999999999996
Roulette,45,162,61846.0,-1144915.56,17322,61846,0.4408755555555557,0.06666666666666665
Roulette,45,163,61846.0,-431527.1666666667,17322,61846,0.44500444444444454,0.046666666666666634
Roulette,45,164,61846.0,-1171630.2266666666,17322,61846,0.44689688888888873,0.06666666666666665
Roulette,45,165,61846.0,-1057409.8533333333,17322,61846,0.44598044444444446,0.07999999999999996
Roulette,45,166,61846.0,-959164.9933333333,17322,61846,0.44579911111111126,0.07333333333333336
Roulette,45,167,61846.0,-1339525.8733333333,17322,61846,0.44379733333333343,0.08666666666666667
Roulette,45,168,61846.0,-616045.12,17322,61846,0.4403297777777779,0.06666666666666665
Roulette,45,169,61846.0,-417388.6,17322,61846,0.443672888888889,0.07333333333333336
Roulette,45,170,61846.0,-1417973.28,17322,61846,0.44063466666666673,0.1333333333333333
Roulette,45,171,62029.0,-3265599.8733333335,17343,62029,0.4442346666666668,0.19333333333333336
Roulette,45,172,62029.0,-2163107.446666667,17343,62029,0.44052711111111115,0.14
Roulette,45,173,62029.0,-3554861.7466666666,17343,62029,0.4402728888888889,0.1466666666666666
Roulette,45,174,62029.0,-2288013.96,17343,62029,0.44014044444444456,0.15333333333333332
Roulette,45,175,62029.0,-1953008.7266666666,17343,62029,0.4396435555555555,0.10666666666666669
Roulette,45,176,62029.0,-1624694.4266666668,17343,62029,0.439880888888889,0.1333333333333333
Roulette,45,177,63180.0,-1269146.7533333334,17640,63180,0.44513955555555557,0.11333333333333329
Roulette,45,178,63180.0,-1980178.4,17640,63180,0.45058488888888903,0.14
Roulette,45,179,63180.0,-1556067.3933333333,17640,63180,0.44816355555555554,0.11333333333333329
Roulette,45,180,63180.0,-2261408.066666667,17640,63180,0.4441004444444443,0.1266666666666667
Roulette,45,181,63180.0,-1607940.72,17640,63180,0.43880177777777796,0.06000000000000005
Roulette,45,182,63180.0,-856944.12,17640,63180,0.43711555555555553,0.06666666666666665
Roulette,45,183,63180.0,-1010079.8533333334,17640,63180,0.4332506666666665,0.08666666666666667
Roulette,45,184,63180.0,-1157319.1666666667,17640,63180,0.4335244444444445,0.07999999999999996
Roulette,45,185,63180.0,-1442631.3,17640,63180,0.4344186666666669,0.1333333333333333
Roulette,45,186,63180.0,-1149183.4933333334,17640,63180,0.43531288888888897,0.08666666666666667
Roulette,45,187,63180.0,-2167907.68,17640,63180,0.4362959999999998,0.11333333333333329
Roulette,45,188,63180.0,-1459923.4733333334,17640,63180,0.43509066666666674,0.09333333333333338
Roulette,45,189,63493.0,-1310364.8,17511,63493,0.43748622222222217,0.09333333333333338
Roulette,45,190,63493.0,-2023315.9266666668,17511,63493,0.43792977777777786,0.10666666666666669
Roulette,45,191,63493.0,-1163206.36,17511,63493,0.4391395555555555,0.09333333333333338
Roulette,45,192,63493.0,-1799319.64,17511,63493,0.43645066666666676,0.09333333333333338
Roulette,45,193,63493.0,-1300821.22,17511,63493,0.43829511111111086,0.06000000000000005
Roulette,45,194,63493.0,-890737.3866666667,17511,63493,0.43578488888888905,0.06000000000000005
Roulette,45,195,63493.0,-851193.4466666667,17511,63493,0.4296080000000002,0.07999999999999996
Roulette,45,196,63493.0,-1029586.7933333333,17511,63493,0.4280320000000002,0.06000000000000005
Roulette,45,197,63493.0,-1160678.92,17511,63493,0.4278213333333334,0.08666666666666667
Roulette,45,198,63493.0,-1656629.7066666668,17511,63493,0.4261368888888888,0.07999999999999996
Roulette,45,199,63493.0,-1390911.8933333333,17511,63493,0.42522400000000005,0.08666666666666667
Roulette,45,200,63493.0,-565878.4533333334,17511,63493,0.4249973333333334,0.053333333333333344
Roulette,46,0,51054.0,-18729384.1,17238,51054,0.4957777777777777,0.5066666666666666
Roulette,46,1,51054.0,-14741597.6,17238,51054,0.4925946666666664,0.48
Roulette,46,2,51054.0,-9709234.193333333,17238,51054,0.48900977777777777,0.43333333333333335
Roulette,46,3,51054.0,-4293372.933333334,17238,51054,0.486919111111111,0.2866666666666666
Roulette,46,4,51680.0,-3788333.86,16980,51680,0.48517422222222206,0.20666666666666667
Roulette,46,5,51745.0,-4412629.253333333,16905,51745,0.48389333333333334,0.2533333333333333
Roulette,46,6,55092.0,-6392545.866666666,17454,55092,0.4820995555555556,0.30000000000000004
Roulette,46,7,55092.0,-5095137.74,17454,55092,0.47450400000000004,0.2666666666666667
Roulette,46,8,55092.0,-4920379.746666667,17454,55092,0.47156266666666646,0.24
Roulette,46,9,55092.0,-1774159.2,17454,55092,0.46967733333333334,0.12
Roulette,46,10,55925.0,-3068212.433333333,16725,55925,0.467624,0.16000000000000003
Roulette,46,11,55925.0,-2731978.566666667,16725,55925,0.46349599999999996,0.16666666666666663
Roulette,46,12,55925.0,-1604348.7266666666,16725,55925,0.4620293333333334,0.11333333333333329
Roulette,46,13,55925.0,-2355895.6,16725,55925,0.4641226666666665,0.1466666666666666
Roulette,46,14,55925.0,-938327.58,16725,55925,0.46334399999999987,0.06666666666666665
Roulette,46,15,57312.0,-1352663.1866666668,17214,57312,0.4625315555555556,0.1466666666666666
Roulette,46,16,57312.0,-1350396.5533333332,17214,57312,0.46135022222222216,0.08666666666666667
Roulette,46,17,57312.0,-1563106.3333333333,17214,57312,0.46077599999999974,0.09999999999999998
Roulette,46,18,57312.0,-2295449.6466666665,17214,57312,0.4632791111111109,0.1266666666666667
Roulette,46,19,57312.0,-1921313.2466666666,17214,57312,0.46500266666666656,0.10666666666666669
Roulette,46,20,57312.0,-1112444.9533333334,17214,57312,0.4654755555555553,0.08666666666666667
Roulette,46,21,57312.0,-2785555.6533333333,17214,57312,0.4638239999999996,0.1333333333333333
Roulette,46,22,57312.0,-2159639.6466666665,17214,57312,0.4625164444444443,0.1333333333333333
Roulette,46,23,57312.0,-1794984.0466666666,17214,57312,0.46415555555555554,0.1333333333333333
Roulette,46,24,57312.0,-2567444.84,17214,57312,0.46661422222222215,0.10666666666666669
Roulette,46,25,57312.0,-1288798.0533333332,17214,57312,0.4639786666666664,0.08666666666666667
Roulette,46,26,57312.0,-2104671.98,17214,57312,0.46324177777777786,0.1333333333333333
Roulette,46,27,57312.0,-1273508.96,17214,57312,0.46829066666666674,0.07333333333333336
Roulette,46,28,57312.0,-2038084.62,17214,57312,0.46334844444444445,0.1333333333333333
Roulette,46,29,57312.0,-2949416.3666666667,17214,57312,0.4617742222222222,0.17333333333333334
Roulette,46,30,57312.0,-1997932.4266666668,17214,57312,0.46394222222222226,0.12
Roulette,46,31,57312.0,-540806.2666666667,17214,57312,0.46430044444444435,0.07999999999999996
Roulette,46,32,58759.0,-1030840.1866666666,16473,58759,0.4615013333333334,0.053333333333333344
Roulette,46,33,58759.0,-1476490.8066666666,16473,58759,0.4596675555555558,0.09333333333333338
Roulette,46,34,58759.0,-829797.3866666667,16473,58759,0.4611048888888891,0.06666666666666665
Roulette,46,35,58759.0,-2476260.5733333332,16473,58759,0.46088977777777757,0.09333333333333338
Roulette,46,36,58759.0,-870508.9533333334,16473,58759,0.4594524444444444,0.06000000000000005
Roulette,46,37,58759.0,-1255809.6066666667,16473,58759,0.462856888888889,0.09333333333333338
Roulette,46,38,58759.0,-777364.3333333334,16473,58759,0.46231999999999984,0.06666666666666665
Roulette,46,39,58759.0,-855302.88,16473,58759,0.4560426666666666,0.07333333333333336
Roulette,46,40,59703.0,-547968.8666666667,17241,59703,0.45333511111111124,0.06000000000000005
Roulette,46,41,59703.0,-648267.5733333334,17241,59703,0.4495137777777776,0.07333333333333336
Roulette,46,42,59703.0,-1843083.14,17241,59703,0.449656888888889,0.11333333333333329
Roulette,46,43,59703.0,-2226797.473333333,17241,59703,0.4493804444444446,0.11333333333333329
Roulette,46,44,59703.0,-1272386.7866666666,17241,59703,0.45092,0.10666666666666669
Roulette,46,45,59703.0,-2408672.22,17241,59703,0.45083555555555554,0.14
Roulette,46,46,59703.0,-2324639.78,17241,59703,0.4489920000000002,0.11333333333333329
Roulette,46,47,59703.0,-1714206.5333333334,17241,59703,0.4477040000000001,0.09999999999999998
Roulette,46,48,59703.0,-2243953.56,17241,59703,0.4454311111111111,0.14
Roulette,46,49,59703.0,-1006785.8733333333,17241,59703,0.44671822222222224,0.10666666666666669
Roulette,46,50,59703.0,-717883.0333333333,17241,59703,0.4428639999999999,0.053333333333333344
Roulette,46,51,59703.0,-817860.6066666667,17241,59703,0.4444631111111109,0.07333333333333336
Roulette,46,52,59703.0,-874971.9733333334,17241,59703,0.4457502222222222,0.07333333333333336
Roulette,46,53,59703.0,-841613.08,17241,59703,0.44688799999999995,0.08666666666666667
Roulette,46,54,59703.0,-493872.3466666667,17241,59703,0.4494035555555555,0.06000000000000005
Roulette,46,55,59703.0,-1755083.0866666667,17241,59703,0.45135911111111116,0.09999999999999998
Roulette,46,56,59703.0,-1688758.6,17241,59703,0.45076177777777793,0.07999999999999996
Roulette,46,57,59703.0,-1094928.3133333332,17241,59703,0.45110400000000006,0.06666666666666665
Roulette,46,58,59703.0,-1549186.6266666667,17241,59703,0.44864266666666675,0.10666666666666669
Roulette,46,59,59703.0,-2520512.26,17241,59703,0.44386577777777775,0.11333333333333329
Roulette,46,60,59703.0,-1611131.8066666666,17241,59703,0.4444817777777779,0.11333333333333329
Roulette,46,61,59703.0,-1242165.8133333332,17241,59703,0.43871466666666664,0.09999999999999998
Roulette,46,62,59703.0,-1083486.9866666666,17241,59703,0.4421359999999999,0.09333333333333338
Roulette,46,63,59703.0,-1332096.6666666667,17241,59703,0.4394906666666666,0.09333333333333338
Roulette,46,64,59703.0,-1558332.7466666666,17241,59703,0.4338622222222222,0.08666666666666667
Roulette,46,65,59703.0,-2380268.1666666665,17241,59703,0.4289715555555557,0.09333333333333338
Roulette,46,66,59703.0,-947626.22,17241,59703,0.43101511111111107,0.06000000000000005
Roulette,46,67,59703.0,-1192728.7466666666,17241,59703,0.43395377777777755,0.10666666666666669
Roulette,46,68,59703.0,-903661.7933333333,17241,59703,0.43164622222222215,0.040000000000000036
Roulette,46,69,59703.0,-1034093.08,17241,59703,0.42908888888888896,0.053333333333333344
Roulette,46,70,59703.0,-1301449.0066666666,17241,59703,0.4299057777777779,0.09333333333333338
Roulette,46,71,59703.0,-1143880.54,17241,59703,0.43267911111111124,0.07999999999999996
Roulette,46,72,59703.0,-1903983.9466666668,17241,59703,0.430672,0.1333333333333333
Roulette,46,73,59703.0,-3456921.546666667,17241,59703,0.4325644444444444,0.16666666666666663
Roulette,46,74,60158.0,-1917877.84,16716,60158,0.433104,0.14
Roulette,46,75,60158.0,-3873514.046666667,16716,60158,0.4303573333333333,0.18000000000000005
Roulette,46,76,60158.0,-2112817.4066666667,16716,60158,0.4326524444444444,0.1333333333333333
Roulette,46,77,61338.0,-1754194.66,17676,61338,0.42937511111111115,0.12
Roulette,46,78,61338.0,-1265625.7066666668,17676,61338,0.4390977777777774,0.11333333333333329
Roulette,46,79,61338.0,-1441596.9666666666,17676,61338,0.4385102222222224,0.12
Roulette,46,80,61338.0,-1561908.38,17676,61338,0.43875644444444456,0.08666666666666667
Roulette,46,81,61338.0,-1620632.6866666668,17676,61338,0.43946133333333326,0.09333333333333338
Roulette,46,82,61338.0,-1709209.6333333333,17676,61338,0.4385884444444445,0.09999999999999998
Roulette,46,83,61338.0,-1426732.2666666666,17676,61338,0.43936711111111093,0.12
Roulette,46,84,61338.0,-1552370.7533333334,17676,61338,0.44128800000000007,0.14
Roulette,46,85,61338.0,-1991247.5333333334,17676,61338,0.4334337777777777,0.15333333333333332
Roulette,46,86,61338.0,-1637337.7066666668,17676,61338,0.43896177777777795,0.09333333333333338
Roulette,46,87,61338.0,-1357395.6933333334,17676,61338,0.44182044444444446,0.09333333333333338
Roulette,46,88,61338.0,-924582.58,17676,61338,0.44383288888888894,0.08666666666666667
Roulette,46,89,61338.0,-910593.9,17676,61338,0.4469022222222223,0.07999999999999996
Roulette,46,90,61338.0,-450866.0333333333,17676,61338,0.4443937777777777,0.046666666666666634
Roulette,46,91,61338.0,-733732.2866666666,17676,61338,0.45246044444444455,0.07999999999999996
Roulette,46,92,61338.0,-1799713.06,17676,61338,0.4471546666666667,0.07999999999999996
Roulette,46,93,61338.0,-2688423.0866666664,17676,61338,0.44464088888888886,0.09999999999999998
Roulette,46,94,61338.0,-1508831.3666666667,17676,61338,0.4376480000000001,0.06666666666666665
Roulette,46,95,61338.0,-1316617.2466666666,17676,61338,0.43413155555555577,0.09333333333333338
Roulette,46,96,61338.0,-885754.6866666666,17676,61338,0.4264142222222224,0.07333333333333336
Roulette,46,97,61338.0,-1411993.5266666666,17676,61338,0.4350755555555556,0.09999999999999998
Roulette,46,98,61338.0,-1752373.84,17676,61338,0.43548799999999993,0.11333333333333329
Roulette,46,99,61338.0,-1218002.8533333333,17676,61338,0.4383457777777779,0.06000000000000005
Roulette,46,100,61338.0,-1907635.34,17676,61338,0.4423395555555555,0.15333333333333332
Roulette,46,101,61338.0,-1360443.7,17676,61338,0.4461404444444444,0.07333333333333336
Roulette,46,102,61338.0,-1223592.1133333333,17676,61338,0.4428959999999996,0.07333333333333336
Roulette,46,103,61338.0,-492841.64666666667,17676,61338,0.44393422222222206,0.06000000000000005
Roulette,46,104,61338.0,-1067697.1933333334,17676,61338,0.4461697777777778,0.08666666666666667
Roulette,46,105,61338.0,-1632091.88,17676,61338,0.4424337777777779,0.10666666666666669
Roulette,46,106,61338.0,-1987134.84,17676,61338,0.4426240000000001,0.1266666666666667
Roulette,46,107,61338.0,-2039824.2666666666,17676,61338,0.43938488888888877,0.09333333333333338
Roulette,46,108,61338.0,-1703011.8266666667,17676,61338,0.44244622222222224,0.09333333333333338
Roulette,46,109,61338.0,-2219610.566666667,17676,61338,0.44242311111111104,0.09999999999999998
Roulette,46,110,61338.0,-1492090.36,17676,61338,0.4436328888888888,0.11333333333333329
Roulette,46,111,61338.0,-504934.79333333333,17676,61338,0.44523644444444455,0.053333333333333344
Roulette,46,112,61338.0,-1176432.4266666668,17676,61338,0.4404364444444444,0.06666666666666665
Roulette,46,113,61338.0,-1233032.5466666666,17676,61338,0.4359475555555552,0.09999999999999998
Roulette,46,114,61338.0,-1143995.26,17676,61338,0.4337724444444443,0.08666666666666667
Roulette,46,115,61338.0,-896370.7,17676,61338,0.4332257777777777,0.07999999999999996
Roulette,46,116,61338.0,-1965700.4133333333,17676,61338,0.43521333333333323,0.07999999999999996
Roulette,46,117,61338.0,-1696609.3533333333,17676,61338,0.43544622222222223,0.10666666666666669
Roulette,46,118,61338.0,-1654859.4533333334,17676,61338,0.4331466666666666,0.09333333333333338
Roulette,46,119,61338.0,-855655.0533333333,17676,61338,0.43344711111111095,0.06666666666666665
Roulette,46,120,61338.0,-637059.22,17676,61338,0.43193422222222205,0.06000000000000005
Roulette,46,121,61338.0,-470354.00666666665,17676,61338,0.4351493333333332,0.046666666666666634
Roulette,46,122,61338.0,-963847.16,17676,61338,0.43437155555555534,0.046666666666666634
Roulette,46,123,61338.0,-796016.1933333334,17676,61338,0.4343893333333334,0.033333333333333326
Roulette,46,124,61338.0,-587281.88,17676,61338,0.43535200000000024,0.06000000000000005
Roulette,46,125,61338.0,-485694.14,17676,61338,0.43692711111111104,0.046666666666666634
Roulette,46,126,61338.0,-1195478.1866666668,17676,61338,0.4428035555555555,0.09333333333333338
Roulette,46,127,61338.0,-1162999.3133333332,17676,61338,0.4399422222222221,0.07333333333333336
Roulette,46,128,61338.0,-1027888.8266666667,17676,61338,0.4382062222222222,0.08666666666666667
Roulette,46,129,61338.0,-1308617.2133333334,17676,61338,0.4402035555555555,0.09999999999999998
Roulette,46,130,61338.0,-1088690.2333333334,17676,61338,0.4407546666666667,0.08666666666666667
Roulette,46,131,61338.0,-851772.8133333334,17676,61338,0.44103111111111126,0.053333333333333344
Roulette,46,132,61338.0,-268069.9066666667,17676,61338,0.43890577777777773,0.040000000000000036
Roulette,46,133,61338.0,-1356775.7733333334,17676,61338,0.4389582222222221,0.06666666666666665
Roulette,46,134,61338.0,-1711627.9133333333,17676,61338,0.4370888888888889,0.11333333333333329
Roulette,46,135,61338.0,-944247.92,17676,61338,0.43206666666666665,0.07333333333333336
Roulette,46,136,61338.0,-1862504.6333333333,17676,61338,0.4312933333333333,0.09333333333333338
Roulette,46,137,61338.0,-1112635.8133333332,17676,61338,0.43550488888888905,0.07333333333333336
Roulette,46,138,61338.0,-1151440.2066666668,17676,61338,0.43786222222222226,0.09999999999999998
Roulette,46,139,61338.0,-677498.88,17676,61338,0.43719288888888896,0.07333333333333336
Roulette,46,140,61338.0,-605271.46,17676,61338,0.43108533333333343,0.053333333333333344
Roulette,46,141,61338.0,-1056152.8,17676,61338,0.4296835555555553,0.08666666666666667
Roulette,46,142,61338.0,-1173720.4133333333,17676,61338,0.43290133333333336,0.09333333333333338
Roulette,46,143,61338.0,-1807633.42,17676,61338,0.43499288888888893,0.09333333333333338
Roulette,46,144,61338.0,-1637278.6933333334,17676,61338,0.437336888888889,0.09333333333333338
Roulette,46,145,61338.0,-1682268.94,17676,61338,0.43634666666666666,0.09999999999999998
Roulette,46,146,61338.0,-2079565.26,17676,61338,0.43687022222222216,0.15333333333333332
Roulette,46,147,61338.0,-2143987.5933333333,17676,61338,0.43298755555555557,0.1266666666666667
Roulette,46,148,61338.0,-2860649.7533333334,17676,61338,0.4391911111111113,0.16000000000000003
Roulette,46,149,61338.0,-2066116.9866666666,17676,61338,0.44010844444444447,0.10666666666666669
Roulette,46,150,61338.0,-1636844.2066666668,17676,61338,0.4404764444444444,0.1266666666666667
Roulette,46,151,61338.0,-1797873.6933333334,17676,61338,0.4388604444444444,0.11333333333333329
Roulette,46,152,61338.0,-1334797.7466666666,17676,61338,0.4373964444444446,0.08666666666666667
Roulette,46,153,61338.0,-1793561.3866666667,17676,61338,0.4426933333333334,0.12
Roulette,46,154,61338.0,-2117236.32,17676,61338,0.44451377777777795,0.11333333333333329
Roulette,46,155,61338.0,-2332046.8733333335,17676,61338,0.44545422222222214,0.11333333333333329
Roulette,46,156,61338.0,-1145118.84,17676,61338,0.4443057777777778,0.07999999999999996
Roulette,46,157,61338.0,-922149.2333333333,17676,61338,0.4435333333333334,0.06666666666666665
Roulette,46,158,61338.0,-935210.6266666667,17676,61338,0.4429422222222224,0.07999999999999996
Roulette,46,159,61338.0,-1467707.96,17676,61338,0.4440995555555556,0.10666666666666669
Roulette,46,160,61338.0,-2275109.553333333,17676,61338,0.43637866666666675,0.12
Roulette,46,161,61338.0,-2283933.433333333,17676,61338,0.43144888888888877,0.11333333333333329
Roulette,46,162,61338.0,-2107622.78,17676,61338,0.427209777777778,0.1333333333333333
Roulette,46,163,61338.0,-2535250.8,17676,61338,0.42711199999999994,0.14
Roulette,46,164,61338.0,-3542086.66,17676,61338,0.4230453333333334,0.15333333333333332
Roulette,46,165,61338.0,-3209304.76,17676,61338,0.41461422222222205,0.16000000000000003
Roulette,46,166,61338.0,-3578189.6533333333,17676,61338,0.41865422222222226,0.18666666666666665
Roulette,46,167,61338.0,-1887359.2333333334,17676,61338,0.41762666666666676,0.11333333333333329
Roulette,46,168,61338.0,-2127382.6,17676,61338,0.4183662222222224,0.11333333333333329
Roulette,46,169,61338.0,-2515884.1933333334,17676,61338,0.42770400000000003,0.1266666666666667
Roulette,46,170,61338.0,-1847229.1066666667,17676,61338,0.426215111111111,0.10666666666666669
Roulette,46,171,61338.0,-1520292.7533333334,17676,61338,0.42777511111111094,0.11333333333333329
Roulette,46,172,61338.0,-2177920.026666667,17676,61338,0.4314186666666667,0.11333333333333329
Roulette,46,173,61338.0,-1600209.14,17676,61338,0.4322008888888888,0.11333333333333329
Roulette,46,174,61338.0,-1938383.68,17676,61338,0.4359297777777777,0.16000000000000003
Roulette,46,175,61338.0,-2030153.8333333333,17676,61338,0.4366631111111113,0.14
Roulette,46,176,61338.0,-1885340.5466666666,17676,61338,0.4371733333333333,0.1266666666666667
Roulette,46,177,61338.0,-1368650.6266666667,17676,61338,0.43510222222222195,0.09333333333333338
Roulette,46,178,61338.0,-2025514.0866666667,17676,61338,0.4300257777777776,0.09999999999999998
Roulette,46,179,61338.0,-1579009.6133333333,17676,61338,0.43076977777777786,0.11333333333333329
Roulette,46,180,61338.0,-1144272.5733333332,17676,61338,0.42937422222222227,0.07999999999999996
Roulette,46,181,61338.0,-1046785.0066666667,17676,61338,0.4315955555555555,0.07999999999999996
Roulette,46,182,61338.0,-745997.2866666666,17676,61338,0.4372746666666667,0.040000000000000036
Roulette,46,183,61338.0,-1753342.36,17676,61338,0.44194044444444425,0.09333333333333338
Roulette,46,184,61338.0,-2153469.16,17676,61338,0.4455395555555554,0.1266666666666667
Roulette,46,185,61338.0,-1810429.7266666666,17676,61338,0.44530044444444444,0.11333333333333329
Roulette,46,186,61338.0,-1806826.6866666668,17676,61338,0.44313155555555556,0.11333333333333329
Roulette,46,187,61338.0,-2436159.6133333333,17676,61338,0.44428533333333325,0.1266666666666667
Roulette,46,188,61338.0,-2574069.44,17676,61338,0.44001777777777773,0.15333333333333332
Roulette,46,189,61374.0,-1099698.0866666667,16938,61374,0.43699999999999994,0.08666666666666667
Roulette,46,190,61374.0,-1356561.5733333332,16938,61374,0.43947200000000025,0.11333333333333329
Roulette,46,191,61374.0,-1598607.66,16938,61374,0.43886933333333356,0.09333333333333338
Roulette,46,192,61374.0,-1908866.7333333334,16938,61374,0.4407493333333333,0.08666666666666667
Roulette,46,193,61374.0,-1235572.68,16938,61374,0.44182755555555575,0.09333333333333338
Roulette,46,194,61374.0,-670230.9933333333,16938,61374,0.4406862222222221,0.07999999999999996
Roulette,46,195,61374.0,-2616172.7,16938,61374,0.4394773333333333,0.11333333333333329
Roulette,46,196,61374.0,-3053383.973333333,16938,61374,0.44347733333333345,0.16666666666666663
Roulette,46,197,61374.0,-2197491.7733333334,16938,61374,0.43837333333333334,0.12
Roulette,46,198,61374.0,-1479766.08,16938,61374,0.43918044444444443,0.09999999999999998
Roulette,46,199,61374.0,-1408792.2533333334,16938,61374,0.4375715555555555,0.11333333333333329
Roulette,46,200,61374.0,-1770615.2066666668,16938,61374,0.440143111111111,0.10666666666666669
Rank,42,0,50912.0,-17804451.82,17634,50912,0.4963848888888887,0.54
Rank,42,1,52347.0,-7793517.52,17139,52347,0.489535111111111,0.36
Rank,42,2,52754.0,-4510600.98,17598,52754,0.4823457777777777,0.22666666666666668
Rank,42,3,52754.0,-2397659.9266666668,17598,52754,0.47293066666666633,0.1333333333333333
Rank,42,4,52961.0,-2869723.3266666667,17127,52961,0.4667813333333335,0.12
Rank,42,5,53132.0,-2912757.7,17394,53132,0.4571928888888891,0.17333333333333334
Rank,42,6,54815.0,-2501927.2266666666,16845,54815,0.4519582222222221,0.18000000000000005
Rank,42,7,54815.0,-2032411.7533333334,16845,54815,0.4472977777777779,0.11333333333333329
Rank,42,8,55860.0,-2138270.973333333,16800,55860,0.4392684444444443,0.16666666666666663
Rank,42,9,55860.0,-2922219.2266666666,16800,55860,0.43383822222222207,0.17333333333333334
Rank,42,10,57259.0,-2572072.22,17043,57259,0.4328151111111114,0.18000000000000005
Rank,42,11,58097.0,-1452589.4933333334,17469,58097,0.4320951111111111,0.1266666666666667
Rank,42,12,58381.0,-1865671.6733333333,16677,58381,0.42283999999999977,0.17333333333333334
Rank,42,13,60500.0,-2022034.6933333334,17250,60500,0.41432,0.14
Rank,42,14,60500.0,-1977859.4733333334,17250,60500,0.40605955555555573,0.15333333333333332
Rank,42,15,61598.0,-1714878.6333333333,17376,61598,0.3956915555555557,0.16666666666666663
Rank,42,16,61598.0,-1901157.2066666668,17376,61598,0.3861395555555554,0.11333333333333329
Rank,42,17,61598.0,-2264002.1866666665,17376,61598,0.37460355555555547,0.16000000000000003
Rank,42,18,61598.0,-2596117.1,17376,61598,0.3675502222222223,0.1466666666666666
Rank,42,19,61598.0,-2729071.32,17376,61598,0.3663662222222222,0.15333333333333332
Rank,42,20,62017.0,-2184107.8066666666,17589,62017,0.3590764444444444,0.16666666666666663
Rank,42,21,62017.0,-1541174.0666666667,17589,62017,0.3569502222222221,0.1466666666666666
Rank,42,22,62017.0,-2026520.4933333334,17589,62017,0.34268799999999994,0.1333333333333333
Rank,42,23,62272.0,-3229790.6333333333,16134,62272,0.34209066666666665,0.21333333333333337
Rank,42,24,62272.0,-3324171.553333333,16134,62272,0.33208177777777775,0.18000000000000005
Rank,42,25,62272.0,-1550651.1733333333,16134,62272,0.33018488888888897,0.1466666666666666
Rank,42,26,62566.0,-2110442.9266666668,17652,62566,0.32684355555555555,0.17333333333333334
Rank,42,27,62814.0,-2971458.2666666666,17598,62814,0.3280524444444442,0.19333333333333336
Rank,42,28,64013.0,-2956546.04,16911,64013,0.3290551111111112,0.17333333333333334
Rank,42,29,64013.0,-1350028.44,16911,64013,0.32680533333333345,0.14
Rank,42,30,64013.0,-1698773.5133333334,16911,64013,0.32367911111111125,0.16000000000000003
Rank,42,31,64013.0,-2134484.2533333334,16911,64013,0.3186266666666668,0.15333333333333332
Rank,42,32,64013.0,-2346380.953333333,16911,64013,0.3125928888888889,0.18000000000000005
Rank,42,33,64225.0,-1726251.9266666668,17595,64225,0.3122026666666667,0.16000000000000003
Rank,42,34,64225.0,-1510138.5266666666,17595,64225,0.3152320000000001,0.15333333333333332
Rank,42,35,64225.0,-1877363.6466666667,17595,64225,0.30902400000000013,0.1466666666666666
Rank,42,36,64261.0,-2084446.8933333333,16857,64261,0.305264888888889,0.18000000000000005
Rank,42,37,65152.0,-1408450.0,17454,65152,0.30506488888888905,0.11333333333333329
Rank,42,38,65636.0,-1741186.0266666666,17592,65636,0.30808800000000003,0.12
Rank,42,39,65636.0,-2155470.0,17592,65636,0.3183448888888889,0.16666666666666663
Rank,42,40,65636.0,-2755418.506666667,17592,65636,0.31456355555555565,0.19999999999999996
Rank,42,41,65636.0,-2163409.76,17592,65636,0.3085111111111111,0.1466666666666666
Rank,42,42,65636.0,-2836407.1466666665,17592,65636,0.30434222222222235,0.1266666666666667
Rank,42,43,65636.0,-2052624.1,17592,65636,0.30374222222222214,0.16000000000000003
Rank,42,44,65636.0,-1411517.1866666668,17592,65636,0.30567022222222223,0.14
Rank,42,45,65636.0,-2748691.7533333334,17592,65636,0.30124977777777784,0.16666666666666663
Rank,42,46,65636.0,-1966506.4933333334,17592,65636,0.29990933333333336,0.15333333333333332
Rank,42,47,65819.0,-2435281.053333333,17613,65819,0.307552,0.1466666666666666
Rank,42,48,65819.0,-2792025.18,17613,65819,0.31125777777777774,0.19999999999999996
Rank,42,49,65819.0,-2435933.84,17613,65819,0.3066915555555557,0.16000000000000003
Rank,42,50,65819.0,-1943538.74,17613,65819,0.30915733333333345,0.14
Rank,42,51,65819.0,-1748149.94,17613,65819,0.30891911111111114,0.14
Rank,42,52,65819.0,-1029949.0533333333,17613,65819,0.30356888888888894,0.09999999999999998
Rank,42,53,65819.0,-3394774.6733333333,17613,65819,0.3054115555555556,0.19333333333333336
Rank,42,54,65908.0,-3209758.52,17046,65908,0.30760711111111105,0.20666666666666667
Rank,42,55,65908.0,-2510243.5,17046,65908,0.31628800000000007,0.18000000000000005
Rank,42,56,65908.0,-2572654.6133333333,17046,65908,0.3160168888888889,0.16666666666666663
Rank,42,57,65908.0,-3253912.0733333332,17046,65908,0.30863999999999997,0.17333333333333334
Rank,42,58,65908.0,-1750387.7266666666,17046,65908,0.30521066666666674,0.14
Rank,42,59,65908.0,-1508783.82,17046,65908,0.3046533333333334,0.10666666666666669
Rank,42,60,65908.0,-1620705.0133333334,17046,65908,0.30867377777777777,0.14
Rank,42,61,65908.0,-3868045.046666667,17046,65908,0.31372088888888905,0.21999999999999997
Rank,42,62,65908.0,-2596080.553333333,17046,65908,0.3064542222222222,0.19333333333333336
Rank,42,63,65908.0,-2245135.88,17046,65908,0.29791911111111125,0.17333333333333334
Rank,42,64,65908.0,-3031999.8333333335,17046,65908,0.29476355555555567,0.18000000000000005
Rank,42,65,65908.0,-1405721.4933333334,17046,65908,0.2899582222222223,0.14
Rank,42,66,65908.0,-2034000.48,17046,65908,0.294792,0.18000000000000005
Rank,42,67,65908.0,-819273.7,17046,65908,0.30049333333333345,0.07333333333333336
Rank,42,68,65908.0,-2311552.486666667,17046,65908,0.29436799999999985,0.1333333333333333
Rank,42,69,65908.0,-1616129.5866666667,17046,65908,0.2965635555555556,0.10666666666666669
Rank,42,70,66368.0,-2285110.62,17676,66368,0.295736,0.1466666666666666
Rank,42,71,66368.0,-2778343.6733333333,17676,66368,0.30161955555555553,0.18000000000000005
Rank,42,72,66368.0,-3537349.2466666666,17676,66368,0.3070248888888888,0.23333333333333328
Rank,42,73,66368.0,-1808514.1533333333,17676,66368,0.30773333333333347,0.1333333333333333
Rank,42,74,66368.0,-3410078.033333333,17676,66368,0.29731377777777773,0.20666666666666667
Rank,42,75,66368.0,-2298054.54,17676,66368,0.3014373333333334,0.14
Rank,42,76,66368.0,-3540550.493333333,17676,66368,0.29118044444444446,0.21333333333333337
Rank,42,77,66368.0,-3125422.8733333335,17676,66368,0.2848275555555555,0.19333333333333336
Rank,42,78,66368.0,-2557433.58,17676,66368,0.2760106666666666,0.15333333333333332
Rank,42,79,66368.0,-2431664.04,17676,66368,0.27584266666666674,0.15333333333333332
Rank,42,80,66368.0,-2783840.5866666664,17676,66368,0.2735884444444444,0.16666666666666663
Rank,42,81,66368.0,-2975609.7466666666,17676,66368,0.27643644444444443,0.20666666666666667
Rank,42,82,66368.0,-3343069.6466666665,17676,66368,0.2795795555555556,0.17333333333333334
Rank,42,83,66368.0,-3273239.7133333334,17676,66368,0.2818968888888889,0.20666666666666667
Rank,42,84,66368.0,-3574936.013333333,17676,66368,0.29542488888888896,0.19999999999999996
Rank,42,85,66368.0,-3206555.78,17676,66368,0.299175111111111,0.20666666666666667
Rank,42,86,66368.0,-2442199.6866666665,17676,66368,0.29188444444444445,0.18666666666666665
Rank,42,87,66368.0,-1063861.8133333332,17676,66368,0.2855475555555556,0.11333333333333329
Rank,42,88,66368.0,-2322721.6866666665,17676,66368,0.27636266666666676,0.19999999999999996
Rank,42,89,66368.0,-1217102.3066666666,17676,66368,0.2710497777777779,0.12
Rank,42,90,66368.0,-1696641.4466666668,17676,66368,0.25859733333333335,0.11333333333333329
Rank,42,91,66368.0,-2321216.1,17676,66368,0.24217422222222237,0.16666666666666663
Rank,42,92,66368.0,-1329236.8866666667,17676,66368,0.25542222222222216,0.16000000000000003
Rank,42,93,66368.0,-1808630.8866666667,17676,66368,0.27087199999999995,0.1466666666666666
Rank,42,94,66368.0,-1679417.12,17676,66368,0.269928,0.12
Rank,42,95,66368.0,-1575792.42,17676,66368,0.2732791111111113,0.12
Rank,42,96,66368.0,-1742960.3133333332,17676,66368,0.2648622222222222,0.10666666666666669
Rank,42,97,66368.0,-1688474.22,17676,66368,0.2626960000000001,0.10666666666666669
Rank,42,98,66368.0,-2211905.013333333,17676,66368,0.26324800000000015,0.23333333333333328
Rank,42,99,66368.0,-2719714.7333333334,17676,66368,0.26480177777777786,0.20666666666666667
Rank,42,100,66368.0,-2216557.493333333,17676,66368,0.2602071111111111,0.14
Rank,42,101,66368.0,-2515024.7666666666,17676,66368,0.2570755555555555,0.19999999999999996
Rank,42,102,66368.0,-2041819.6,17676,66368,0.25974311111111115,0.19333333333333336
Rank,42,103,66368.0,-2026002.04,17676,66368,0.2630897777777778,0.17333333333333334
Rank,42,104,66368.0,-3077411.1666666665,17676,66368,0.2568586666666668,0.23333333333333328
Rank,42,105,66368.0,-3014057.58,17676,66368,0.25510311111111117,0.26
Rank,42,106,66368.0,-1449192.0733333332,17676,66368,0.270047111111111,0.1333333333333333
Rank,42,107,66368.0,-1134139.9666666666,17676,66368,0.2742213333333333,0.09333333333333338
Rank,42,108,66368.0,-2812607.466666667,17676,66368,0.27200266666666667,0.18666666666666665
Rank,42,109,66368.0,-1769326.9533333334,17676,66368,0.2670142222222223,0.15333333333333332
Rank,42,110,66368.0,-1589442.9533333334,17676,66368,0.26568533333333344,0.1466666666666666
Rank,42,111,66368.0,-1393017.68,17676,66368,0.27176355555555565,0.1333333333333333
Rank,42,112,66368.0,-2764910.5933333333,17676,66368,0.26582488888888883,0.16000000000000003
Rank,42,113,66368.0,-1733685.4133333333,17676,66368,0.27046844444444446,0.12
Rank,42,114,66368.0,-1848387.24,17676,66368,0.2697564444444444,0.1466666666666666
Rank,42,115,66368.0,-2102048.2466666666,17676,66368,0.2724133333333334,0.1466666666666666
Rank,42,116,66368.0,-2822589.0933333333,17676,66368,0.26296088888888897,0.18000000000000005
Rank,42,117,66368.0,-2532302.7133333334,17676,66368,0.26706133333333326,0.19999999999999996
Rank,42,118,66368.0,-1820705.26,17676,66368,0.2706168888888889,0.12
Rank,42,119,66368.0,-2208453.6733333333,17676,66368,0.2727288888888889,0.16000000000000003
Rank,42,120,66368.0,-1429320.7466666666,17676,66368,0.2688346666666667,0.12
Rank,42,121,66368.0,-2694519.78,17676,66368,0.27412266666666657,0.19333333333333336
Rank,42,122,66368.0,-1677394.4266666668,17676,66368,0.2776497777777779,0.12
Rank,42,123,66368.0,-2505897.96,17676,66368,0.27188355555555554,0.15333333333333332
Rank,42,124,66380.0,-3506609.9266666668,17430,66380,0.2674968888888889,0.19999999999999996
Rank,42,125,66380.0,-2909164.1266666665,17430,66380,0.2641688888888889,0.20666666666666667
Rank,42,126,66982.0,-2112609.18,17664,66982,0.26230755555555557,0.16666666666666663
Rank,42,127,66982.0,-2038789.0066666666,17664,66982,0.2528586666666667,0.18000000000000005
Rank,42,128,66982.0,-2537526.1466666665,17664,66982,0.2668631111111111,0.17333333333333334
Rank,42,129,66982.0,-1884539.2533333334,17664,66982,0.2586933333333333,0.16000000000000003
Rank,42,130,66982.0,-2098996.946666667,17664,66982,0.2562168888888889,0.1333333333333333
Rank,42,131,66982.0,-1803916.5933333333,17664,66982,0.2543973333333335,0.15333333333333332
Rank,42,132,66982.0,-2392960.1866666665,17664,66982,0.25226577777777776,0.15333333333333332
Rank,42,133,66982.0,-2347757.88,17664,66982,0.2559786666666667,0.17333333333333334
Rank,42,134,66982.0,-3103736.1066666665,17664,66982,0.25606844444444454,0.21333333333333337
Rank,42,135,66982.0,-3251518.1933333334,17664,66982,0.25969866666666674,0.22666666666666668
Rank,42,136,66982.0,-2409941.2933333335,17664,66982,0.2594364444444445,0.19999999999999996
Rank,42,137,66982.0,-2157727.7466666666,17664,66982,0.24968977777777776,0.20666666666666667
Rank,42,138,66982.0,-3209401.2933333335,17664,66982,0.2456311111111112,0.19999999999999996
Rank,42,139,66982.0,-2542005.2066666665,17664,66982,0.245456888888889,0.17333333333333334
Rank,42,140,66982.0,-2659835.046666667,17664,66982,0.24780177777777784,0.19333333333333336
Rank,42,141,66982.0,-3056753.546666667,17664,66982,0.24562311111111107,0.2466666666666667
Rank,42,142,66982.0,-2418416.2733333334,17664,66982,0.2506640000000001,0.20666666666666667
Rank,42,143,66982.0,-2131019.6333333333,17664,66982,0.25686044444444456,0.1466666666666666
Rank,42,144,66982.0,-2627249.026666667,17664,66982,0.2548720000000001,0.2466666666666667
Rank,42,145,66982.0,-2920471.446666667,17664,66982,0.2571431111111112,0.21333333333333337
Rank,42,146,66982.0,-2119095.12,17664,66982,0.26511555555555566,0.16000000000000003
Rank,42,147,66982.0,-2839119.7666666666,17664,66982,0.2630026666666667,0.20666666666666667
Rank,42,148,66982.0,-1330931.9066666667,17664,66982,0.2560453333333333,0.14
Rank,42,149,66982.0,-1936633.0333333334,17664,66982,0.24382844444444451,0.16000000000000003
Rank,42,150,66982.0,-2013584.24,17664,66982,0.24679288888888892,0.15333333333333332
Rank,42,151,66982.0,-3478743.3466666667,17664,66982,0.24709422222222227,0.19333333333333336
Rank,42,152,66982.0,-2312212.2933333335,17664,66982,0.24029422222222227,0.18000000000000005
Rank,42,153,66982.0,-940286.94,17664,66982,0.2321893333333334,0.11333333333333329
Rank,42,154,66982.0,-1934647.6666666667,17664,66982,0.22919200000000003,0.17333333333333334
Rank,42,155,66982.0,-2183353.2333333334,17664,66982,0.23353866666666676,0.19333333333333336
Rank,42,156,66982.0,-2542199.9066666667,17664,66982,0.22822311111111124,0.17333333333333334
Rank,42,157,66982.0,-1653919.8,17664,66982,0.220664888888889,0.18000000000000005
Rank,42,158,66982.0,-2973618.16,17664,66982,0.21709688888888898,0.16666666666666663
Rank,42,159,66982.0,-2541524.6733333333,17664,66982,0.22034755555555563,0.17333333333333334
Rank,42,160,66982.0,-2529488.8266666667,17664,66982,0.22233333333333338,0.16666666666666663
Rank,42,161,66982.0,-1901881.94,17664,66982,0.230608,0.15333333333333332
Rank,42,162,66982.0,-1660136.1933333334,17664,66982,0.24180177777777778,0.1466666666666666
Rank,42,163,66982.0,-3075915.58,17664,66982,0.24283466666666664,0.21333333333333337
Rank,42,164,66982.0,-1752697.1133333333,17664,66982,0.25383288888888883,0.15333333333333332
Rank,42,165,66982.0,-2348235.8333333335,17664,66982,0.2643786666666667,0.18000000000000005
Rank,42,166,66982.0,-2844937.433333333,17664,66982,0.2627671111111112,0.21999999999999997
Rank,42,167,66982.0,-2715492.02,17664,66982,0.26308977777777776,0.21999999999999997
Rank,42,168,66982.0,-2462692.1133333333,17664,66982,0.2562515555555557,0.21333333333333337
Rank,42,169,66982.0,-2355090.7266666666,17664,66982,0.26209777777777776,0.16666666666666663
Rank,42,170,66982.0,-1831239.3333333333,17664,66982,0.2582968888888889,0.1333333333333333
Rank,42,171,66982.0,-2230196.1533333333,17664,66982,0.25831822222222217,0.16666666666666663
Rank,42,172,66982.0,-2444515.48,17664,66982,0.25896177777777774,0.23333333333333328
Rank,42,173,66982.0,-2369448.8333333335,17664,66982,0.2650568888888891,0.14
Rank,42,174,66982.0,-2459256.1533333333,17664,66982,0.26842666666666665,0.1466666666666666
Rank,42,175,66982.0,-2622872.3933333335,17664,66982,0.2667342222222223,0.19999999999999996
Rank,42,176,66982.0,-2966735.7333333334,17664,66982,0.26723111111111125,0.18000000000000005
Rank,42,177,66982.0,-1803322.4866666666,17664,66982,0.2715662222222224,0.16666666666666663
Rank,42,178,66982.0,-1807436.48,17664,66982,0.275016888888889,0.1466666666666666
Rank,42,179,66982.0,-1961584.1333333333,17664,66982,0.278465777777778,0.16000000000000003
Rank,42,180,66982.0,-3646490.8533333335,17664,66982,0.2768506666666667,0.21333333333333337
Rank,42,181,66982.0,-2294163.32,17664,66982,0.2806097777777777,0.18000000000000005
Rank,42,182,66982.0,-2518859.82,17664,66982,0.2878319999999999,0.1333333333333333
Rank,42,183,66982.0,-2219754.973333333,17664,66982,0.2828933333333333,0.1333333333333333
Rank,42,184,66982.0,-2490438.8333333335,17664,66982,0.27870666666666666,0.19333333333333336
Rank,42,185,66982.0,-1720283.9733333334,17664,66982,0.2856373333333333,0.16666666666666663
Rank,42,186,66982.0,-2211419.6,17664,66982,0.2811217777777778,0.16000000000000003
Rank,42,187,66982.0,-2662183.7266666666,17664,66982,0.2784186666666667,0.20666666666666667
Rank,42,188,66982.0,-1639386.7533333334,17664,66982,0.28063644444444447,0.16666666666666663
Rank,42,189,66982.0,-2728042.74,17664,66982,0.27702488888888877,0.18000000000000005
Rank,42,190,66982.0,-1807525.6733333333,17664,66982,0.2728711111111113,0.16000000000000003
Rank,42,191,66982.0,-1863355.74,17664,66982,0.2660746666666666,0.16000000000000003
Rank,42,192,66982.0,-2430811.34,17664,66982,0.26194755555555566,0.15333333333333332
Rank,42,193,66982.0,-2147585.4266666668,17664,66982,0.26152977777777797,0.14
Rank,42,194,66982.0,-1071297.1866666668,17664,66982,0.2645324444444445,0.10666666666666669
Rank,42,195,66982.0,-2320571.6866666665,17664,66982,0.26287644444444447,0.18000000000000005
Rank,42,196,66982.0,-2786025.08,17664,66982,0.26980622222222217,0.14
Rank,42,197,66982.0,-1208313.8066666666,17664,66982,0.26767199999999997,0.10666666666666669
Rank,42,198,66982.0,-1685056.3266666667,17664,66982,0.27062488888888886,0.11333333333333329
Rank,42,199,66982.0,-2466846.08,17664,66982,0.2725288888888888,0.19999999999999996
Rank,42,200,66982.0,-2214665.1533333333,17664,66982,0.2711715555555556,0.18000000000000005
Rank,43,0,47659.0,-17477563.38,17673,47659,0.4971146666666663,0.4666666666666667
Rank,43,1,52388.0,-7660575.12,17556,52388,0.49212977777777767,0.32666666666666666
Rank,43,2,52388.0,-4390976.506666667,17556,52388,0.4869351111111112,0.2466666666666667
Rank,43,3,52388.0,-3994368.1533333333,17556,52388,0.48303822222222215,0.18000000000000005
Rank,43,4,52388.0,-1354854.1466666667,17556,52388,0.4725137777777778,0.1266666666666667
Rank,43,5,53368.0,-2486399.8533333335,17586,53368,0.4641697777777777,0.10666666666666669
Rank,43,6,54331.0,-1249074.64,16707,54331,0.4590888888888889,0.10666666666666669
Rank,43,7,57442.0,-1729820.2333333334,17064,57442,0.4523342222222221,0.12
Rank,43,8,57442.0,-2752796.8866666667,17064,57442,0.45080000000000003,0.18000000000000005
Rank,43,9,57442.0,-2524625.5866666664,17064,57442,0.44238133333333346,0.14
Rank,43,10,59089.0,-2146102.48,17253,59089,0.4341937777777776,0.1466666666666666
Rank,43,11,59089.0,-2460837.18,17253,59089,0.4290986666666666,0.1266666666666667
Rank,43,12,59963.0,-1987259.4933333334,16941,59963,0.4172826666666667,0.15333333333333332
Rank,43,13,59963.0,-1652193.3133333332,16941,59963,0.41006844444444424,0.1333333333333333
Rank,43,14,59963.0,-2072213.8133333332,16941,59963,0.39984622222222227,0.1266666666666667
Rank,43,15,59963.0,-982800.32,16941,59963,0.39406400000000025,0.07333333333333336
Rank,43,16,59963.0,-3157672.3866666667,16941,59963,0.385328,0.19333333333333336
Rank,43,17,60606.0,-2132490.2133333334,17592,60606,0.37465955555555547,0.16000000000000003
Rank,43,18,60606.0,-3199993.986666667,17592,60606,0.36808799999999997,0.19999999999999996
Rank,43,19,60736.0,-2457426.5,17442,60736,0.36062577777777777,0.16000000000000003
Rank,43,20,62289.0,-1623121.9866666666,17043,62289,0.3643395555555556,0.12
Rank,43,21,62879.0,-2099532.7266666666,17523,62879,0.36424711111111113,0.1333333333333333
Rank,43,22,62879.0,-2862951.0866666664,17523,62879,0.36553955555555556,0.19999999999999996
Rank,43,23,62879.0,-2365950.8266666667,17523,62879,0.3606008888888887,0.19333333333333336
Rank,43,24,62879.0,-1823372.7266666666,17523,62879,0.3675582222222223,0.12
Rank,43,25,63700.0,-1860370.94,17040,63700,0.36621866666666664,0.1266666666666667
Rank,43,26,63700.0,-2310289.1133333333,17040,63700,0.36032977777777797,0.16000000000000003
Rank,43,27,63936.0,-3699007.3933333335,17232,63936,0.3575333333333334,0.18000000000000005
Rank,43,28,63936.0,-2765247.04,17232,63936,0.35390577777777765,0.16000000000000003
Rank,43,29,63936.0,-1871035.82,17232,63936,0.3497368888888888,0.17333333333333334
Rank,43,30,63936.0,-2614983.4066666667,17232,63936,0.3452115555555555,0.18000000000000005
Rank,43,31,63936.0,-2954098.533333333,17232,63936,0.3368017777777779,0.17333333333333334
Rank,43,32,63936.0,-2801436.7666666666,17232,63936,0.33325155555555563,0.1466666666666666
Rank,43,33,64302.0,-2917798.22,17274,64302,0.3329128888888889,0.15333333333333332
Rank,43,34,64302.0,-2450750.433333333,17274,64302,0.3235786666666668,0.16000000000000003
Rank,43,35,64302.0,-2945718.4266666668,17274,64302,0.3184266666666666,0.15333333333333332
Rank,43,36,64302.0,-1922883.52,17274,64302,0.30900177777777776,0.17333333333333334
Rank,43,37,64355.0,-1818258.3066666666,17445,64355,0.30771644444444435,0.18000000000000005
Rank,43,38,64355.0,-2753310.033333333,17445,64355,0.3094222222222223,0.20666666666666667
Rank,43,39,64355.0,-2788033.7133333334,17445,64355,0.30948177777777774,0.19333333333333336
Rank,43,40,65819.0,-1343327.4533333334,17613,65819,0.30907555555555566,0.09333333333333338
Rank,43,41,65819.0,-2164123.2533333334,17613,65819,0.3038017777777778,0.16666666666666663
Rank,43,42,65819.0,-2705816.62,17613,65819,0.305736888888889,0.15333333333333332
Rank,43,43,65819.0,-2191960.513333333,17613,65819,0.30216977777777787,0.1466666666666666
Rank,43,44,65819.0,-2524826.1266666665,17613,65819,0.2922773333333334,0.2466666666666667
Rank,43,45,65819.0,-1828351.1733333333,17613,65819,0.2978017777777776,0.16666666666666663
Rank,43,46,65831.0,-569689.5266666666,17367,65831,0.28634933333333334,0.07999999999999996
Rank,43,47,66067.0,-2079090.1466666667,17559,66067,0.28366222222222215,0.19333333333333336
Rank,43,48,66067.0,-2395976.52,17559,66067,0.28320355555555565,0.19999999999999996
Rank,43,49,66067.0,-2621760.6133333333,17559,66067,0.28410844444444444,0.1466666666666666
Rank,43,50,66067.0,-3023470.6066666665,17559,66067,0.282880888888889,0.21999999999999997
Rank,43,51,66067.0,-2133142.4066666667,17559,66067,0.28237066666666666,0.17333333333333334
Rank,43,52,66067.0,-1650545.86,17559,66067,0.27657422222222217,0.1266666666666667
Rank,43,53,66067.0,-2430981.066666667,17559,66067,0.27412533333333344,0.16666666666666663
Rank,43,54,66067.0,-2917578.7733333334,17559,66067,0.2696542222222222,0.20666666666666667
Rank,43,55,66067.0,-1877786.0133333334,17559,66067,0.2792257777777777,0.15333333333333332
Rank,43,56,66067.0,-2005648.4466666668,17559,66067,0.27832622222222225,0.1466666666666666
Rank,43,57,66067.0,-2422088.66,17559,66067,0.2776888888888889,0.16666666666666663
Rank,43,58,66067.0,-3223164.68,17559,66067,0.28724533333333346,0.19999999999999996
Rank,43,59,66067.0,-1980087.2666666666,17559,66067,0.28151822222222234,0.1466666666666666
Rank,43,60,66067.0,-2733694.3733333335,17559,66067,0.28705333333333327,0.19333333333333336
Rank,43,61,66067.0,-1871856.5133333334,17559,66067,0.28693599999999997,0.1333333333333333
Rank,43,62,66067.0,-3265959.8466666667,17559,66067,0.28637422222222214,0.18000000000000005
Rank,43,63,66067.0,-1806191.0866666667,17559,66067,0.2902791111111112,0.12
Rank,43,64,66067.0,-1884529.16,17559,66067,0.28739022222222227,0.16666666666666663
Rank,43,65,66067.0,-1900761.0,17559,66067,0.28943911111111115,0.15333333333333332
Rank,43,66,66067.0,-2047815.66,17559,66067,0.2887911111111111,0.18000000000000005
Rank,43,67,66067.0,-3265462.453333333,17559,66067,0.28316888888888886,0.20666666666666667
Rank,43,68,66067.0,-1819653.4266666668,17559,66067,0.28351200000000004,0.15333333333333332
Rank,43,69,66185.0,-2205950.64,17655,66185,0.27704977777777784,0.16666666666666663
Rank,43,70,66185.0,-3121823.06,17655,66185,0.2680328888888889,0.19999999999999996
Rank,43,71,66185.0,-2853744.8,17655,66185,0.26536977777777776,0.20666666666666667
Rank,43,72,66185.0,-2721146.6666666665,17655,66185,0.2618648888888889,0.16666666666666663
Rank,43,73,66368.0,-3139777.46,17676,66368,0.2604213333333334,0.16000000000000003
Rank,43,74,66368.0,-1995555.3933333333,17676,66368,0.2558364444444445,0.1266666666666667
Rank,43,75,66368.0,-1935467.98,17676,66368,0.2415315555555555,0.18000000000000005
Rank,43,76,66368.0,-1485953.2933333332,17676,66368,0.2492666666666667,0.1466666666666666
Rank,43,77,66368.0,-1798433.5933333333,17676,66368,0.2634782222222223,0.16000000000000003
Rank,43,78,66368.0,-1717275.5066666666,17676,66368,0.2659520000000001,0.18000000000000005
Rank,43,79,66368.0,-2793456.08,17676,66368,0.2659484444444445,0.16666666666666663
Rank,43,80,66368.0,-2595865.5933333333,17676,66368,0.27098666666666676,0.16000000000000003
Rank,43,81,66368.0,-3498381.1733333333,17676,66368,0.275088,0.24
Rank,43,82,66368.0,-2118894.34,17676,66368,0.2797146666666666,0.19999999999999996
Rank,43,83,66368.0,-2079006.3266666667,17676,66368,0.27907466666666675,0.16000000000000003
Rank,43,84,66368.0,-1904641.6666666667,17676,66368,0.2849475555555556,0.16666666666666663
Rank,43,85,66368.0,-1528419.48,17676,66368,0.2845635555555556,0.1266666666666667
Rank,43,86,66368.0,-2599700.2333333334,17676,66368,0.2833715555555556,0.20666666666666667
Rank,43,87,66368.0,-1649223.4133333333,17676,66368,0.28540000000000015,0.14
Rank,43,88,66368.0,-2510273.28,17676,66368,0.285672888888889,0.18000000000000005
Rank,43,89,66368.0,-2199597.8133333335,17676,66368,0.29160177777777785,0.1266666666666667
Rank,43,90,66368.0,-1027340.2933333333,17676,66368,0.2929733333333333,0.09333333333333338
Rank,43,91,66368.0,-2601794.8266666667,17676,66368,0.28856977777777787,0.17333333333333334
Rank,43,92,66368.0,-1582776.0,17676,66368,0.29213866666666666,0.14
Rank,43,93,66368.0,-1908798.6466666667,17676,66368,0.2845191111111111,0.1466666666666666
Rank,43,94,66368.0,-1928321.4666666666,17676,66368,0.2855102222222223,0.15333333333333332
Rank,43,95,66368.0,-2485959.6466666665,17676,66368,0.29641600000000007,0.16666666666666663
Rank,43,96,66368.0,-1719283.9466666668,17676,66368,0.3025075555555556,0.1266666666666667
Rank,43,97,66368.0,-2749487.486666667,17676,66368,0.3027431111111112,0.16666666666666663
Rank,43,98,66368.0,-2397611.06,17676,66368,0.2953235555555557,0.14
Rank,43,99,66616.0,-1968469.0666666667,17622,66616,0.2900053333333334,0.1333333333333333
Rank,43,100,66616.0,-2497870.2466666666,17622,66616,0.29404977777777774,0.21333333333333337
Rank,43,101,66616.0,-1578070.3866666667,17622,66616,0.293,0.1466666666666666
Rank,43,102,66616.0,-1926769.02,17622,66616,0.29580622222222225,0.1466666666666666
Rank,43,103,66616.0,-2471693.066666667,17622,66616,0.2955893333333334,0.17333333333333334
Rank,43,104,66616.0,-1517496.16,17622,66616,0.28664266666666666,0.18000000000000005
Rank,43,105,66616.0,-2487704.2466666666,17622,66616,0.2848595555555556,0.18000000000000005
Rank,43,106,66616.0,-2367190.026666667,17622,66616,0.28343822222222215,0.17333333333333334
Rank,43,107,66616.0,-2648790.7066666665,17622,66616,0.27502044444444446,0.1466666666666666
Rank,43,108,66616.0,-1982905.72,17622,66616,0.2710746666666667,0.17333333333333334
Rank,43,109,66616.0,-1975587.5266666666,17622,66616,0.27827466666666667,0.16000000000000003
Rank,43,110,66616.0,-1891710.1333333333,17622,66616,0.27280800000000016,0.15333333333333332
Rank,43,111,66616.0,-1194441.0066666666,17622,66616,0.25630133333333344,0.14
Rank,43,112,66616.0,-2521880.046666667,17622,66616,0.25322755555555554,0.14
Rank,43,113,66616.0,-1974262.6933333334,17622,66616,0.25734222222222214,0.16666666666666663
Rank,43,114,66616.0,-2869432.9066666667,17622,66616,0.25911466666666666,0.17333333333333334
Rank,43,115,66616.0,-2972739.3333333335,17622,66616,0.26249688888888895,0.21333333333333337
Rank,43,116,66616.0,-2927661.82,17622,66616,0.258008888888889,0.21333333333333337
Rank,43,117,66616.0,-2083920.1066666667,17622,66616,0.25443377777777776,0.17333333333333334
Rank,43,118,66616.0,-2266166.3066666666,17622,66616,0.2606355555555555,0.18000000000000005
Rank,43,119,66616.0,-2277055.1466666665,17622,66616,0.26965333333333324,0.19999999999999996
Rank,43,120,66616.0,-2694799.506666667,17622,66616,0.2629822222222223,0.22666666666666668
Rank,43,121,66616.0,-2169716.3866666667,17622,66616,0.267176888888889,0.19999999999999996
Rank,43,122,66616.0,-2921334.966666667,17622,66616,0.2835395555555555,0.17333333333333334
Rank,43,123,66616.0,-2039168.5066666666,17622,66616,0.27214577777777776,0.1466666666666666
Rank,43,124,66616.0,-2685513.013333333,17622,66616,0.25820355555555546,0.15333333333333332
Rank,43,125,66616.0,-1695134.26,17622,66616,0.2466924444444446,0.20666666666666667
Rank,43,126,66616.0,-1990129.8333333333,17622,66616,0.24891999999999992,0.18666666666666665
Rank,43,127,66616.0,-2150027.013333333,17622,66616,0.24607199999999993,0.17333333333333334
Rank,43,128,66616.0,-1769400.8733333333,17622,66616,0.23610488888888895,0.15333333333333332
Rank,43,129,66616.0,-2358348.7466666666,17622,66616,0.22568444444444455,0.16000000000000003
Rank,43,130,66616.0,-2688496.066666667,17622,66616,0.22222044444444453,0.17333333333333334
Rank,43,131,66616.0,-1551682.64,17622,66616,0.22356800000000007,0.18666666666666665
Rank,43,132,66616.0,-2087040.62,17622,66616,0.22341955555555557,0.16666666666666663
Rank,43,133,66616.0,-1659136.9133333333,17622,66616,0.22597244444444453,0.1333333333333333
Rank,43,134,66616.0,-1775720.7266666666,17622,66616,0.24044888888888888,0.16000000000000003
Rank,43,135,66982.0,-1649046.0133333334,17664,66982,0.23313066666666657,0.1466666666666666
Rank,43,136,66982.0,-1959674.34,17664,66982,0.22894577777777783,0.17333333333333334
Rank,43,137,66982.0,-1687078.6666666667,17664,66982,0.2343724444444445,0.16000000000000003
Rank,43,138,66982.0,-1618987.9533333334,17664,66982,0.23298133333333343,0.12
Rank,43,139,66982.0,-1632697.0866666667,17664,66982,0.2336240000000001,0.1266666666666667
Rank,43,140,66982.0,-2611682.3733333335,17664,66982,0.2341262222222223,0.16666666666666663
Rank,43,141,66982.0,-672996.3733333333,17664,66982,0.2375333333333333,0.06666666666666665
Rank,43,142,66982.0,-2289149.4266666668,17664,66982,0.24491111111111116,0.15333333333333332
Rank,43,143,66982.0,-1938875.5133333334,17664,66982,0.2497555555555556,0.16000000000000003
Rank,43,144,66982.0,-1469688.0866666667,17664,66982,0.253072,0.14
Rank,43,145,66982.0,-1937184.5866666667,17664,66982,0.2571004444444444,0.1333333333333333
Rank,43,146,66982.0,-2827910.7133333334,17664,66982,0.2686551111111112,0.18000000000000005
Rank,43,147,66982.0,-3172946.76,17664,66982,0.27239911111111115,0.18000000000000005
Rank,43,148,66982.0,-1580190.86,17664,66982,0.2667182222222222,0.17333333333333334
Rank,43,149,66982.0,-2338432.3333333335,17664,66982,0.26960355555555554,0.19999999999999996
Rank,43,150,66982.0,-3158305.546666667,17664,66982,0.25969955555555563,0.21999999999999997
Rank,43,151,66982.0,-3098977.22,17664,66982,0.26232000000000005,0.20666666666666667
Rank,43,152,66982.0,-2577291.493333333,17664,66982,0.26018222222222226,0.19333333333333336
Rank,43,153,66982.0,-1594360.8466666667,17664,66982,0.2618391111111111,0.1333333333333333
Rank,43,154,66982.0,-2314732.9266666668,17664,66982,0.25309333333333334,0.15333333333333332
Rank,43,155,66982.0,-1793317.4666666666,17664,66982,0.2475946666666666,0.15333333333333332
Rank,43,156,66982.0,-2021829.2533333334,17664,66982,0.24823466666666666,0.17333333333333334
Rank,43,157,66982.0,-1655504.6933333334,17664,66982,0.25188622222222223,0.16000000000000003
Rank,43,158,66982.0,-2450349.32,17664,66982,0.25711822222222214,0.20666666666666667
Rank,43,159,66982.0,-3301449.6333333333,17664,66982,0.25160711111111117,0.2466666666666667
Rank,43,160,66982.0,-2803632.72,17664,66982,0.2590124444444444,0.17333333333333334
Rank,43,161,66982.0,-1903934.4866666666,17664,66982,0.2510995555555555,0.1266666666666667
Rank,43,162,66982.0,-2022050.2066666668,17664,66982,0.25435288888888885,0.16666666666666663
Rank,43,163,66982.0,-2755270.973333333,17664,66982,0.2298311111111112,0.21333333333333337
Rank,43,164,66982.0,-1731634.9333333333,17664,66982,0.2226604444444445,0.16666666666666663
Rank,43,165,66982.0,-2074502.04,17664,66982,0.21410577777777778,0.19999999999999996
Rank,43,166,66982.0,-2965455.6933333334,17664,66982,0.22083377777777785,0.17333333333333334
Rank,43,167,66982.0,-2737572.04,17664,66982,0.22542311111111119,0.20666666666666667
Rank,43,168,66982.0,-1846042.4,17664,66982,0.23353866666666664,0.15333333333333332
Rank,43,169,66982.0,-2653324.98,17664,66982,0.2317973333333333,0.23333333333333328
Rank,43,170,66982.0,-2403077.3933333335,17664,66982,0.2382515555555556,0.18666666666666665
Rank,43,171,66982.0,-1680529.52,17664,66982,0.23593244444444458,0.19333333333333336
Rank,43,172,66982.0,-2244307.5866666664,17664,66982,0.2371991111111112,0.18666666666666665
Rank,43,173,66982.0,-1972925.0266666666,17664,66982,0.2285022222222222,0.15333333333333332
Rank,43,174,66982.0,-2053072.2266666666,17664,66982,0.23068800000000006,0.21333333333333337
Rank,43,175,66982.0,-2850516.2866666666,17664,66982,0.2398897777777778,0.21333333333333337
Rank,43,176,66982.0,-1687546.1866666668,17664,66982,0.24652266666666667,0.1466666666666666
Rank,43,177,66982.0,-2470994.7466666666,17664,66982,0.25154755555555564,0.19333333333333336
Rank,43,178,66982.0,-1583080.6733333333,17664,66982,0.24905511111111125,0.18000000000000005
Rank,43,179,66982.0,-3473125.6866666665,17664,66982,0.2551075555555556,0.21999999999999997
Rank,43,180,66982.0,-3281027.56,17664,66982,0.2609013333333333,0.20666666666666667
Rank,43,181,66982.0,-3140609.6466666665,17664,66982,0.2658355555555557,0.2666666666666667
Rank,43,182,66982.0,-3421590.473333333,17664,66982,0.26410666666666677,0.20666666666666667
Rank,43,183,66982.0,-3214252.06,17664,66982,0.2711537777777777,0.16000000000000003
Rank,43,184,66982.0,-1786069.4733333334,17664,66982,0.27499733333333337,0.1333333333333333
Rank,43,185,66982.0,-2279746.26,17664,66982,0.26706844444444444,0.18000000000000005
Rank,43,186,66982.0,-2364915.9133333336,17664,66982,0.2693111111111112,0.16666666666666663
Rank,43,187,66982.0,-2238577.6066666665,17664,66982,0.26582222222222224,0.11333333333333329
Rank,43,188,66982.0,-691526.5,17664,66982,0.25775911111111116,0.10666666666666669
Rank,43,189,66982.0,-2603419.3066666666,17664,66982,0.24228888888888891,0.18000000000000005
Rank,43,190,66982.0,-1087453.2933333332,17664,66982,0.23986844444444447,0.12
Rank,43,191,66982.0,-1687600.08,17664,66982,0.2371448888888889,0.16000000000000003
Rank,43,192,66982.0,-3125802.2133333334,17664,66982,0.2328711111111112,0.22666666666666668
Rank,43,193,66982.0,-2306976.3533333335,17664,66982,0.2410542222222223,0.16000000000000003
Rank,43,194,66982.0,-2246095.9266666668,17664,66982,0.24133777777777776,0.18666666666666665
Rank,43,195,66982.0,-1753009.0133333334,17664,66982,0.26097777777777775,0.17333333333333334
Rank,43,196,66982.0,-1588310.92,17664,66982,0.28048533333333325,0.16000000000000003
Rank,43,197,66982.0,-2379705.026666667,17664,66982,0.2726444444444446,0.16666666666666663
Rank,43,198,66982.0,-3145098.2466666666,17664,66982,0.2676613333333334,0.21999999999999997
Rank,43,199,66982.0,-2766837.56,17664,66982,0.269255111111111,0.19333333333333336
Rank,43,200,66982.0,-2808871.473333333,17664,66982,0.27981600000000006,0.17333333333333334
Rank,44,0,51993.0,-14890690.52,16851,51993,0.4965537777777776,0.4866666666666667
Rank,44,1,51993.0,-7358578.393333334,16851,51993,0.49208533333333315,0.33999999999999997
Rank,44,2,51993.0,-2868321.4,16851,51993,0.4880657777777776,0.19999999999999996
Rank,44,3,52737.0,-2721002.94,16689,52737,0.481822222222222,0.19333333333333336
Rank,44,4,55718.0,-1779158.9866666666,17196,55718,0.4735324444444442,0.11333333333333329
Rank,44,5,55718.0,-1642590.5533333332,17196,55718,0.4718231111111112,0.12
Rank,44,6,55718.0,-2925600.72,17196,55718,0.46162044444444417,0.19999999999999996
Rank,44,7,55901.0,-1940458.4266666668,17217,55901,0.4547715555555557,0.09999999999999998
Rank,44,8,55901.0,-1849532.7333333334,17217,55901,0.44732177777777765,0.11333333333333329
Rank,44,9,56238.0,-1693436.7066666668,16596,56238,0.4381297777777777,0.12
Rank,44,10,56922.0,-1340729.8,17664,56922,0.4263395555555556,0.12
Rank,44,11,58333.0,-1863285.58,17661,58333,0.4195164444444445,0.14
Rank,44,12,58333.0,-1888568.64,17661,58333,0.418440888888889,0.12
Rank,44,13,60606.0,-1974564.62,17592,60606,0.41537422222222203,0.1266666666666667
Rank,44,14,60606.0,-2633281.6266666665,17592,60606,0.4062400000000001,0.15333333333333332
Rank,44,15,61338.0,-2739604.6666666665,17676,61338,0.4009253333333333,0.16000000000000003
Rank,44,16,61338.0,-1123855.3066666666,17676,61338,0.3938355555555556,0.14
Rank,44,17,61338.0,-2369777.82,17676,61338,0.3858986666666666,0.16666666666666663
Rank,44,18,61338.0,-1843263.5466666666,17676,61338,0.37740088888888884,0.1266666666666667
Rank,44,19,61338.0,-2182309.993333333,17676,61338,0.36867733333333336,0.16666666666666663
Rank,44,20,61492.0,-3598259.473333333,17034,61492,0.36435555555555554,0.19333333333333336
Rank,44,21,62012.0,-2460897.493333333,16434,62012,0.37072444444444463,0.14
Rank,44,22,62082.0,-1868400.3066666666,17514,62082,0.3660168888888888,0.12
Rank,44,23,62082.0,-2726316.58,17514,62082,0.3586311111111111,0.18666666666666665
Rank,44,24,62732.0,-3209936.7733333334,16764,62732,0.3549626666666667,0.18000000000000005
Rank,44,25,62903.0,-2577824.5933333333,17031,62903,0.3557457777777778,0.19333333333333336
Rank,44,26,63021.0,-1501072.7133333334,17127,63021,0.3501013333333334,0.14
Rank,44,27,63021.0,-1150902.28,17127,63021,0.3489244444444444,0.11333333333333329
Rank,44,28,63074.0,-2220345.1266666665,17298,63074,0.3364533333333334,0.12
Rank,44,29,63753.0,-1195618.4866666666,17211,63753,0.3347448888888891,0.09333333333333338
Rank,44,30,63753.0,-2052587.6666666667,17211,63753,0.3308186666666667,0.14
Rank,44,31,63753.0,-2109638.38,17211,63753,0.33054400000000017,0.18666666666666665
Rank,44,32,63753.0,-1325130.48,17211,63753,0.3330631111111112,0.1266666666666667
Rank,44,33,63753.0,-1926885.16,17211,63753,0.3302942222222222,0.1333333333333333
Rank,44,34,64302.0,-1458912.02,17274,64302,0.322751111111111,0.1333333333333333
Rank,44,35,64302.0,-1676939.9733333334,17274,64302,0.3172791111111112,0.1333333333333333
Rank,44,36,64302.0,-3129572.66,17274,64302,0.319552888888889,0.17333333333333334
Rank,44,37,64302.0,-2715002.513333333,17274,64302,0.31889511111111113,0.18000000000000005
Rank,44,38,64603.0,-2355939.7666666666,17391,64603,0.3160293333333333,0.15333333333333332
Rank,44,39,64603.0,-1458326.4866666666,17391,64603,0.32029066666666667,0.10666666666666669
Rank,44,40,64603.0,-2310825.5733333332,17391,64603,0.3229804444444443,0.15333333333333332
Rank,44,41,64603.0,-1411400.5133333334,17391,64603,0.31296088888888884,0.1466666666666666
Rank,44,42,64603.0,-1935594.38,17391,64603,0.3022346666666667,0.15333333333333332
Rank,44,43,64603.0,-2008723.14,17391,64603,0.29380266666666655,0.16000000000000003
Rank,44,44,64839.0,-1771165.72,17583,64839,0.28676355555555566,0.16666666666666663
Rank,44,45,64851.0,-2257455.32,17337,64851,0.2894702222222223,0.16000000000000003
Rank,44,46,65152.0,-1471868.8,17454,65152,0.2871813333333334,0.1266666666666667
Rank,44,47,65400.0,-1231649.9733333334,17400,65400,0.28498400000000007,0.12
Rank,44,48,65400.0,-1703572.6733333333,17400,65400,0.28386400000000006,0.18000000000000005
Rank,44,49,65400.0,-2681298.6866666665,17400,65400,0.2926106666666668,0.16000000000000003
Rank,44,50,65400.0,-2514859.6866666665,17400,65400,0.30043377777777774,0.18666666666666665
Rank,44,51,65400.0,-2680754.2333333334,17400,65400,0.299624,0.19999999999999996
Rank,44,52,65518.0,-3418992.1333333333,17496,65518,0.29662933333333336,0.19999999999999996
Rank,44,53,65518.0,-3292650.74,17496,65518,0.29934399999999994,0.20666666666666667
Rank,44,54,65518.0,-2857232.6,17496,65518,0.3024648888888889,0.21999999999999997
Rank,44,55,65518.0,-2272260.3333333335,17496,65518,0.30500799999999995,0.14
Rank,44,56,65518.0,-4304210.48,17496,65518,0.2979235555555555,0.21333333333333337
Rank,44,57,65518.0,-3385531.72,17496,65518,0.29781688888888885,0.26
Rank,44,58,66445.0,-2570181.44,17355,66445,0.2949084444444445,0.19999999999999996
Rank,44,59,66445.0,-1532786.7266666666,17355,66445,0.29457422222222224,0.1333333333333333
Rank,44,60,66445.0,-1708472.5333333334,17355,66445,0.28516088888888885,0.14
Rank,44,61,66445.0,-2016831.4533333334,17355,66445,0.2802195555555556,0.1466666666666666
Rank,44,62,66445.0,-1398993.22,17355,66445,0.2715315555555555,0.1333333333333333
Rank,44,63,66445.0,-884070.8933333333,17355,66445,0.2818568888888889,0.09333333333333338
Rank,44,64,66445.0,-3664678.74,17355,66445,0.28557600000000005,0.21333333333333337
Rank,44,65,66445.0,-1416894.0266666666,17355,66445,0.2783457777777778,0.15333333333333332
Rank,44,66,66445.0,-2333229.033333333,17355,66445,0.2819466666666667,0.18000000000000005
Rank,44,67,66445.0,-2084389.3933333333,17355,66445,0.28019022222222223,0.16666666666666663
Rank,44,68,66445.0,-1157713.5133333334,17355,66445,0.27895200000000014,0.08666666666666667
Rank,44,69,66445.0,-2309085.0933333333,17355,66445,0.277832,0.15333333333333332
Rank,44,70,66445.0,-2717899.6733333333,17355,66445,0.2777911111111111,0.16000000000000003
Rank,44,71,66445.0,-2988573.6266666665,17355,66445,0.27668444444444446,0.21999999999999997
Rank,44,72,66445.0,-2715289.84,17355,66445,0.2709324444444444,0.18666666666666665
Rank,44,73,66445.0,-3315657.1466666665,17355,66445,0.2575680000000002,0.19333333333333336
Rank,44,74,66445.0,-2595208.0866666664,17355,66445,0.25875377777777786,0.18666666666666665
Rank,44,75,66445.0,-2346073.7666666666,17355,66445,0.2617333333333335,0.21999999999999997
Rank,44,76,66445.0,-1702469.2,17355,66445,0.2552435555555556,0.15333333333333332
Rank,44,77,66445.0,-2575957.553333333,17355,66445,0.2505422222222222,0.16666666666666663
Rank,44,78,66445.0,-1348014.7066666668,17355,66445,0.24319911111111125,0.12
Rank,44,79,66445.0,-1709643.0666666667,17355,66445,0.22931644444444443,0.15333333333333332
Rank,44,80,66681.0,-1854086.6933333334,17547,66681,0.23435999999999993,0.18666666666666665
Rank,44,81,66864.0,-1703655.9533333334,17568,66864,0.23949333333333336,0.15333333333333332
Rank,44,82,66864.0,-2923056.3466666667,17568,66864,0.2512577777777777,0.22666666666666668
Rank,44,83,66864.0,-2324058.24,17568,66864,0.2620773333333333,0.16000000000000003
Rank,44,84,66864.0,-2355667.966666667,17568,66864,0.26724977777777775,0.14
Rank,44,85,66864.0,-1436215.6533333333,17568,66864,0.2736782222222222,0.16000000000000003
Rank,44,86,66864.0,-1875366.36,17568,66864,0.28127733333333343,0.14
Rank,44,87,66864.0,-1756528.9866666666,17568,66864,0.2854728888888889,0.12
Rank,44,88,66864.0,-1297909.4466666668,17568,66864,0.28561333333333333,0.1466666666666666
Rank,44,89,66864.0,-2234204.946666667,17568,66864,0.28095288888888886,0.16000000000000003
Rank,44,90,66864.0,-2704957.973333333,17568,66864,0.27749955555555555,0.22666666666666668
Rank,44,91,66864.0,-2779375.36,17568,66864,0.2838542222222224,0.19333333333333336
Rank,44,92,66864.0,-2824943.12,17568,66864,0.2850648888888889,0.21333333333333337
Rank,44,93,66864.0,-3035776.24,17568,66864,0.2896231111111111,0.17333333333333334
Rank,44,94,66864.0,-2341165.2866666666,17568,66864,0.2885413333333334,0.15333333333333332
Rank,44,95,66864.0,-2294923.7,17568,66864,0.2825182222222223,0.22666666666666668
Rank,44,96,66864.0,-2060423.4933333334,17568,66864,0.2746533333333334,0.20666666666666667
Rank,44,97,66864.0,-3252328.9133333336,17568,66864,0.27397155555555563,0.22666666666666668
Rank,44,98,66864.0,-1600074.52,17568,66864,0.27639022222222226,0.1466666666666666
Rank,44,99,66864.0,-1829421.9733333334,17568,66864,0.2781573333333333,0.17333333333333334
Rank,44,100,66864.0,-1498874.4933333334,17568,66864,0.2740675555555557,0.18000000000000005
Rank,44,101,66864.0,-2060771.2466666666,17568,66864,0.27366577777777773,0.15333333333333332
Rank,44,102,66864.0,-1829192.52,17568,66864,0.2820817777777778,0.1266666666666667
Rank,44,103,66864.0,-2895747.973333333,17568,66864,0.2823697777777777,0.16666666666666663
Rank,44,104,66864.0,-1285767.5533333332,17568,66864,0.2879644444444444,0.1266666666666667
Rank,44,105,66864.0,-3011394.053333333,17568,66864,0.29086933333333337,0.17333333333333334
Rank,44,106,66864.0,-2117028.1666666665,17568,66864,0.2833004444444445,0.16666666666666663
Rank,44,107,66864.0,-4413005.246666667,17568,66864,0.2908124444444445,0.24
Rank,44,108,66864.0,-1727810.6733333333,17568,66864,0.2917671111111111,0.14
Rank,44,109,66864.0,-2421630.6,17568,66864,0.29673600000000017,0.14
Rank,44,110,66864.0,-1312769.0933333333,17568,66864,0.2961235555555556,0.15333333333333332
Rank,44,111,66864.0,-2978765.986666667,17568,66864,0.29455466666666674,0.20666666666666667
Rank,44,112,66864.0,-3175154.433333333,17568,66864,0.2992995555555558,0.20666666666666667
Rank,44,113,66864.0,-2047272.06,17568,66864,0.28902488888888894,0.15333333333333332
Rank,44,114,66864.0,-2266763.933333333,17568,66864,0.2894888888888888,0.1266666666666667
Rank,44,115,66864.0,-2235474.1333333333,17568,66864,0.29018755555555553,0.18666666666666665
Rank,44,116,66864.0,-2062013.64,17568,66864,0.29222666666666675,0.1333333333333333
Rank,44,117,66864.0,-1973149.8133333332,17568,66864,0.2865937777777779,0.18000000000000005
Rank,44,118,66864.0,-2647592.9266666668,17568,66864,0.2763928888888891,0.19999999999999996
Rank,44,119,66864.0,-2294488.36,17568,66864,0.2757057777777777,0.16000000000000003
Rank,44,120,66864.0,-2192346.3333333335,17568,66864,0.27868533333333323,0.16666666666666663
Rank,44,121,66864.0,-1711538.4266666668,17568,66864,0.2711662222222222,0.18666666666666665
Rank,44,122,66864.0,-2890409.7333333334,17568,66864,0.2693048888888889,0.24
Rank,44,123,66864.0,-2112109.5933333333,17568,66864,0.27265955555555554,0.1266666666666667
Rank,44,124,66864.0,-3770228.8866666667,17568,66864,0.27265422222222235,0.16000000000000003
Rank,44,125,66864.0,-1742146.82,17568,66864,0.26943999999999996,0.14
Rank,44,126,66864.0,-2593631.3933333335,17568,66864,0.2615733333333333,0.21333333333333337
Rank,44,127,66864.0,-1658033.4266666668,17568,66864,0.2685671111111112,0.14
Rank,44,128,66864.0,-1441528.4,17568,66864,0.2647031111111111,0.14
Rank,44,129,66864.0,-2625777.9,17568,66864,0.2598231111111111,0.19999999999999996
Rank,44,130,66864.0,-1983288.7133333334,17568,66864,0.2617964444444445,0.15333333333333332
Rank,44,131,66864.0,-1875499.34,17568,66864,0.26196622222222227,0.14
Rank,44,132,66864.0,-1809756.6933333334,17568,66864,0.25644711111111096,0.1266666666666667
Rank,44,133,66864.0,-2230961.46,17568,66864,0.24918577777777784,0.18000000000000005
Rank,44,134,66864.0,-2525835.8866666667,17568,66864,0.24342844444444442,0.15333333333333332
Rank,44,135,66864.0,-2901118.96,17568,66864,0.24137688888888892,0.24
Rank,44,136,66864.0,-1263729.8933333333,17568,66864,0.24613866666666678,0.16000000000000003
Rank,44,137,66864.0,-2194484.66,17568,66864,0.24740800000000007,0.19999999999999996
Rank,44,138,66864.0,-1512801.1866666668,17568,66864,0.24683911111111126,0.17333333333333334
Rank,44,139,66864.0,-2289585.7533333334,17568,66864,0.24700355555555573,0.18666666666666665
Rank,44,140,66864.0,-2206855.8133333335,17568,66864,0.2495884444444446,0.17333333333333334
Rank,44,141,66864.0,-2313977.473333333,17568,66864,0.23899466666666677,0.19999999999999996
Rank,44,142,66864.0,-2686232.46,17568,66864,0.24172000000000002,0.20666666666666667
Rank,44,143,66864.0,-1242278.72,17568,66864,0.24089688888888905,0.12
Rank,44,144,66864.0,-1970675.9666666666,17568,66864,0.24677244444444452,0.19333333333333336
Rank,44,145,66864.0,-2653210.34,17568,66864,0.2522746666666667,0.18000000000000005
Rank,44,146,66864.0,-2528243.2466666666,17568,66864,0.24411466666666662,0.21333333333333337
Rank,44,147,66864.0,-2824644.7533333334,17568,66864,0.25537955555555564,0.18666666666666665
Rank,44,148,66864.0,-1259032.9533333334,17568,66864,0.25953066666666674,0.15333333333333332
Rank,44,149,66864.0,-2450264.546666667,17568,66864,0.2537235555555554,0.19333333333333336
Rank,44,150,66864.0,-3822814.2333333334,17568,66864,0.2521715555555556,0.23333333333333328
Rank,44,151,66864.0,-2830815.6,17568,66864,0.25332888888888894,0.16000000000000003
Rank,44,152,66864.0,-1464157.5333333334,17568,66864,0.2476497777777777,0.12
Rank,44,153,66982.0,-2804383.6466666665,17664,66982,0.23438666666666688,0.20666666666666667
Rank,44,154,66982.0,-2016699.0666666667,17664,66982,0.23613244444444448,0.15333333333333332
Rank,44,155,66982.0,-2658847.38,17664,66982,0.24519466666666673,0.22666666666666668
Rank,44,156,66982.0,-2547646.0933333333,17664,66982,0.25063733333333343,0.21333333333333337
Rank,44,157,66982.0,-2116194.506666667,17664,66982,0.2495226666666667,0.16666666666666663
Rank,44,158,66982.0,-3022663.7066666665,17664,66982,0.24741866666666673,0.20666666666666667
Rank,44,159,66982.0,-2209368.8,17664,66982,0.249392,0.1466666666666666
Rank,44,160,66982.0,-1542588.4533333334,17664,66982,0.25724444444444444,0.1333333333333333
Rank,44,161,66982.0,-2665728.24,17664,66982,0.24979022222222225,0.21333333333333337
Rank,44,162,66982.0,-1978840.7066666668,17664,66982,0.25822311111111107,0.16666666666666663
Rank,44,163,66982.0,-2831011.066666667,17664,66982,0.2554444444444444,0.16000000000000003
Rank,44,164,66982.0,-2064382.3066666666,17664,66982,0.26197244444444434,0.1466666666666666
Rank,44,165,66982.0,-2207084.493333333,17664,66982,0.2621342222222221,0.15333333333333332
Rank,44,166,66982.0,-2328837.9,17664,66982,0.26545244444444444,0.18666666666666665
Rank,44,167,66982.0,-2282998.6333333333,17664,66982,0.27040088888888897,0.17333333333333334
Rank,44,168,66982.0,-764423.2533333333,17664,66982,0.26241333333333344,0.12
Rank,44,169,66982.0,-1181714.6466666667,17664,66982,0.250912888888889,0.09333333333333338
Rank,44,170,66982.0,-1090348.94,17664,66982,0.24991466666666678,0.09333333333333338
Rank,44,171,66982.0,-2579947.553333333,17664,66982,0.2554826666666667,0.18000000000000005
Rank,44,172,66982.0,-1188872.2866666666,17664,66982,0.26242400000000005,0.16000000000000003
Rank,44,173,66982.0,-2508588.7533333334,17664,66982,0.25870933333333335,0.21333333333333337
Rank,44,174,66982.0,-2498086.6266666665,17664,66982,0.2669431111111111,0.18000000000000005
Rank,44,175,66982.0,-2343451.6533333333,17664,66982,0.259216888888889,0.16666666666666663
Rank,44,176,66982.0,-2242566.6533333333,17664,66982,0.2616515555555556,0.16666666666666663
Rank,44,177,66982.0,-2170017.7266666666,17664,66982,0.24512888888888898,0.17333333333333334
Rank,44,178,66982.0,-2413563.8066666666,17664,66982,0.24216444444444454,0.17333333333333334
Rank,44,179,66982.0,-2592352.033333333,17664,66982,0.24593511111111113,0.18666666666666665
Rank,44,180,66982.0,-2119347.66,17664,66982,0.25079822222222214,0.18000000000000005
Rank,44,181,66982.0,-2706168.48,17664,66982,0.2516266666666667,0.17333333333333334
Rank,44,182,66982.0,-2076496.4333333333,17664,66982,0.25922488888888895,0.15333333333333332
Rank,44,183,66982.0,-2354554.46,17664,66982,0.26226755555555553,0.17333333333333334
Rank,44,184,66982.0,-1671464.16,17664,66982,0.2622471111111111,0.11333333333333329
Rank,44,185,66982.0,-2511982.6333333333,17664,66982,0.25908533333333333,0.16666666666666663
Rank,44,186,66982.0,-2757134.5733333332,17664,66982,0.259896888888889,0.20666666666666667
Rank,44,187,66982.0,-2265586.96,17664,66982,0.26098044444444446,0.18666666666666665
Rank,44,188,66982.0,-2643573.2933333335,17664,66982,0.26311377777777784,0.17333333333333334
Rank,44,189,66982.0,-1480036.92,17664,66982,0.25782133333333346,0.14
Rank,44,190,66982.0,-2494572.7466666666,17664,66982,0.2504915555555555,0.17333333333333334
Rank,44,191,66982.0,-2112999.3,17664,66982,0.25554933333333346,0.19333333333333336
Rank,44,192,66982.0,-1424891.8,17664,66982,0.25886133333333333,0.21333333333333337
Rank,44,193,66982.0,-1412630.6066666667,17664,66982,0.2612968888888889,0.11333333333333329
Rank,44,194,66982.0,-2122395.8666666667,17664,66982,0.26089244444444454,0.20666666666666667
Rank,44,195,66982.0,-2612128.48,17664,66982,0.25693066666666675,0.19333333333333336
Rank,44,196,66982.0,-2077026.0866666667,17664,66982,0.26069511111111116,0.1333333333333333
Rank,44,197,66982.0,-2415412.74,17664,66982,0.2661831111111112,0.14
Rank,44,198,66982.0,-1144579.4466666668,17664,66982,0.2690000000000001,0.14
Rank,44,199,66982.0,-1101552.56,17664,66982,0.2571973333333333,0.14
Rank,44,200,66982.0,-2665556.513333333,17664,66982,0.2564213333333333,0.21333333333333337
Rank,45,0,51191.0,-22634740.36,15687,51191,0.49700977777777744,0.5933333333333333
Rank,45,1,51191.0,-9386778.073333334,15687,51191,0.4941102222222222,0.3933333333333333
Rank,45,2,53002.0,-4357115.106666666,17544,53002,0.4866791111111109,0.24
Rank,45,3,55713.0,-3358029.1266666665,16041,55713,0.4748782222222222,0.2533333333333333
Rank,45,4,55713.0,-3735813.006666667,16041,55713,0.4632897777777778,0.22666666666666668
Rank,45,5,56539.0,-3007498.82,16713,56539,0.45326933333333336,0.1466666666666666
Rank,45,6,58304.0,-1557039.1333333333,16998,58304,0.43915111111111105,0.1333333333333333
Rank,45,7,58788.0,-2245381.2666666666,17136,58788,0.42922400000000005,0.16666666666666663
Rank,45,8,58788.0,-2774087.8533333335,17136,58788,0.42328177777777787,0.1466666666666666
Rank,45,9,58788.0,-2428555.56,17136,58788,0.4039911111111114,0.16000000000000003
Rank,45,10,58788.0,-1110474.0266666666,17136,58788,0.38900266666666666,0.11333333333333329
Rank,45,11,60240.0,-700679.5333333333,17550,60240,0.38151199999999996,0.06666666666666665
Rank,45,12,60240.0,-2172215.433333333,17550,60240,0.37846399999999975,0.1333333333333333
Rank,45,13,60240.0,-1823521.4933333334,17550,60240,0.374126222222222,0.15333333333333332
Rank,45,14,61528.0,-1753410.2466666666,16296,61528,0.36588888888888904,0.1333333333333333
Rank,45,15,61528.0,-2165473.0733333332,16296,61528,0.3620933333333332,0.15333333333333332
Rank,45,16,61528.0,-1764463.2,16296,61528,0.35694222222222216,0.1333333333333333
Rank,45,17,61952.0,-1797614.56,17664,61952,0.3514755555555555,0.17333333333333334
Rank,45,18,62997.0,-1794713.6133333333,17619,62997,0.33595377777777785,0.17333333333333334
Rank,45,19,63623.0,-2300704.546666667,17361,63623,0.33261066666666655,0.15333333333333332
Rank,45,20,63623.0,-1737494.1133333333,17361,63623,0.331246222222222,0.1266666666666667
Rank,45,21,63623.0,-2176559.72,17361,63623,0.33006755555555567,0.16000000000000003
Rank,45,22,64184.0,-2592302.64,17178,64184,0.3134062222222223,0.19999999999999996
Rank,45,23,64184.0,-2531059.3866666667,17178,64184,0.30237422222222216,0.18666666666666665
Rank,45,24,64184.0,-3702767.2133333334,17178,64184,0.300279111111111,0.18000000000000005
Rank,45,25,64550.0,-1476902.2866666666,17220,64550,0.3002799999999999,0.15333333333333332
Rank,45,26,64550.0,-1170751.9933333334,17220,64550,0.2997102222222222,0.1333333333333333
Rank,45,27,64550.0,-1931840.48,17220,64550,0.3051582222222221,0.1266666666666667
Rank,45,28,64550.0,-1168562.2066666668,17220,64550,0.3066115555555556,0.14
Rank,45,29,64550.0,-1453510.68,17220,64550,0.29587377777777774,0.15333333333333332
Rank,45,30,64550.0,-1730142.6466666667,17220,64550,0.2895022222222224,0.1266666666666667
Rank,45,31,64550.0,-2194970.56,17220,64550,0.29309511111111125,0.15333333333333332
Rank,45,32,64550.0,-1777997.4666666666,17220,64550,0.2960088888888887,0.17333333333333334
Rank,45,33,64550.0,-1223236.9666666666,17220,64550,0.29825155555555566,0.14
Rank,45,34,64550.0,-1599192.26,17220,64550,0.29091377777777777,0.1266666666666667
Rank,45,35,64550.0,-2227659.14,17220,64550,0.2932222222222222,0.15333333333333332
Rank,45,36,64550.0,-2614638.553333333,17220,64550,0.2901804444444446,0.17333333333333334
Rank,45,37,64550.0,-2854473.26,17220,64550,0.2880391111111111,0.16000000000000003
Rank,45,38,64550.0,-2889703.446666667,17220,64550,0.29055022222222215,0.16000000000000003
Rank,45,39,64550.0,-1393256.02,17220,64550,0.28812888888888893,0.12
Rank,45,40,64550.0,-1640001.0,17220,64550,0.28142488888888884,0.18000000000000005
Rank,45,41,64550.0,-1864024.4466666668,17220,64550,0.2839182222222222,0.1333333333333333
Rank,45,42,64550.0,-2677137.12,17220,64550,0.27641777777777793,0.19999999999999996
Rank,45,43,64668.0,-3031218.8,17316,64668,0.2776906666666667,0.20666666666666667
Rank,45,44,64904.0,-2267965.8666666667,17508,64904,0.2726275555555555,0.17333333333333334
Rank,45,45,64904.0,-2113785.506666667,17508,64904,0.26849333333333336,0.19333333333333336
Rank,45,46,65335.0,-2553672.2133333334,17475,65335,0.2573173333333335,0.15333333333333332
Rank,45,47,65335.0,-1309317.86,17475,65335,0.24784888888888887,0.17333333333333334
Rank,45,48,65335.0,-2958977.013333333,17475,65335,0.24840533333333326,0.18000000000000005
Rank,45,49,65335.0,-2250116.2133333334,17475,65335,0.25092000000000003,0.21333333333333337
Rank,45,50,65335.0,-2169022.953333333,17475,65335,0.25429511111111114,0.18000000000000005
Rank,45,51,65335.0,-3057423.966666667,17475,65335,0.25679377777777784,0.21999999999999997
Rank,45,52,65335.0,-1773500.5666666667,17475,65335,0.26610222222222235,0.1266666666666667
Rank,45,53,65518.0,-2963975.8533333335,17496,65518,0.262,0.19333333333333336
Rank,45,54,65518.0,-1948657.5466666666,17496,65518,0.2663493333333334,0.16000000000000003
Rank,45,55,65518.0,-2676847.7466666666,17496,65518,0.2634337777777778,0.18000000000000005
Rank,45,56,65518.0,-2156108.2466666666,17496,65518,0.26444533333333337,0.1333333333333333
Rank,45,57,65518.0,-1398047.02,17496,65518,0.26472622222222225,0.12
Rank,45,58,65843.0,-2206061.38,17121,65843,0.26434844444444444,0.14
Rank,45,59,65843.0,-1595526.7533333334,17121,65843,0.2687831111111112,0.15333333333333332
Rank,45,60,65843.0,-3020007.0733333332,17121,65843,0.26355999999999996,0.18000000000000005
Rank,45,61,65843.0,-3879645.053333333,17121,65843,0.2727448888888888,0.21333333333333337
Rank,45,62,65843.0,-5336684.793333333,17121,65843,0.27881866666666666,0.2733333333333333
Rank,45,63,65843.0,-2872262.033333333,17121,65843,0.2747617777777778,0.18000000000000005
Rank,45,64,66498.0,-4532270.24,17526,66498,0.2766675555555556,0.21999999999999997
Rank,45,65,66498.0,-4093066.8533333335,17526,66498,0.28132888888888896,0.2466666666666667
Rank,45,66,66498.0,-1545400.2466666666,17526,66498,0.27539111111111114,0.14
Rank,45,67,66498.0,-2219249.7466666666,17526,66498,0.27232,0.16666666666666663
Rank,45,68,66498.0,-1629250.5066666666,17526,66498,0.2772,0.1333333333333333
Rank,45,69,66498.0,-2559410.3733333335,17526,66498,0.27995733333333345,0.16000000000000003
Rank,45,70,66498.0,-2544389.3533333335,17526,66498,0.28124711111111117,0.16666666666666663
Rank,45,71,66498.0,-2438525.62,17526,66498,0.28487022222222236,0.18666666666666665
Rank,45,72,66498.0,-1388068.8066666666,17526,66498,0.27901955555555563,0.10666666666666669
Rank,45,73,66498.0,-1311044.2933333332,17526,66498,0.28327288888888896,0.11333333333333329
Rank,45,74,66498.0,-1889802.8533333333,17526,66498,0.2880382222222222,0.12
Rank,45,75,66498.0,-1816046.02,17526,66498,0.2876160000000001,0.15333333333333332
Rank,45,76,66498.0,-1601525.4933333334,17526,66498,0.2849893333333333,0.18666666666666665
Rank,45,77,66498.0,-2153705.2933333335,17526,66498,0.28065066666666655,0.1333333333333333
Rank,45,78,66498.0,-1699955.2133333334,17526,66498,0.2818346666666666,0.15333333333333332
Rank,45,79,66498.0,-1781095.6666666667,17526,66498,0.2798328888888889,0.16666666666666663
Rank,45,80,66498.0,-2049555.3133333332,17526,66498,0.2783022222222223,0.16000000000000003
Rank,45,81,66498.0,-2514230.2,17526,66498,0.2767315555555556,0.19999999999999996
Rank,45,82,66498.0,-2231205.8,17526,66498,0.280440888888889,0.17333333333333334
Rank,45,83,66498.0,-2723882.1333333333,17526,66498,0.26986222222222234,0.18666666666666665
Rank,45,84,66799.0,-2462854.66,17643,66799,0.2728586666666667,0.18666666666666665
Rank,45,85,66799.0,-2224989.32,17643,66799,0.273936888888889,0.24
Rank,45,86,66799.0,-3511406.506666667,17643,66799,0.27954577777777784,0.20666666666666667
Rank,45,87,66799.0,-3699320.0,17643,66799,0.28439200000000003,0.2466666666666667
Rank,45,88,66799.0,-1973830.7866666666,17643,66799,0.2872160000000001,0.18666666666666665
Rank,45,89,66799.0,-2220064.58,17643,66799,0.2860275555555555,0.1466666666666666
Rank,45,90,66799.0,-2886821.8,17643,66799,0.2880328888888889,0.18000000000000005
Rank,45,91,66799.0,-3682618.3733333335,17643,66799,0.28784711111111105,0.21999999999999997
Rank,45,92,66799.0,-2236418.96,17643,66799,0.28521155555555533,0.16666666666666663
Rank,45,93,66799.0,-2412627.3666666667,17643,66799,0.2778622222222222,0.14
Rank,45,94,66799.0,-1380035.6266666667,17643,66799,0.27813333333333334,0.12
Rank,45,95,66799.0,-2944979.12,17643,66799,0.2722337777777778,0.19999999999999996
Rank,45,96,66799.0,-1663163.8533333333,17643,66799,0.26651555555555556,0.14
Rank,45,97,66799.0,-2855674.12,17643,66799,0.2646684444444445,0.17333333333333334
Rank,45,98,66799.0,-2015554.56,17643,66799,0.258376,0.17333333333333334
Rank,45,99,66799.0,-1765826.5466666666,17643,66799,0.26681866666666665,0.14
Rank,45,100,66799.0,-908203.0733333334,17643,66799,0.2749626666666667,0.12
Rank,45,101,66799.0,-3432070.053333333,17643,66799,0.2798382222222222,0.22666666666666668
Rank,45,102,66799.0,-1509605.2666666666,17643,66799,0.2800417777777776,0.14
Rank,45,103,66799.0,-1895052.8,17643,66799,0.2734435555555556,0.19333333333333336
Rank,45,104,66799.0,-1239718.58,17643,66799,0.26415822222222224,0.1466666666666666
Rank,45,105,66799.0,-2398496.966666667,17643,66799,0.2615048888888889,0.16666666666666663
Rank,45,106,66799.0,-2037380.7466666666,17643,66799,0.2550275555555555,0.10666666666666669
Rank,45,107,66799.0,-2349109.2266666666,17643,66799,0.2501493333333334,0.18000000000000005
Rank,45,108,66799.0,-2826617.82,17643,66799,0.25899733333333336,0.18000000000000005
Rank,45,109,66799.0,-2975858.006666667,17643,66799,0.261752,0.18000000000000005
Rank,45,110,66799.0,-1760644.8933333333,17643,66799,0.2632337777777779,0.1466666666666666
Rank,45,111,66799.0,-2594622.3733333335,17643,66799,0.2643493333333333,0.19999999999999996
Rank,45,112,66799.0,-2353223.8133333335,17643,66799,0.2670693333333334,0.19333333333333336
Rank,45,113,66799.0,-3264834.58,17643,66799,0.2673368888888889,0.2466666666666667
Rank,45,114,66799.0,-3297642.6266666665,17643,66799,0.25963200000000003,0.24
Rank,45,115,66799.0,-2870207.3333333335,17643,66799,0.2604488888888889,0.22666666666666668
Rank,45,116,66799.0,-1845450.8866666667,17643,66799,0.2620728888888889,0.18000000000000005
Rank,45,117,66799.0,-1991409.02,17643,66799,0.26180977777777786,0.15333333333333332
Rank,45,118,66864.0,-2887535.993333333,17568,66864,0.26749066666666677,0.19999999999999996
Rank,45,119,66864.0,-3308806.7066666665,17568,66864,0.27145866666666674,0.21999999999999997
Rank,45,120,66864.0,-3221305.553333333,17568,66864,0.27734755555555557,0.21333333333333337
Rank,45,121,66864.0,-2423714.84,17568,66864,0.2726595555555555,0.15333333333333332
Rank,45,122,66864.0,-2371480.2866666666,17568,66864,0.26518400000000003,0.18000000000000005
Rank,45,123,66864.0,-2823246.6866666665,17568,66864,0.25980711111111127,0.22666666666666668
Rank,45,124,66864.0,-3005855.2066666665,17568,66864,0.2597031111111111,0.23333333333333328
Rank,45,125,66864.0,-1740689.9333333333,17568,66864,0.2601742222222222,0.16000000000000003
Rank,45,126,66864.0,-1764793.6666666667,17568,66864,0.2620311111111112,0.14
Rank,45,127,66864.0,-2772858.1733333333,17568,66864,0.26392000000000004,0.19333333333333336
Rank,45,128,66864.0,-3086061.7733333334,17568,66864,0.26257600000000014,0.23333333333333328
Rank,45,129,66864.0,-2305696.44,17568,66864,0.25587200000000004,0.16000000000000003
Rank,45,130,66864.0,-2223090.933333333,17568,66864,0.25613600000000014,0.16666666666666663
Rank,45,131,66864.0,-2606188.28,17568,66864,0.25336622222222227,0.21999999999999997
Rank,45,132,66864.0,-3325489.006666667,17568,66864,0.2564151111111111,0.19333333333333336
Rank,45,133,66864.0,-2052798.2733333334,17568,66864,0.25421955555555553,0.16666666666666663
Rank,45,134,66864.0,-2107040.82,17568,66864,0.2547013333333334,0.16000000000000003
Rank,45,135,66864.0,-2735283.96,17568,66864,0.25351733333333326,0.2466666666666667
Rank,45,136,66864.0,-3298314.8333333335,17568,66864,0.24818755555555566,0.24
Rank,45,137,66864.0,-2777379.8533333335,17568,66864,0.24457866666666667,0.21999999999999997
Rank,45,138,66864.0,-1567070.66,17568,66864,0.23314400000000002,0.19333333333333336
Rank,45,139,66864.0,-2327697.7866666666,17568,66864,0.22564977777777784,0.19999999999999996
Rank,45,140,66864.0,-3844435.32,17568,66864,0.23011644444444448,0.2533333333333333
Rank,45,141,66864.0,-1970160.0533333332,17568,66864,0.2323191111111112,0.18000000000000005
Rank,45,142,66864.0,-3347330.8733333335,17568,66864,0.23615288888888894,0.21333333333333337
Rank,45,143,66864.0,-1413798.9866666666,17568,66864,0.2289368888888889,0.11333333333333329
Rank,45,144,66982.0,-1336221.86,17664,66982,0.2282755555555555,0.1466666666666666
Rank,45,145,66982.0,-1285886.74,17664,66982,0.23069066666666682,0.12
Rank,45,146,66982.0,-2592503.1,17664,66982,0.22704088888888893,0.17333333333333334
Rank,45,147,66982.0,-3080961.98,17664,66982,0.22967911111111125,0.15333333333333332
Rank,45,148,66982.0,-2063593.4933333334,17664,66982,0.2274862222222222,0.18666666666666665
Rank,45,149,66982.0,-2417725.6533333333,17664,66982,0.2354426666666668,0.16000000000000003
Rank,45,150,66982.0,-2546657.1133333333,17664,66982,0.24339822222222224,0.18000000000000005
Rank,45,151,66982.0,-1989280.4333333333,17664,66982,0.2594417777777778,0.16000000000000003
Rank,45,152,66982.0,-1569248.24,17664,66982,0.2684426666666667,0.1466666666666666
Rank,45,153,66982.0,-2414742.44,17664,66982,0.2672088888888889,0.18000000000000005
Rank,45,154,66982.0,-1913862.5266666666,17664,66982,0.2707422222222222,0.12
Rank,45,155,66982.0,-2462664.6333333333,17664,66982,0.2734568888888889,0.18000000000000005
Rank,45,156,66982.0,-2865921.04,17664,66982,0.26756088888888885,0.21999999999999997
Rank,45,157,66982.0,-4356361.073333333,17664,66982,0.2706942222222223,0.26
Rank,45,158,66982.0,-2328716.6133333333,17664,66982,0.27865066666666666,0.16000000000000003
Rank,45,159,66982.0,-1314077.8533333333,17664,66982,0.27290577777777786,0.14
Rank,45,160,66982.0,-1655006.3666666667,17664,66982,0.25796533333333344,0.1466666666666666
Rank,45,161,66982.0,-2046332.56,17664,66982,0.2515973333333334,0.16000000000000003
Rank,45,162,66982.0,-1280371.56,17664,66982,0.24865777777777798,0.1266666666666667
Rank,45,163,66982.0,-1660591.24,17664,66982,0.24400177777777776,0.16000000000000003
Rank,45,164,66982.0,-1612586.0,17664,66982,0.2465093333333335,0.15333333333333332
Rank,45,165,66982.0,-3006975.9133333336,17664,66982,0.25282933333333335,0.23333333333333328
Rank,45,166,66982.0,-1662721.78,17664,66982,0.2488711111111111,0.15333333333333332
Rank,45,167,66982.0,-2615411.7533333334,17664,66982,0.24540977777777795,0.17333333333333334
Rank,45,168,66982.0,-2959268.78,17664,66982,0.24408533333333332,0.18666666666666665
Rank,45,169,66982.0,-2532344.1933333334,17664,66982,0.24529511111111116,0.24
Rank,45,170,66982.0,-2480984.026666667,17664,66982,0.2527928888888888,0.19333333333333336
Rank,45,171,66982.0,-1576798.7266666666,17664,66982,0.2527599999999999,0.15333333333333332
Rank,45,172,66982.0,-1886069.16,17664,66982,0.2569786666666668,0.1266666666666667
Rank,45,173,66982.0,-1177492.7133333334,17664,66982,0.25687111111111116,0.1333333333333333
Rank,45,174,66982.0,-830406.2333333333,17664,66982,0.2531244444444444,0.1466666666666666
Rank,45,175,67165.0,-1346029.2466666666,17685,67165,0.24712000000000003,0.1466666666666666
Rank,45,176,67165.0,-1811307.1066666667,17685,67165,0.2376080000000001,0.14
Rank,45,177,67165.0,-1878047.7066666668,17685,67165,0.24906755555555551,0.16666666666666663
Rank,45,178,67165.0,-2381561.6733333333,17685,67165,0.24690488888888887,0.16666666666666663
Rank,45,179,67165.0,-2501356.526666667,17685,67165,0.2529804444444444,0.18666666666666665
Rank,45,180,67165.0,-2087120.4466666668,17685,67165,0.26701955555555557,0.1466666666666666
Rank,45,181,67165.0,-1243840.5533333332,17685,67165,0.2595039999999999,0.1333333333333333
Rank,45,182,67165.0,-1801447.6933333334,17685,67165,0.26512622222222215,0.1466666666666666
Rank,45,183,67165.0,-1941436.0666666667,17685,67165,0.2658373333333334,0.18000000000000005
Rank,45,184,67165.0,-2453297.1866666665,17685,67165,0.2660693333333333,0.20666666666666667
Rank,45,185,67165.0,-2870541.2733333334,17685,67165,0.2663440000000001,0.18000000000000005
Rank,45,186,67165.0,-2573373.993333333,17685,67165,0.26314133333333334,0.21999999999999997
Rank,45,187,67165.0,-2216923.7,17685,67165,0.2636880000000001,0.1466666666666666
Rank,45,188,67165.0,-2224524.5733333332,17685,67165,0.2716444444444446,0.16000000000000003
Rank,45,189,67165.0,-1857232.9866666666,17685,67165,0.2709662222222223,0.17333333333333334
Rank,45,190,67165.0,-1744441.3466666667,17685,67165,0.26334311111111103,0.16000000000000003
Rank,45,191,67165.0,-1781913.4,17685,67165,0.25950666666666666,0.15333333333333332
Rank,45,192,67165.0,-2939899.1133333333,17685,67165,0.26168622222222226,0.21333333333333337
Rank,45,193,67165.0,-1234084.9066666667,17685,67165,0.26396266666666673,0.12
Rank,45,194,67165.0,-1462184.1266666667,17685,67165,0.25936800000000004,0.14
Rank,45,195,67165.0,-2309696.6533333333,17685,67165,0.25440888888888885,0.18666666666666665
Rank,45,196,67165.0,-3239106.92,17685,67165,0.25140799999999996,0.20666666666666667
Rank,45,197,67165.0,-2632826.6466666665,17685,67165,0.24926222222222225,0.16000000000000003
Rank,45,198,67165.0,-2945680.54,17685,67165,0.2607644444444446,0.22666666666666668
Rank,45,199,67165.0,-1933962.64,17685,67165,0.2572337777777779,0.1466666666666666
Rank,45,200,67165.0,-2785071.68,17685,67165,0.2586986666666667,0.15333333333333332
Rank,46,0,51054.0,-18729384.1,17238,51054,0.4957777777777777,0.5066666666666666
Rank,46,1,51054.0,-6492075.546666667,17238,51054,0.4898960000000001,0.31333333333333335
Rank,46,2,51054.0,-2561492.94,17238,51054,0.48214755555555533,0.16666666666666663
Rank,46,3,53799.0,-3018112.1533333333,17553,53799,0.4766284444444444,0.17333333333333334
Rank,46,4,53799.0,-2979256.933333333,17553,53799,0.46938755555555567,0.19999999999999996
Rank,46,5,53864.0,-3192923.18,17478,53864,0.4630951111111111,0.17333333333333334
Rank,46,6,53864.0,-1735700.3933333333,17478,53864,0.45127733333333336,0.12
Rank,46,7,56503.0,-1415751.06,17451,56503,0.4435902222222223,0.11333333333333329
Rank,46,8,56503.0,-2791108.9,17451,56503,0.43875644444444445,0.16666666666666663
Rank,46,9,56587.0,-2965658.506666667,15729,56587,0.42436088888888895,0.19999999999999996
Rank,46,10,57601.0,-4570346.613333333,17577,57601,0.41367288888888887,0.2466666666666667
Rank,46,11,57601.0,-4314569.78,17577,57601,0.4069084444444445,0.19999999999999996
Rank,46,12,58658.0,-2832834.3733333335,17286,58658,0.4028053333333333,0.18000000000000005
Rank,46,13,58658.0,-898184.3066666666,17286,58658,0.3889004444444445,0.07999999999999996
Rank,46,14,60235.0,-2007328.1133333333,16395,60235,0.38451911111111126,0.1266666666666667
Rank,46,15,60235.0,-2178213.8933333335,16395,60235,0.37161066666666664,0.12
Rank,46,16,60235.0,-1992348.38,16395,60235,0.3680453333333334,0.1333333333333333
Rank,46,17,62566.0,-1641234.08,17652,62566,0.35758400000000007,0.1266666666666667
Rank,46,18,62566.0,-1437120.26,17652,62566,0.3576666666666666,0.15333333333333332
Rank,46,19,62566.0,-2143583.86,17652,62566,0.35188977777777775,0.1266666666666667
Rank,46,20,63883.0,-1912222.6266666667,17061,63883,0.35535288888888894,0.11333333333333329
Rank,46,21,63883.0,-3935931.2133333334,17061,63883,0.35259644444444455,0.19333333333333336
Rank,46,22,63924.0,-1786495.5333333334,17478,63924,0.34343555555555555,0.15333333333333332
Rank,46,23,64591.0,-1813255.7733333334,17637,64591,0.34108799999999995,0.12
Rank,46,24,64591.0,-3381517.86,17637,64591,0.3356702222222222,0.20666666666666667
Rank,46,25,64591.0,-1538269.74,17637,64591,0.3282897777777778,0.1466666666666666
Rank,46,26,64591.0,-1714193.8866666667,17637,64591,0.32253066666666663,0.15333333333333332
Rank,46,27,65205.0,-809122.0266666666,17625,65205,0.3229466666666667,0.11333333333333329
Rank,46,28,65205.0,-1852607.3066666666,17625,65205,0.3191626666666666,0.14
Rank,46,29,65205.0,-2905907.1133333333,17625,65205,0.32076622222222234,0.17333333333333334
Rank,46,30,65205.0,-1833769.4066666667,17625,65205,0.3228311111111112,0.16666666666666663
Rank,46,31,66067.0,-1385834.1933333334,17559,66067,0.3191955555555555,0.09999999999999998
Rank,46,32,66067.0,-1460300.1133333333,17559,66067,0.31241333333333343,0.09999999999999998
Rank,46,33,66067.0,-2190375.96,17559,66067,0.301352888888889,0.16666666666666663
Rank,46,34,66067.0,-3737555.28,17559,66067,0.2997724444444445,0.24
Rank,46,35,66067.0,-2619656.1933333334,17559,66067,0.30347822222222215,0.18666666666666665
Rank,46,36,66067.0,-2098262.7933333335,17559,66067,0.3012639999999999,0.15333333333333332
Rank,46,37,66067.0,-2069920.1866666668,17559,66067,0.2924888888888889,0.17333333333333334
Rank,46,38,66067.0,-2519075.8866666667,17559,66067,0.29042577777777795,0.18666666666666665
Rank,46,39,66067.0,-2491900.8066666666,17559,66067,0.2974497777777778,0.17333333333333334
Rank,46,40,66067.0,-1044600.5933333334,17559,66067,0.28950577777777786,0.1333333333333333
Rank,46,41,66067.0,-1361450.02,17559,66067,0.27757422222222233,0.11333333333333329
Rank,46,42,66067.0,-1524895.7666666666,17559,66067,0.2777760000000001,0.1266666666666667
Rank,46,43,66067.0,-2803168.1333333333,17559,66067,0.2661271111111112,0.18666666666666665
Rank,46,44,66067.0,-2371881.006666667,17559,66067,0.26586222222222233,0.18000000000000005
Rank,46,45,66067.0,-3549887.513333333,17559,66067,0.27357955555555563,0.18666666666666665
Rank,46,46,66067.0,-1352895.0133333334,17559,66067,0.2594986666666667,0.14
Rank,46,47,66067.0,-1467505.1933333334,17559,66067,0.2554764444444446,0.15333333333333332
Rank,46,48,66250.0,-3565128.72,17580,66250,0.25725777777777775,0.18000000000000005
Rank,46,49,66250.0,-2077293.54,17580,66250,0.2545982222222223,0.17333333333333334
Rank,46,50,66250.0,-1737580.04,17580,66250,0.2549057777777779,0.14
Rank,46,51,66368.0,-2177620.88,17676,66368,0.2628035555555555,0.14
Rank,46,52,66746.0,-2707932.7866666666,17472,66746,0.2623466666666667,0.15333333333333332
Rank,46,53,66746.0,-1876598.46,17472,66746,0.2600400000000001,0.14
Rank,46,54,66746.0,-1799232.08,17472,66746,0.2621920000000002,0.15333333333333332
Rank,46,55,66746.0,-2564372.3666666667,17472,66746,0.25952711111111126,0.17333333333333334
Rank,46,56,66746.0,-2592562.24,17472,66746,0.2642968888888889,0.14
Rank,46,57,66746.0,-2260169.1333333333,17472,66746,0.2688817777777779,0.17333333333333334
Rank,46,58,66746.0,-2351735.68,17472,66746,0.2718248888888889,0.19333333333333336
Rank,46,59,66799.0,-2008806.0066666666,17643,66799,0.26817866666666673,0.18666666666666665
Rank,46,60,66799.0,-2464916.96,17643,66799,0.26403377777777787,0.18666666666666665
Rank,46,61,66799.0,-1993790.0666666667,17643,66799,0.26796444444444456,0.1466666666666666
Rank,46,62,66799.0,-2275891.6133333333,17643,66799,0.2775920000000001,0.16000000000000003
Rank,46,63,66799.0,-2451346.3333333335,17643,66799,0.2859502222222223,0.24
Rank,46,64,66799.0,-2647738.44,17643,66799,0.2884675555555556,0.18666666666666665
Rank,46,65,66799.0,-1404063.2266666666,17643,66799,0.28836266666666666,0.1466666666666666
Rank,46,66,66799.0,-2159724.56,17643,66799,0.28275022222222224,0.15333333333333332
Rank,46,67,66799.0,-1888866.4,17643,66799,0.2859520000000001,0.1266666666666667
Rank,46,68,66799.0,-1888655.5666666667,17643,66799,0.28613155555555553,0.12
Rank,46,69,66799.0,-2755643.8933333335,17643,66799,0.28863466666666654,0.19333333333333336
Rank,46,70,66799.0,-1887006.16,17643,66799,0.2852977777777779,0.14
Rank,46,71,66799.0,-1973390.7733333334,17643,66799,0.2845102222222222,0.16666666666666663
Rank,46,72,66799.0,-2123480.066666667,17643,66799,0.28077155555555566,0.14
Rank,46,73,66799.0,-1099715.4333333333,17643,66799,0.2843120000000001,0.1333333333333333
Rank,46,74,66799.0,-1604885.6666666667,17643,66799,0.2795742222222223,0.11333333333333329
Rank,46,75,66799.0,-2087097.4266666668,17643,66799,0.2824177777777777,0.18666666666666665
Rank,46,76,66799.0,-3020057.2333333334,17643,66799,0.2775137777777779,0.16666666666666663
Rank,46,77,66799.0,-2588621.1066666665,17643,66799,0.2764062222222223,0.19333333333333336
Rank,46,78,66799.0,-2504017.993333333,17643,66799,0.2716942222222223,0.18000000000000005
Rank,46,79,66799.0,-1838027.0933333333,17643,66799,0.2704764444444444,0.17333333333333334
Rank,46,80,66799.0,-1855540.4666666666,17643,66799,0.2652106666666668,0.14
Rank,46,81,66799.0,-2591913.3866666667,17643,66799,0.2678657777777778,0.16666666666666663
Rank,46,82,66799.0,-2734022.8466666667,17643,66799,0.2630097777777778,0.18000000000000005
Rank,46,83,66799.0,-3986774.5866666664,17643,66799,0.255184,0.23333333333333328
Rank,46,84,66799.0,-2220108.066666667,17643,66799,0.2534942222222223,0.20666666666666667
Rank,46,85,66799.0,-3045719.513333333,17643,66799,0.255328888888889,0.21999999999999997
Rank,46,86,66799.0,-3786528.433333333,17643,66799,0.25814577777777786,0.20666666666666667
Rank,46,87,66799.0,-2378135.7,17643,66799,0.26233600000000007,0.16000000000000003
Rank,46,88,66799.0,-2477686.6466666665,17643,66799,0.26678044444444443,0.21999999999999997
Rank,46,89,66799.0,-2425982.2466666666,17643,66799,0.26661155555555555,0.18666666666666665
Rank,46,90,66799.0,-1834466.2933333332,17643,66799,0.25569422222222227,0.16666666666666663
Rank,46,91,66799.0,-2520484.6666666665,17643,66799,0.2533688888888888,0.19333333333333336
Rank,46,92,66799.0,-1770539.1533333333,17643,66799,0.2575564444444444,0.15333333333333332
Rank,46,93,66799.0,-1851443.3466666667,17643,66799,0.2661822222222222,0.16000000000000003
Rank,46,94,66799.0,-1133346.4133333333,17643,66799,0.2716071111111112,0.11333333333333329
Rank,46,95,66799.0,-2948025.4066666667,17643,66799,0.2711484444444446,0.19333333333333336
Rank,46,96,66799.0,-1598995.3066666666,17643,66799,0.27663733333333335,0.1333333333333333
Rank,46,97,66799.0,-3371423.2466666666,17643,66799,0.2707546666666667,0.21999999999999997
Rank,46,98,66799.0,-2598278.1333333333,17643,66799,0.2786951111111111,0.16666666666666663
Rank,46,99,66799.0,-2161690.64,17643,66799,0.2749706666666666,0.18666666666666665
Rank,46,100,66799.0,-1713125.9133333333,17643,66799,0.2763662222222223,0.16000000000000003
Rank,46,101,66799.0,-2674564.76,17643,66799,0.27248266666666665,0.20666666666666667
Rank,46,102,66799.0,-1810388.4466666668,17643,66799,0.26055644444444437,0.15333333333333332
Rank,46,103,66799.0,-2621362.6266666665,17643,66799,0.25835644444444456,0.18666666666666665
Rank,46,104,66799.0,-1639702.1066666667,17643,66799,0.2688595555555556,0.12
Rank,46,105,66799.0,-781593.62,17643,66799,0.26481333333333335,0.09333333333333338
Rank,46,106,66799.0,-1650764.9666666666,17643,66799,0.2644657777777778,0.14
Rank,46,107,66799.0,-3264685.7266666666,17643,66799,0.2690648888888889,0.18666666666666665
Rank,46,108,66799.0,-3798349.5933333333,17643,66799,0.2689226666666667,0.22666666666666668
Rank,46,109,66799.0,-2776711.546666667,17643,66799,0.2788933333333334,0.16000000000000003
Rank,46,110,66799.0,-2503189.973333333,17643,66799,0.2768364444444445,0.19999999999999996
Rank,46,111,66799.0,-2634016.7733333334,17643,66799,0.27369600000000005,0.18666666666666665
Rank,46,112,66799.0,-2097861.7066666665,17643,66799,0.2777333333333333,0.15333333333333332
Rank,46,113,66799.0,-2016769.5533333332,17643,66799,0.2755599999999999,0.18000000000000005
Rank,46,114,66799.0,-2996557.3466666667,17643,66799,0.2820391111111112,0.21333333333333337
Rank,46,115,66799.0,-3246358.6466666665,17643,66799,0.2815804444444445,0.18666666666666665
Rank,46,116,66799.0,-4446596.246666667,17643,66799,0.2829342222222222,0.24
Rank,46,117,66799.0,-3938165.98,17643,66799,0.2850222222222223,0.24
Rank,46,118,66799.0,-2886518.473333333,17643,66799,0.28146755555555564,0.18000000000000005
Rank,46,119,66799.0,-2392492.8266666667,17643,66799,0.2828328888888889,0.14
Rank,46,120,66799.0,-1977322.7866666666,17643,66799,0.28614577777777783,0.14
Rank,46,121,66799.0,-2725279.3133333335,17643,66799,0.29121511111111137,0.19999999999999996
Rank,46,122,66799.0,-1947860.9066666667,17643,66799,0.29484088888888893,0.17333333333333334
Rank,46,123,66799.0,-2740889.526666667,17643,66799,0.2901955555555556,0.22666666666666668
Rank,46,124,66799.0,-1405605.44,17643,66799,0.2963946666666666,0.14
Rank,46,125,66799.0,-1290114.0933333333,17643,66799,0.28969422222222224,0.1466666666666666
Rank,46,126,66799.0,-1330186.4866666666,17643,66799,0.29054577777777796,0.1333333333333333
Rank,46,127,66799.0,-1191740.58,17643,66799,0.2924880000000001,0.1266666666666667
Rank,46,128,66799.0,-1806937.3733333333,17643,66799,0.2876826666666667,0.15333333333333332
Rank,46,129,66799.0,-2793560.06,17643,66799,0.29170666666666667,0.19999999999999996
Rank,46,130,66799.0,-1696571.1533333333,17643,66799,0.2890995555555556,0.1333333333333333
Rank,46,131,66799.0,-1309911.4866666666,17643,66799,0.2928595555555556,0.16000000000000003
Rank,46,132,66799.0,-2329764.68,17643,66799,0.294336,0.15333333333333332
Rank,46,133,66799.0,-3284748.466666667,17643,66799,0.2887813333333335,0.18666666666666665
Rank,46,134,66799.0,-1433475.76,17643,66799,0.2812986666666666,0.18000000000000005
Rank,46,135,66799.0,-2763907.24,17643,66799,0.284680888888889,0.20666666666666667
Rank,46,136,66799.0,-2569970.24,17643,66799,0.28822577777777797,0.21999999999999997
Rank,46,137,66799.0,-1777179.74,17643,66799,0.2794462222222223,0.15333333333333332
Rank,46,138,66799.0,-1856145.3266666667,17643,66799,0.2751866666666667,0.1333333333333333
Rank,46,139,66799.0,-1090073.9,17643,66799,0.271944,0.1333333333333333
Rank,46,140,66799.0,-1863922.1666666667,17643,66799,0.26917777777777785,0.1333333333333333
Rank,46,141,66799.0,-2236469.1466666665,17643,66799,0.26894488888888884,0.19999999999999996
Rank,46,142,66799.0,-1961788.7466666666,17643,66799,0.27025244444444446,0.16000000000000003
Rank,46,143,66799.0,-2152604.6533333333,17643,66799,0.26840977777777786,0.17333333333333334
Rank,46,144,66799.0,-3097416.446666667,17643,66799,0.26287288888888893,0.21333333333333337
Rank,46,145,66799.0,-1548556.7533333334,17643,66799,0.2508364444444444,0.10666666666666669
Rank,46,146,66799.0,-2031098.5666666667,17643,66799,0.2502266666666666,0.15333333333333332
Rank,46,147,66799.0,-2692915.28,17643,66799,0.24759377777777783,0.22666666666666668
Rank,46,148,66799.0,-2071604.86,17643,66799,0.24567911111111124,0.19333333333333336
Rank,46,149,66799.0,-2709539.053333333,17643,66799,0.2358977777777778,0.23333333333333328
Rank,46,150,66799.0,-1664058.6266666667,17643,66799,0.2537422222222222,0.12
Rank,46,151,66799.0,-2534002.26,17643,66799,0.2472906666666667,0.18000000000000005
Rank,46,152,66799.0,-2999367.8933333335,17643,66799,0.2446560000000002,0.22666666666666668
Rank,46,153,66799.0,-1899344.6266666667,17643,66799,0.2518613333333334,0.18000000000000005
Rank,46,154,66799.0,-2333492.3333333335,17643,66799,0.24500000000000002,0.18666666666666665
Rank,46,155,66799.0,-1584264.02,17643,66799,0.2515066666666667,0.1333333333333333
Rank,46,156,66799.0,-1991752.0133333334,17643,66799,0.2553893333333335,0.15333333333333332
Rank,46,157,66799.0,-2701292.2,17643,66799,0.2586631111111112,0.19999999999999996
Rank,46,158,66799.0,-2831555.7333333334,17643,66799,0.259784,0.19333333333333336
Rank,46,159,66799.0,-1653604.0466666666,17643,66799,0.26164355555555563,0.1333333333333333
Rank,46,160,66799.0,-1683344.8866666667,17643,66799,0.2536702222222223,0.15333333333333332
Rank,46,161,66799.0,-1936713.2866666666,17643,66799,0.2434391111111112,0.19333333333333336
Rank,46,162,66982.0,-3596319.946666667,17664,66982,0.2404551111111112,0.2466666666666667
Rank,46,163,66982.0,-2883586.16,17664,66982,0.2348017777777778,0.18666666666666665
Rank,46,164,67165.0,-1836782.9266666668,17685,67165,0.24141511111111114,0.19333333333333336
Rank,46,165,67165.0,-3459868.82,17685,67165,0.24227022222222228,0.2466666666666667
Rank,46,166,67165.0,-2840990.2133333334,17685,67165,0.2487786666666667,0.19999999999999996
Rank,46,167,67165.0,-1998261.28,17685,67165,0.2513377777777777,0.1466666666666666
Rank,46,168,67165.0,-2982171.1866666665,17685,67165,0.2557244444444445,0.19333333333333336
Rank,46,169,67165.0,-3406212.32,17685,67165,0.26038488888888883,0.22666666666666668
Rank,46,170,67165.0,-3218716.7533333334,17685,67165,0.26559377777777776,0.19333333333333336
Rank,46,171,67165.0,-1738631.82,17685,67165,0.26247466666666674,0.1466666666666666
Rank,46,172,67165.0,-2204573.3333333335,17685,67165,0.25995111111111113,0.14
Rank,46,173,67165.0,-2699189.4133333336,17685,67165,0.26158844444444435,0.19999999999999996
Rank,46,174,67165.0,-2925515.46,17685,67165,0.2653377777777779,0.22666666666666668
Rank,46,175,67165.0,-2239563.26,17685,67165,0.2756568888888889,0.18000000000000005
Rank,46,176,67165.0,-3275917.8133333335,17685,67165,0.2759920000000001,0.20666666666666667
Rank,46,177,67165.0,-2915296.506666667,17685,67165,0.2744604444444446,0.15333333333333332
Rank,46,178,67165.0,-3189151.2133333334,17685,67165,0.2590124444444446,0.21333333333333337
Rank,46,179,67165.0,-2626253.62,17685,67165,0.2652266666666666,0.20666666666666667
Rank,46,180,67165.0,-3363070.1,17685,67165,0.2694106666666667,0.16666666666666663
Rank,46,181,67165.0,-1304776.3,17685,67165,0.2649191111111113,0.1466666666666666
Rank,46,182,67165.0,-2725618.86,17685,67165,0.26668088888888897,0.19999999999999996
Rank,46,183,67165.0,-2810438.1266666665,17685,67165,0.2604737777777778,0.21999999999999997
Rank,46,184,67165.0,-2334349.7333333334,17685,67165,0.25616799999999995,0.19999999999999996
Rank,46,185,67165.0,-1466941.9933333334,17685,67165,0.2528586666666668,0.15333333333333332
Rank,46,186,67165.0,-1935536.2466666666,17685,67165,0.25279377777777773,0.20666666666666667
Rank,46,187,67165.0,-2381008.7333333334,17685,67165,0.26162666666666673,0.18000000000000005
Rank,46,188,67165.0,-2058871.1133333333,17685,67165,0.2545484444444446,0.1266666666666667
Rank,46,189,67165.0,-1359879.5133333334,17685,67165,0.25361333333333336,0.14
Rank,46,190,67165.0,-2030481.36,17685,67165,0.26757422222222216,0.17333333333333334
Rank,46,191,67165.0,-1800284.0266666666,17685,67165,0.2649733333333335,0.15333333333333332
Rank,46,192,67165.0,-1308669.2533333334,17685,67165,0.268152888888889,0.1266666666666667
Rank,46,193,67165.0,-2223167.7266666666,17685,67165,0.27729600000000015,0.18666666666666665
Rank,46,194,67165.0,-2617838.4133333336,17685,67165,0.26505511111111113,0.15333333333333332
Rank,46,195,67165.0,-3045395.2533333334,17685,67165,0.2609377777777778,0.19333333333333336
Rank,46,196,67165.0,-3090565.58,17685,67165,0.2601048888888889,0.21333333333333337
Rank,46,197,67165.0,-3187552.02,17685,67165,0.249152,0.18000000000000005
Rank,46,198,67165.0,-1898399.3666666667,17685,67165,0.241864888888889,0.15333333333333332
Rank,46,199,67165.0,-2610295.7,17685,67165,0.24687022222222224,0.16000000000000003
Rank,46,200,67165.0,-2194425.7333333334,17685,67165,0.23470755555555564,0.16000000000000003
1-point crossover,42,0,50912.0,-17804451.82,17634,50912,0.4963848888888887,0.54
1-point crossover,42,1,50912.0,-5624784.866666666,17634,50912,0.49006133333333324,0.26
1-point crossover,42,2,52754.0,-4236663.253333333,17598,52754,0.48214311111111097,0.22666666666666668
1-point crossover,42,3,52754.0,-3581054.18,17598,52754,0.4685039999999998,0.23333333333333328
1-point crossover,42,4,57052.0,-4083840.066666667,17514,57052,0.4477733333333331,0.2466666666666667
1-point crossover,42,5,57141.0,-2735573.526666667,16947,57141,0.41123466666666664,0.15333333333333332
1-point crossover,42,6,57495.0,-4205653.973333334,17235,57495,0.38692533333333323,0.18666666666666665
1-point crossover,42,7,58959.0,-2519166.6133333333,17403,58959,0.3570977777777778,0.21999999999999997
1-point crossover,42,8,58959.0,-3853035.9066666667,17403,58959,0.33399288888888895,0.2533333333333333
1-point crossover,42,9,58959.0,-1575125.8,17403,58959,0.3223546666666665,0.1466666666666666
1-point crossover,42,10,58959.0,-3307192.46,17403,58959,0.3024160000000001,0.20666666666666667
1-point crossover,42,11,59573.0,-3893029.04,17391,59573,0.30095466666666676,0.2666666666666667
1-point crossover,42,12,60642.0,-2405262.566666667,16854,60642,0.298656888888889,0.18000000000000005
1-point crossover,42,13,60654.0,-1652245.36,16608,60654,0.2883155555555556,0.15333333333333332
1-point crossover,42,14,60885.0,-1650812.5266666666,15645,60885,0.27750755555555573,0.1333333333333333
1-point crossover,42,15,61846.0,-2458801.04,17322,61846,0.2662933333333334,0.18666666666666665
1-point crossover,42,16,62029.0,-2432618.42,17343,62029,0.2504977777777778,0.18666666666666665
1-point crossover,42,17,62147.0,-2859880.946666667,17439,62147,0.2420471111111111,0.18666666666666665
1-point crossover,42,18,63493.0,-2755589.6666666665,17511,63493,0.22805333333333333,0.18000000000000005
1-point crossover,42,19,63493.0,-2235803.92,17511,63493,0.22684977777777784,0.18000000000000005
1-point crossover,42,20,64591.0,-1884642.4466666668,17637,64591,0.22396977777777777,0.16000000000000003
1-point crossover,42,21,64591.0,-3974674.3533333335,17637,64591,0.21451644444444448,0.2466666666666667
1-point crossover,42,22,64591.0,-3328290.1466666665,17637,64591,0.2238417777777778,0.24
1-point crossover,42,23,64591.0,-2338183.1066666665,17637,64591,0.229456,0.20666666666666667
1-point crossover,42,24,64591.0,-1981249.3933333333,17637,64591,0.23114400000000004,0.20666666666666667
1-point crossover,42,25,64591.0,-2283582.3933333335,17637,64591,0.23855200000000015,0.19333333333333336
1-point crossover,42,26,64863.0,-3489205.8133333335,17091,64863,0.2398800000000001,0.28
1-point crossover,42,27,64863.0,-1555536.0266666666,17091,64863,0.2468488888888889,0.1466666666666666
1-point crossover,42,28,64863.0,-1703009.2266666666,17091,64863,0.24653511111111104,0.20666666666666667
1-point crossover,42,29,65701.0,-2437320.42,17517,65701,0.2446577777777779,0.20666666666666667
1-point crossover,42,30,65701.0,-2400943.013333333,17517,65701,0.2396097777777778,0.20666666666666667
1-point crossover,42,31,65701.0,-2874306.7,17517,65701,0.2362044444444445,0.21333333333333337
1-point crossover,42,32,65884.0,-2462494.3,17538,65884,0.22695466666666675,0.21333333333333337
1-point crossover,42,33,65884.0,-2283971.54,17538,65884,0.22754311111111117,0.18666666666666665
1-point crossover,42,34,65884.0,-1862438.9733333334,17538,65884,0.22816088888888897,0.14
1-point crossover,42,35,65884.0,-2458207.973333333,17538,65884,0.22839644444444437,0.22666666666666668
1-point crossover,42,36,65884.0,-3117824.46,17538,65884,0.23414577777777767,0.21999999999999997
1-point crossover,42,37,65908.0,-2647017.6733333333,17046,65908,0.23096622222222218,0.21333333333333337
1-point crossover,42,38,66079.0,-3106114.3933333335,17313,66079,0.23576711111111112,0.24
1-point crossover,42,39,66079.0,-3533524.3933333335,17313,66079,0.23916888888888885,0.2733333333333333
1-point crossover,42,40,66681.0,-1829844.2266666666,17547,66681,0.24169777777777784,0.18000000000000005
1-point crossover,42,41,66681.0,-2960576.3266666667,17547,66681,0.24184177777777777,0.23333333333333328
1-point crossover,42,42,66681.0,-2722377.7066666665,17547,66681,0.2442071111111112,0.19333333333333336
1-point crossover,42,43,66681.0,-3091591.013333333,17547,66681,0.24659377777777763,0.21999999999999997
1-point crossover,42,44,66681.0,-3344019.34,17547,66681,0.24382400000000007,0.22666666666666668
1-point crossover,42,45,66681.0,-2844424.34,17547,66681,0.24790488888888887,0.21333333333333337
1-point crossover,42,46,66864.0,-2431517.2666666666,17568,66864,0.2458497777777778,0.22666666666666668
1-point crossover,42,47,66864.0,-1984020.32,17568,66864,0.24690399999999993,0.20666666666666667
1-point crossover,42,48,66864.0,-3280936.74,17568,66864,0.24479911111111105,0.26
1-point crossover,42,49,66864.0,-2625032.486666667,17568,66864,0.2413173333333333,0.21333333333333337
1-point crossover,42,50,66864.0,-2483251.9066666667,17568,66864,0.24470755555555548,0.23333333333333328
1-point crossover,42,51,66864.0,-2760792.026666667,17568,66864,0.2436151111111112,0.18666666666666665
1-point crossover,42,52,66864.0,-2415543.5,17568,66864,0.23151200000000005,0.17333333333333334
1-point crossover,42,53,66864.0,-3806853.82,17568,66864,0.21115288888888886,0.2666666666666667
1-point crossover,42,54,66864.0,-2900555.4266666668,17568,66864,0.21013244444444454,0.19999999999999996
1-point crossover,42,55,66864.0,-3287881.36,17568,66864,0.19682933333333344,0.26
1-point crossover,42,56,66864.0,-1749101.9133333333,17568,66864,0.1934924444444444,0.21999999999999997
1-point crossover,42,57,66864.0,-2758921.446666667,17568,66864,0.19551555555555558,0.19333333333333336
1-point crossover,42,58,66864.0,-3901674.24,17568,66864,0.18744977777777777,0.21999999999999997
1-point crossover,42,59,66864.0,-2047372.42,17568,66864,0.18769866666666668,0.21333333333333337
1-point crossover,42,60,66864.0,-2374564.68,17568,66864,0.18745599999999998,0.2533333333333333
1-point crossover,42,61,66864.0,-2794907.06,17568,66864,0.19469333333333338,0.23333333333333328
1-point crossover,42,62,66864.0,-2849422.6933333334,17568,66864,0.1966648888888889,0.24
1-point crossover,42,63,66864.0,-2186533.8266666667,17568,66864,0.19916533333333342,0.16666666666666663
1-point crossover,42,64,66864.0,-2020202.8533333333,17568,66864,0.19521422222222232,0.19999999999999996
1-point crossover,42,65,66864.0,-2018562.3466666667,17568,66864,0.18175377777777788,0.19333333333333336
1-point crossover,42,66,66864.0,-1605438.7933333332,17568,66864,0.17753955555555564,0.15333333333333332
1-point crossover,42,67,66864.0,-2263807.8533333335,17568,66864,0.1737013333333333,0.20666666666666667
1-point crossover,42,68,66864.0,-3316796.08,17568,66864,0.16922666666666664,0.2533333333333333
1-point crossover,42,69,66864.0,-2157408.3533333335,17568,66864,0.1720506666666667,0.19999999999999996
1-point crossover,42,70,66982.0,-1399605.6133333333,17664,66982,0.17182844444444445,0.15333333333333332
1-point crossover,42,71,66982.0,-2091350.44,17664,66982,0.17030488888888892,0.16666666666666663
1-point crossover,42,72,66982.0,-2116095.3133333335,17664,66982,0.16733688888888892,0.18666666666666665
1-point crossover,42,73,66982.0,-1854234.5533333332,17664,66982,0.16147288888888892,0.17333333333333334
1-point crossover,42,74,66982.0,-2173999.68,17664,66982,0.16605600000000006,0.18000000000000005
1-point crossover,42,75,66982.0,-2638797.9266666668,17664,66982,0.1704302222222222,0.20666666666666667
1-point crossover,42,76,66982.0,-3016799.3066666666,17664,66982,0.17870488888888894,0.2466666666666667
1-point crossover,42,77,66982.0,-2474726.3066666666,17664,66982,0.1827875555555556,0.19999999999999996
1-point crossover,42,78,66982.0,-2275237.453333333,17664,66982,0.18867111111111115,0.19999999999999996
1-point crossover,42,79,66982.0,-1460865.5333333334,17664,66982,0.18794133333333338,0.16666666666666663
1-point crossover,42,80,66982.0,-2801301.533333333,17664,66982,0.181264888888889,0.2533333333333333
1-point crossover,42,81,66982.0,-2462002.933333333,17664,66982,0.18446577777777778,0.21333333333333337
1-point crossover,42,82,66982.0,-2828735.14,17664,66982,0.18095466666666668,0.20666666666666667
1-point crossover,42,83,66982.0,-3361009.053333333,17664,66982,0.18506311111111118,0.2866666666666666
1-point crossover,42,84,66982.0,-2330682.5866666664,17664,66982,0.18146400000000007,0.16666666666666663
1-point crossover,42,85,66982.0,-2331468.9066666667,17664,66982,0.18596444444444452,0.18666666666666665
1-point crossover,42,86,66982.0,-2162879.2933333335,17664,66982,0.1796551111111111,0.22666666666666668
1-point crossover,42,87,67047.0,-1614899.96,17589,67047,0.18406577777777774,0.16000000000000003
1-point crossover,42,88,67047.0,-2780793.433333333,17589,67047,0.17676888888888898,0.21333333333333337
1-point crossover,42,89,67165.0,-1680283.0733333332,17685,67165,0.18311022222222229,0.18666666666666665
1-point crossover,42,90,67165.0,-2497099.1733333333,17685,67165,0.17769866666666673,0.2533333333333333
1-point crossover,42,91,67165.0,-2066482.6333333333,17685,67165,0.18383200000000002,0.19999999999999996
1-point crossover,42,92,67165.0,-2717881.513333333,17685,67165,0.1864177777777778,0.21999999999999997
1-point crossover,42,93,67165.0,-3046448.993333333,17685,67165,0.18694933333333327,0.21333333333333337
1-point crossover,42,94,67165.0,-2630954.2466666666,17685,67165,0.19329600000000002,0.2533333333333333
1-point crossover,42,95,67165.0,-2383976.966666667,17685,67165,0.19662577777777773,0.19999999999999996
1-point crossover,42,96,67165.0,-1750474.7266666666,17685,67165,0.20137066666666661,0.16666666666666663
1-point crossover,42,97,67165.0,-2958373.1466666665,17685,67165,0.1952373333333334,0.24
1-point crossover,42,98,67165.0,-3085597.6533333333,17685,67165,0.19792977777777768,0.2666666666666667
1-point crossover,42,99,67165.0,-2129161.96,17685,67165,0.18988800000000006,0.16000000000000003
1-point crossover,42,100,67165.0,-2856543.526666667,17685,67165,0.18930577777777777,0.22666666666666668
1-point crossover,42,101,67165.0,-1943495.38,17685,67165,0.19376000000000007,0.1466666666666666
1-point crossover,42,102,67165.0,-1779143.7666666666,17685,67165,0.20191111111111104,0.18666666666666665
1-point crossover,42,103,67165.0,-2398297.1466666665,17685,67165,0.20439022222222225,0.18000000000000005
1-point crossover,42,104,67165.0,-2806482.7733333334,17685,67165,0.2073057777777778,0.21333333333333337
1-point crossover,42,105,67165.0,-2428003.046666667,17685,67165,0.2081706666666666,0.19999999999999996
1-point crossover,42,106,67165.0,-3521744.9266666668,17685,67165,0.21300355555555558,0.31999999999999995
1-point crossover,42,107,67165.0,-1932225.34,17685,67165,0.2077200000000001,0.16000000000000003
1-point crossover,42,108,67165.0,-2561877.2666666666,17685,67165,0.19492177777777775,0.23333333333333328
1-point crossover,42,109,67165.0,-1515009.0733333332,17685,67165,0.17515200000000009,0.16000000000000003
1-point crossover,42,110,67165.0,-1667241.48,17685,67165,0.17625599999999994,0.18000000000000005
1-point crossover,42,111,67165.0,-2383365.933333333,17685,67165,0.17317066666666667,0.16666666666666663
1-point crossover,42,112,67165.0,-2669521.38,17685,67165,0.16684800000000002,0.24
1-point crossover,42,113,67165.0,-3958451.6933333334,17685,67165,0.1792951111111111,0.2466666666666667
1-point crossover,42,114,67165.0,-2393742.28,17685,67165,0.19016888888888886,0.21999999999999997
1-point crossover,42,115,67165.0,-2455456.526666667,17685,67165,0.19366577777777766,0.22666666666666668
1-point crossover,42,116,67165.0,-1194472.0066666666,17685,67165,0.19006488888888895,0.1333333333333333
1-point crossover,42,117,67165.0,-2578794.1533333333,17685,67165,0.18734844444444448,0.28
1-point crossover,42,118,67165.0,-1780758.9666666666,17685,67165,0.1899884444444444,0.15333333333333332
1-point crossover,42,119,67165.0,-2262733.66,17685,67165,0.18489955555555557,0.19999999999999996
1-point crossover,42,120,67165.0,-2776787.76,17685,67165,0.1739813333333333,0.22666666666666668
1-point crossover,42,121,67165.0,-2533388.026666667,17685,67165,0.17689600000000003,0.21333333333333337
1-point crossover,42,122,67165.0,-2529437.4133333336,17685,67165,0.18377333333333337,0.18666666666666665
1-point crossover,42,123,67165.0,-3544312.953333333,17685,67165,0.17787822222222235,0.2666666666666667
1-point crossover,42,124,67165.0,-2969273.2666666666,17685,67165,0.17723288888888888,0.21333333333333337
1-point crossover,42,125,67165.0,-1932122.28,17685,67165,0.17525066666666675,0.19999999999999996
1-point crossover,42,126,67165.0,-3180997.986666667,17685,67165,0.17910577777777767,0.22666666666666668
1-point crossover,42,127,67165.0,-2375533.2066666665,17685,67165,0.17073333333333338,0.21333333333333337
1-point crossover,42,128,67165.0,-2550437.1866666665,17685,67165,0.1640435555555556,0.24
1-point crossover,42,129,67165.0,-3143953.72,17685,67165,0.16692533333333337,0.23333333333333328
1-point crossover,42,130,67165.0,-2882136.94,17685,67165,0.17040799999999998,0.2733333333333333
1-point crossover,42,131,67165.0,-2200042.7133333334,17685,67165,0.16289155555555562,0.18000000000000005
1-point crossover,42,132,67165.0,-3019540.953333333,17685,67165,0.15806311111111107,0.26
1-point crossover,42,133,67165.0,-2893451.046666667,17685,67165,0.1572755555555556,0.22666666666666668
1-point crossover,42,134,67165.0,-2622473.42,17685,67165,0.1631120000000001,0.21333333333333337
1-point crossover,42,135,67165.0,-2293713.7733333334,17685,67165,0.16849244444444447,0.22666666666666668
1-point crossover,42,136,67165.0,-2866399.76,17685,67165,0.16336533333333336,0.19333333333333336
1-point crossover,42,137,67165.0,-2243817.7933333335,17685,67165,0.16245066666666674,0.20666666666666667
1-point crossover,42,138,67165.0,-2604736.7066666665,17685,67165,0.17077244444444453,0.2466666666666667
1-point crossover,42,139,67165.0,-3376914.8533333335,17685,67165,0.17606933333333338,0.2533333333333333
1-point crossover,42,140,67165.0,-1734895.9466666668,17685,67165,0.1683235555555557,0.18666666666666665
1-point crossover,42,141,67165.0,-1936878.74,17685,67165,0.16925600000000007,0.19333333333333336
1-point crossover,42,142,67165.0,-3675324.68,17685,67165,0.18016622222222217,0.2466666666666667
1-point crossover,42,143,67165.0,-2897792.22,17685,67165,0.18731555555555562,0.21999999999999997
1-point crossover,42,144,67165.0,-2448533.2466666666,17685,67165,0.19028977777777784,0.17333333333333334
1-point crossover,42,145,67165.0,-3361745.06,17685,67165,0.18546044444444454,0.21999999999999997
1-point crossover,42,146,67165.0,-3775472.24,17685,67165,0.19404088888888885,0.2733333333333333
1-point crossover,42,147,67165.0,-2694487.06,17685,67165,0.2033884444444445,0.19999999999999996
1-point crossover,42,148,67165.0,-3077032.16,17685,67165,0.20166844444444454,0.24
1-point crossover,42,149,67165.0,-2675814.2,17685,67165,0.20948088888888894,0.21999999999999997
1-point crossover,42,150,67165.0,-3006658.946666667,17685,67165,0.22088800000000003,0.22666666666666668
1-point crossover,42,151,67165.0,-2955748.473333333,17685,67165,0.21864266666666665,0.22666666666666668
1-point crossover,42,152,67165.0,-2338535.1666666665,17685,67165,0.2226435555555556,0.19999999999999996
1-point crossover,42,153,67165.0,-1994672.88,17685,67165,0.21854400000000002,0.1333333333333333
1-point crossover,42,154,67165.0,-2753648.24,17685,67165,0.2104808888888889,0.24
1-point crossover,42,155,67165.0,-2466220.6733333333,17685,67165,0.20582400000000012,0.20666666666666667
1-point crossover,42,156,67165.0,-2586542.12,17685,67165,0.2066515555555556,0.20666666666666667
1-point crossover,42,157,67165.0,-3220599.506666667,17685,67165,0.20266044444444448,0.21999999999999997
1-point crossover,42,158,67165.0,-3001554.44,17685,67165,0.2061191111111111,0.23333333333333328
1-point crossover,42,159,67165.0,-2460259.84,17685,67165,0.2113368888888889,0.15333333333333332
1-point crossover,42,160,67165.0,-3210326.1066666665,17685,67165,0.20215111111111114,0.22666666666666668
1-point crossover,42,161,67165.0,-2584123.4066666667,17685,67165,0.20692533333333324,0.18000000000000005
1-point crossover,42,162,67165.0,-2197368.42,17685,67165,0.19916177777777772,0.18000000000000005
1-point crossover,42,163,67165.0,-2218498.3933333335,17685,67165,0.1827920000000001,0.16666666666666663
1-point crossover,42,164,67165.0,-2641335.14,17685,67165,0.18007377777777778,0.22666666666666668
1-point crossover,42,165,67165.0,-2595267.033333333,17685,67165,0.1807582222222223,0.20666666666666667
1-point crossover,42,166,67165.0,-2426133.546666667,17685,67165,0.16433688888888892,0.2466666666666667
1-point crossover,42,167,67165.0,-1983988.6866666668,17685,67165,0.16197422222222227,0.19999999999999996
1-point crossover,42,168,67165.0,-2501285.2266666666,17685,67165,0.1608817777777778,0.2533333333333333
1-point crossover,42,169,67165.0,-3824017.6333333333,17685,67165,0.1663306666666666,0.2733333333333333
1-point crossover,42,170,67165.0,-2744829.1,17685,67165,0.18007022222222233,0.23333333333333328
1-point crossover,42,171,67165.0,-2938591.1666666665,17685,67165,0.193904888888889,0.20666666666666667
1-point crossover,42,172,67165.0,-2924328.446666667,17685,67165,0.19515644444444447,0.21333333333333337
1-point crossover,42,173,67165.0,-2572025.2,17685,67165,0.19260800000000003,0.18666666666666665
1-point crossover,42,174,67165.0,-3158478.493333333,17685,67165,0.19517422222222225,0.2733333333333333
1-point crossover,42,175,67165.0,-3161744.42,17685,67165,0.19986933333333337,0.21999999999999997
1-point crossover,42,176,67165.0,-3532214.7933333335,17685,67165,0.19466044444444447,0.31999999999999995
1-point crossover,42,177,67165.0,-1807048.7866666666,17685,67165,0.1919617777777777,0.15333333333333332
1-point crossover,42,178,67165.0,-2539802.08,17685,67165,0.18331022222222232,0.20666666666666667
1-point crossover,42,179,67165.0,-2116834.8066666666,17685,67165,0.18396355555555557,0.17333333333333334
1-point crossover,42,180,67165.0,-2236527.6866666665,17685,67165,0.1722577777777778,0.24
1-point crossover,42,181,67165.0,-2508043.96,17685,67165,0.1788844444444445,0.2466666666666667
1-point crossover,42,182,67165.0,-2043776.1466666667,17685,67165,0.1764666666666667,0.19333333333333336
1-point crossover,42,183,67165.0,-1589394.7733333334,17685,67165,0.17855466666666675,0.1333333333333333
1-point crossover,42,184,67165.0,-2098202.22,17685,67165,0.17147822222222228,0.19333333333333336
1-point crossover,42,185,67165.0,-3146811.7266666666,17685,67165,0.1787902222222222,0.2733333333333333
1-point crossover,42,186,67165.0,-1810182.2,17685,67165,0.17359911111111118,0.17333333333333334
1-point crossover,42,187,67165.0,-1833665.76,17685,67165,0.17062577777777782,0.2466666666666667
1-point crossover,42,188,67165.0,-2321614.2333333334,17685,67165,0.17244088888888892,0.21999999999999997
1-point crossover,42,189,67165.0,-2371807.32,17685,67165,0.1738186666666668,0.18000000000000005
1-point crossover,42,190,67165.0,-3506847.7466666666,17685,67165,0.18267111111111112,0.29333333333333333
1-point crossover,42,191,67165.0,-2002500.82,17685,67165,0.1861013333333334,0.19333333333333336
1-point crossover,42,192,67165.0,-2365618.486666667,17685,67165,0.1835840000000001,0.18666666666666665
1-point crossover,42,193,67165.0,-2261287.76,17685,67165,0.19380177777777782,0.2466666666666667
1-point crossover,42,194,67165.0,-3665701.6,17685,67165,0.1879137777777778,0.2466666666666667
1-point crossover,42,195,67165.0,-1314573.1466666667,17685,67165,0.19039111111111107,0.15333333333333332
1-point crossover,42,196,67165.0,-2826676.7933333335,17685,67165,0.1888533333333334,0.21333333333333337
1-point crossover,42,197,67165.0,-2193252.0933333333,17685,67165,0.1956053333333333,0.17333333333333334
1-point crossover,42,198,67165.0,-3570302.3333333335,17685,67165,0.19911288888888895,0.2533333333333333
1-point crossover,42,199,67165.0,-2486696.58,17685,67165,0.20619200000000004,0.19333333333333336
1-point crossover,42,200,67165.0,-3483778.6066666665,17685,67165,0.20961955555555561,0.2533333333333333
1-point crossover,43,0,47659.0,-17477563.38,17673,47659,0.4971146666666663,0.4666666666666667
1-point crossover,43,1,48817.0,-4625215.4,16569,48817,0.490463111111111,0.23333333333333328
1-point crossover,43,2,52152.0,-2728568.7666666666,17364,52152,0.47881599999999996,0.21999999999999997
1-point crossover,43,3,53197.0,-2154249.3533333335,17319,53197,0.4682275555555554,0.1466666666666666
1-point crossover,43,4,54538.0,-2951984.5866666664,16236,54538,0.45280266666666663,0.19333333333333336
1-point crossover,43,5,55258.0,-2292239.6733333333,16566,55258,0.42850133333333346,0.18666666666666665
1-point crossover,43,6,56799.0,-3670034.1,16413,56799,0.4097644444444445,0.2733333333333333
1-point crossover,43,7,58280.0,-1821989.3866666667,17490,58280,0.39714844444444475,0.17333333333333334
1-point crossover,43,8,59024.0,-2777742.8333333335,17328,59024,0.38153600000000004,0.19999999999999996
1-point crossover,43,9,59024.0,-1967572.9066666667,17328,59024,0.3705582222222222,0.1266666666666667
1-point crossover,43,10,60093.0,-2238818.0933333333,16791,60093,0.35055288888888875,0.19999999999999996
1-point crossover,43,11,60423.0,-2276492.6533333333,17571,60423,0.33310755555555543,0.1466666666666666
1-point crossover,43,12,61651.0,-2551460.6466666665,17547,61651,0.30760533333333323,0.19333333333333336
1-point crossover,43,13,61651.0,-3524302.966666667,17547,61651,0.3009857777777778,0.21333333333333337
1-point crossover,43,14,61651.0,-2151138.7666666666,17547,61651,0.28747555555555554,0.16000000000000003
1-point crossover,43,15,63399.0,-3644555.546666667,16923,63399,0.2755511111111111,0.19999999999999996
1-point crossover,43,16,65087.0,-2023847.74,17529,65087,0.2651786666666666,0.16000000000000003
1-point crossover,43,17,65087.0,-2409060.28,17529,65087,0.25516533333333336,0.23333333333333328
1-point crossover,43,18,65087.0,-2172402.42,17529,65087,0.25240533333333326,0.15333333333333332
1-point crossover,43,19,65831.0,-1549187.5466666666,17367,65831,0.23656800000000008,0.15333333333333332
1-point crossover,43,20,65831.0,-3312298.7666666666,17367,65831,0.228712888888889,0.19999999999999996
1-point crossover,43,21,65831.0,-3095715.3266666667,17367,65831,0.21564266666666668,0.18000000000000005
1-point crossover,43,22,65831.0,-3003070.16,17367,65831,0.21230133333333331,0.24
1-point crossover,43,23,66392.0,-2477916.046666667,17184,66392,0.21214488888888888,0.17333333333333334
1-point crossover,43,24,66392.0,-1967386.5333333334,17184,66392,0.2097013333333334,0.18000000000000005
1-point crossover,43,25,66392.0,-2909919.3733333335,17184,66392,0.21963288888888877,0.23333333333333328
1-point crossover,43,26,66392.0,-1874934.3133333332,17184,66392,0.2175493333333334,0.16000000000000003
1-point crossover,43,27,66982.0,-1563279.8066666666,17664,66982,0.21395111111111118,0.16666666666666663
1-point crossover,43,28,66982.0,-3047966.0,17664,66982,0.20965244444444447,0.20666666666666667
1-point crossover,43,29,66982.0,-2365866.026666667,17664,66982,0.199824888888889,0.16666666666666663
1-point crossover,43,30,66982.0,-2578320.96,17664,66982,0.19428888888888896,0.24
1-point crossover,43,31,66982.0,-2145318.526666667,17664,66982,0.20219111111111115,0.21333333333333337
1-point crossover,43,32,66982.0,-2118608.8933333335,17664,66982,0.1850737777777779,0.21333333333333337
1-point crossover,43,33,66982.0,-1043031.8266666667,17664,66982,0.18221955555555558,0.1333333333333333
1-point crossover,43,34,66982.0,-2419917.2266666666,17664,66982,0.1871804444444444,0.21999999999999997
1-point crossover,43,35,66982.0,-4321021.22,17664,66982,0.18969333333333338,0.26
1-point crossover,43,36,66982.0,-2262312.7466666666,17664,66982,0.1897182222222223,0.19999999999999996
1-point crossover,43,37,66982.0,-2218796.38,17664,66982,0.18622044444444444,0.19333333333333336
1-point crossover,43,38,66982.0,-4448857.933333334,17664,66982,0.1902293333333334,0.30666666666666664
1-point crossover,43,39,66982.0,-2804487.36,17664,66982,0.1845022222222222,0.19333333333333336
1-point crossover,43,40,66982.0,-2345782.2066666665,17664,66982,0.17810222222222227,0.24
1-point crossover,43,41,66982.0,-3111457.2533333334,17664,66982,0.1888808888888889,0.22666666666666668
1-point crossover,43,42,66982.0,-2372184.3066666666,17664,66982,0.190232888888889,0.23333333333333328
1-point crossover,43,43,66982.0,-3093334.56,17664,66982,0.19096800000000003,0.24
1-point crossover,43,44,66982.0,-2500755.453333333,17664,66982,0.19339822222222225,0.16666666666666663
1-point crossover,43,45,66982.0,-2815098.6933333334,17664,66982,0.1955137777777777,0.19999999999999996
1-point crossover,43,46,66982.0,-2789053.526666667,17664,66982,0.19271911111111117,0.24
1-point crossover,43,47,66982.0,-2785865.526666667,17664,66982,0.18660977777777782,0.21999999999999997
1-point crossover,43,48,66982.0,-2404573.1466666665,17664,66982,0.1685626666666667,0.19999999999999996
1-point crossover,43,49,66982.0,-3237794.82,17664,66982,0.16568888888888886,0.26
1-point crossover,43,50,66982.0,-3486937.74,17664,66982,0.16790400000000003,0.30000000000000004
1-point crossover,43,51,66982.0,-2526330.94,17664,66982,0.17842488888888888,0.20666666666666667
1-point crossover,43,52,66982.0,-2088596.34,17664,66982,0.1758782222222223,0.15333333333333332
1-point crossover,43,53,66982.0,-2778989.88,17664,66982,0.16875555555555555,0.21999999999999997
1-point crossover,43,54,66982.0,-2826572.013333333,17664,66982,0.16894311111111115,0.20666666666666667
1-point crossover,43,55,66982.0,-2179256.6333333333,17664,66982,0.17525688888888888,0.19999999999999996
1-point crossover,43,56,66982.0,-2969532.033333333,17664,66982,0.1737093333333333,0.22666666666666668
1-point crossover,43,57,66982.0,-2142625.5733333332,17664,66982,0.17602400000000007,0.17333333333333334
1-point crossover,43,58,66982.0,-1687600.84,17664,66982,0.17423199999999997,0.16666666666666663
1-point crossover,43,59,66982.0,-3188253.9,17664,66982,0.1685155555555556,0.23333333333333328
1-point crossover,43,60,66982.0,-3470794.553333333,17664,66982,0.18561244444444452,0.21999999999999997
1-point crossover,43,61,66982.0,-3707624.26,17664,66982,0.19428000000000004,0.26
1-point crossover,43,62,66982.0,-1951972.64,17664,66982,0.1937777777777778,0.24
1-point crossover,43,63,66982.0,-3926599.513333333,17664,66982,0.19769066666666663,0.2533333333333333
1-point crossover,43,64,66982.0,-1615111.8466666667,17664,66982,0.19394133333333335,0.14
1-point crossover,43,65,67047.0,-2587524.946666667,17589,67047,0.1895706666666667,0.19999999999999996
1-point crossover,43,66,67047.0,-3788808.6066666665,17589,67047,0.19176977777777776,0.22666666666666668
1-point crossover,43,67,67047.0,-4267264.22,17589,67047,0.18633511111111103,0.31999999999999995
1-point crossover,43,68,67047.0,-2722195.3666666667,17589,67047,0.19568266666666673,0.16666666666666663
1-point crossover,43,69,67047.0,-2506555.1866666665,17589,67047,0.20283911111111108,0.22666666666666668
1-point crossover,43,70,67047.0,-2586962.3933333335,17589,67047,0.20654488888888894,0.21999999999999997
1-point crossover,43,71,67047.0,-2271888.3,17589,67047,0.21410577777777776,0.24
1-point crossover,43,72,67047.0,-2820033.2666666666,17589,67047,0.22241422222222218,0.23333333333333328
1-point crossover,43,73,67047.0,-2233067.493333333,17589,67047,0.21731111111111115,0.20666666666666667
1-point crossover,43,74,67047.0,-3157363.966666667,17589,67047,0.21317333333333333,0.2733333333333333
1-point crossover,43,75,67047.0,-1376819.8466666667,17589,67047,0.21560711111111128,0.19333333333333336
1-point crossover,43,76,67047.0,-1511351.52,17589,67047,0.21829688888888887,0.15333333333333332
1-point crossover,43,77,67047.0,-3566793.026666667,17589,67047,0.20799555555555554,0.2533333333333333
1-point crossover,43,78,67047.0,-2392011.14,17589,67047,0.2160675555555556,0.21333333333333337
1-point crossover,43,79,67047.0,-2378399.1533333333,17589,67047,0.19841244444444445,0.20666666666666667
1-point crossover,43,80,67047.0,-2052084.12,17589,67047,0.19016266666666667,0.18000000000000005
1-point crossover,43,81,67047.0,-2163355.8066666666,17589,67047,0.18876088888888898,0.18666666666666665
1-point crossover,43,82,67047.0,-3351478.4133333336,17589,67047,0.177720888888889,0.2666666666666667
1-point crossover,43,83,67165.0,-4356111.966666667,17685,67165,0.1884586666666667,0.2733333333333333
1-point crossover,43,84,67165.0,-2335909.44,17685,67165,0.18941600000000006,0.22666666666666668
1-point crossover,43,85,67165.0,-2728825.5733333332,17685,67165,0.1928506666666667,0.21999999999999997
1-point crossover,43,86,67165.0,-3332364.56,17685,67165,0.19246577777777774,0.26
1-point crossover,43,87,67165.0,-2233365.8666666667,17685,67165,0.18765422222222233,0.19333333333333336
1-point crossover,43,88,67165.0,-4140474.7333333334,17685,67165,0.1885253333333335,0.29333333333333333
1-point crossover,43,89,67165.0,-2026120.54,17685,67165,0.1915768888888889,0.16000000000000003
1-point crossover,43,90,67165.0,-3147814.046666667,17685,67165,0.18638488888888882,0.24
1-point crossover,43,91,67165.0,-2580302.8933333335,17685,67165,0.18176355555555557,0.21333333333333337
1-point crossover,43,92,67165.0,-2796348.6133333333,17685,67165,0.18641333333333335,0.2466666666666667
1-point crossover,43,93,67165.0,-3448494.8866666667,17685,67165,0.17676266666666668,0.2533333333333333
1-point crossover,43,94,67165.0,-3496326.9266666668,17685,67165,0.18291288888888893,0.18666666666666665
1-point crossover,43,95,67165.0,-1898032.2,17685,67165,0.18238488888888896,0.15333333333333332
1-point crossover,43,96,67165.0,-2824681.7533333334,17685,67165,0.1718817777777778,0.21333333333333337
1-point crossover,43,97,67165.0,-2282359.16,17685,67165,0.16509955555555555,0.22666666666666668
1-point crossover,43,98,67165.0,-1676194.16,17685,67165,0.15119555555555558,0.19333333333333336
1-point crossover,43,99,67165.0,-2099778.06,17685,67165,0.15418400000000002,0.18666666666666665
1-point crossover,43,100,67165.0,-2333783.4,17685,67165,0.1417013333333334,0.20666666666666667
1-point crossover,43,101,67165.0,-2824225.6933333334,17685,67165,0.14968177777777786,0.22666666666666668
1-point crossover,43,102,67165.0,-2508047.34,17685,67165,0.1569937777777778,0.21999999999999997
1-point crossover,43,103,67165.0,-3148006.42,17685,67165,0.15327022222222228,0.22666666666666668
1-point crossover,43,104,67165.0,-2207378.34,17685,67165,0.1540088888888889,0.21999999999999997
1-point crossover,43,105,67165.0,-3000162.16,17685,67165,0.16108622222222224,0.22666666666666668
1-point crossover,43,106,67165.0,-2131896.96,17685,67165,0.17294755555555558,0.16000000000000003
1-point crossover,43,107,67165.0,-2422053.52,17685,67165,0.1763315555555556,0.18000000000000005
1-point crossover,43,108,67165.0,-1909047.9866666666,17685,67165,0.17992977777777774,0.17333333333333334
1-point crossover,43,109,67165.0,-2054803.36,17685,67165,0.18394222222222223,0.16000000000000003
1-point crossover,43,110,67165.0,-2097679.18,17685,67165,0.1748595555555555,0.20666666666666667
1-point crossover,43,111,67165.0,-3304499.6066666665,17685,67165,0.16925422222222225,0.21999999999999997
1-point crossover,43,112,67165.0,-2494894.1866666665,17685,67165,0.16922755555555566,0.20666666666666667
1-point crossover,43,113,67165.0,-2576752.1266666665,17685,67165,0.16852355555555562,0.18666666666666665
1-point crossover,43,114,67165.0,-1837493.84,17685,67165,0.16420533333333334,0.16666666666666663
1-point crossover,43,115,67165.0,-2342866.52,17685,67165,0.17011022222222225,0.19999999999999996
1-point crossover,43,116,67165.0,-2344441.44,17685,67165,0.16452355555555556,0.20666666666666667
1-point crossover,43,117,67165.0,-1908344.5333333334,17685,67165,0.1679413333333334,0.18000000000000005
1-point crossover,43,118,67165.0,-2907677.3266666667,17685,67165,0.17904444444444448,0.22666666666666668
1-point crossover,43,119,67165.0,-2780996.06,17685,67165,0.1833146666666666,0.21333333333333337
1-point crossover,43,120,67165.0,-1874059.76,17685,67165,0.18130933333333335,0.19999999999999996
1-point crossover,43,121,67165.0,-2194836.48,17685,67165,0.1827013333333333,0.21999999999999997
1-point crossover,43,122,67165.0,-1456929.3066666666,17685,67165,0.17494577777777778,0.18666666666666665
1-point crossover,43,123,67165.0,-1996844.8266666667,17685,67165,0.17912711111111118,0.17333333333333334
1-point crossover,43,124,67165.0,-1483181.1933333334,17685,67165,0.17176,0.17333333333333334
1-point crossover,43,125,67165.0,-2473858.3466666667,17685,67165,0.16603644444444451,0.20666666666666667
1-point crossover,43,126,67165.0,-2956003.546666667,17685,67165,0.16531288888888895,0.24
1-point crossover,43,127,67165.0,-2151789.7133333334,17685,67165,0.16960088888888897,0.21999999999999997
1-point crossover,43,128,67165.0,-3384588.7666666666,17685,67165,0.17485155555555557,0.20666666666666667
1-point crossover,43,129,67165.0,-2302430.7866666666,17685,67165,0.17156711111111123,0.18666666666666665
1-point crossover,43,130,67165.0,-3005463.473333333,17685,67165,0.17452444444444445,0.21999999999999997
1-point crossover,43,131,67165.0,-2222361.566666667,17685,67165,0.17825600000000003,0.26
1-point crossover,43,132,67165.0,-2159939.453333333,17685,67165,0.185888,0.16000000000000003
1-point crossover,43,133,67165.0,-2675274.8266666667,17685,67165,0.17325600000000002,0.22666666666666668
1-point crossover,43,134,67165.0,-2120828.6133333333,17685,67165,0.15704444444444446,0.19999999999999996
1-point crossover,43,135,67165.0,-3100919.3466666667,17685,67165,0.16448622222222226,0.2533333333333333
1-point crossover,43,136,67165.0,-2618483.6066666665,17685,67165,0.1642186666666667,0.2466666666666667
1-point crossover,43,137,67165.0,-2588970.8,17685,67165,0.17329333333333338,0.22666666666666668
1-point crossover,43,138,67165.0,-2241116.946666667,17685,67165,0.17428711111111117,0.19999999999999996
1-point crossover,43,139,67165.0,-1915797.44,17685,67165,0.17854133333333344,0.17333333333333334
1-point crossover,43,140,67165.0,-2261075.82,17685,67165,0.17896088888888886,0.20666666666666667
1-point crossover,43,141,67165.0,-2011807.26,17685,67165,0.18824266666666672,0.19999999999999996
1-point crossover,43,142,67165.0,-2756157.62,17685,67165,0.1867182222222223,0.19333333333333336
1-point crossover,43,143,67165.0,-2335474.7866666666,17685,67165,0.1789608888888889,0.23333333333333328
1-point crossover,43,144,67165.0,-2833776.1066666665,17685,67165,0.18339466666666673,0.22666666666666668
1-point crossover,43,145,67165.0,-3126099.6733333333,17685,67165,0.1854017777777778,0.23333333333333328
1-point crossover,43,146,67165.0,-1698346.86,17685,67165,0.17635911111111116,0.16666666666666663
1-point crossover,43,147,67165.0,-1955809.9266666668,17685,67165,0.16580000000000006,0.16000000000000003
1-point crossover,43,148,67165.0,-2083041.9933333334,17685,67165,0.16994755555555563,0.17333333333333334
1-point crossover,43,149,67165.0,-2154178.566666667,17685,67165,0.16868266666666673,0.18000000000000005
1-point crossover,43,150,67165.0,-1528854.8933333333,17685,67165,0.17561244444444443,0.16000000000000003
1-point crossover,43,151,67165.0,-1931760.28,17685,67165,0.17861600000000005,0.18666666666666665
1-point crossover,43,152,67165.0,-2704081.16,17685,67165,0.17539644444444444,0.22666666666666668
1-point crossover,43,153,67165.0,-2567660.1333333333,17685,67165,0.18114666666666665,0.19333333333333336
1-point crossover,43,154,67165.0,-2156252.3466666667,17685,67165,0.1859297777777778,0.18000000000000005
1-point crossover,43,155,67165.0,-3641321.466666667,17685,67165,0.19339555555555557,0.22666666666666668
1-point crossover,43,156,67165.0,-3261637.3866666667,17685,67165,0.19844266666666677,0.2533333333333333
1-point crossover,43,157,67165.0,-3080125.493333333,17685,67165,0.20398577777777788,0.19333333333333336
1-point crossover,43,158,67165.0,-2703259.7933333335,17685,67165,0.1928080000000001,0.21333333333333337
1-point crossover,43,159,67165.0,-3178338.946666667,17685,67165,0.2084417777777778,0.21333333333333337
1-point crossover,43,160,67165.0,-1906199.4,17685,67165,0.19852799999999993,0.21333333333333337
1-point crossover,43,161,67165.0,-2367608.1866666665,17685,67165,0.20047733333333348,0.21999999999999997
1-point crossover,43,162,67165.0,-1996972.8266666667,17685,67165,0.21092800000000003,0.16000000000000003
1-point crossover,43,163,67165.0,-4146482.72,17685,67165,0.21023733333333333,0.2666666666666667
1-point crossover,43,164,67165.0,-2168225.4266666668,17685,67165,0.20186400000000007,0.15333333333333332
1-point crossover,43,165,67165.0,-2700780.6933333334,17685,67165,0.1808657777777778,0.19999999999999996
1-point crossover,43,166,67165.0,-2667890.4,17685,67165,0.1656746666666667,0.21999999999999997
1-point crossover,43,167,67165.0,-3134864.72,17685,67165,0.16742044444444446,0.28
1-point crossover,43,168,67165.0,-2615178.98,17685,67165,0.1693777777777778,0.23333333333333328
1-point crossover,43,169,67165.0,-3730567.3666666667,17685,67165,0.17402666666666672,0.2866666666666666
1-point crossover,43,170,67165.0,-2228460.94,17685,67165,0.18168266666666671,0.2533333333333333
1-point crossover,43,171,67165.0,-2287885.36,17685,67165,0.1880568888888889,0.22666666666666668
1-point crossover,43,172,67165.0,-2948045.62,17685,67165,0.19003555555555554,0.23333333333333328
1-point crossover,43,173,67165.0,-2440127.0866666664,17685,67165,0.19008088888888888,0.20666666666666667
1-point crossover,43,174,67165.0,-3131287.066666667,17685,67165,0.18789777777777783,0.21999999999999997
1-point crossover,43,175,67165.0,-1227671.78,17685,67165,0.1836755555555555,0.15333333333333332
1-point crossover,43,176,67165.0,-2374112.8066666666,17685,67165,0.17056800000000003,0.20666666666666667
1-point crossover,43,177,67165.0,-3170632.9066666667,17685,67165,0.16518488888888888,0.28
1-point crossover,43,178,67165.0,-3199147.98,17685,67165,0.16254044444444446,0.2466666666666667
1-point crossover,43,179,67165.0,-2644984.526666667,17685,67165,0.15890133333333334,0.26
1-point crossover,43,180,67165.0,-2653715.0933333333,17685,67165,0.156672,0.22666666666666668
1-point crossover,43,181,67165.0,-2315453.8933333335,17685,67165,0.16713422222222227,0.23333333333333328
1-point crossover,43,182,67165.0,-2296586.6733333333,17685,67165,0.16155288888888894,0.2666666666666667
1-point crossover,43,183,67165.0,-2865042.58,17685,67165,0.17941955555555555,0.21999999999999997
1-point crossover,43,184,67165.0,-3505472.36,17685,67165,0.18384533333333344,0.24
1-point crossover,43,185,67165.0,-3037328.98,17685,67165,0.1792311111111112,0.20666666666666667
1-point crossover,43,186,67165.0,-2897301.64,17685,67165,0.1822888888888889,0.23333333333333328
1-point crossover,43,187,67165.0,-2162580.0,17685,67165,0.17778577777777776,0.19333333333333336
1-point crossover,43,188,67165.0,-3426895.8666666667,17685,67165,0.16769866666666672,0.28
1-point crossover,43,189,67165.0,-3053236.8,17685,67165,0.17851377777777785,0.2733333333333333
1-point crossover,43,190,67165.0,-1929662.2466666666,17685,67165,0.1777146666666667,0.21999999999999997
1-point crossover,43,191,67165.0,-2130279.1333333333,17685,67165,0.17645600000000006,0.21333333333333337
1-point crossover,43,192,67165.0,-2946976.0866666664,17685,67165,0.1774373333333334,0.22666666666666668
1-point crossover,43,193,67165.0,-4037139.953333333,17685,67165,0.17877511111111116,0.2733333333333333
1-point crossover,43,194,67165.0,-2620489.7733333334,17685,67165,0.17895644444444442,0.20666666666666667
1-point crossover,43,195,67165.0,-2611979.3666666667,17685,67165,0.18212888888888887,0.23333333333333328
1-point crossover,43,196,67165.0,-2594928.1266666665,17685,67165,0.17937600000000004,0.19333333333333336
1-point crossover,43,197,67165.0,-1800391.44,17685,67165,0.17840177777777783,0.18666666666666665
1-point crossover,43,198,67165.0,-3319124.3866666667,17685,67165,0.18176622222222225,0.26
1-point crossover,43,199,67165.0,-2416876.66,17685,67165,0.18002755555555552,0.21999999999999997
1-point crossover,43,200,67165.0,-3776408.8933333335,17685,67165,0.18311022222222223,0.2733333333333333
1-point crossover,44,0,51993.0,-14890690.52,16851,51993,0.4965537777777776,0.4866666666666667
1-point crossover,44,1,52140.0,-2552213.013333333,17610,52140,0.4871937777777777,0.19333333333333336
1-point crossover,44,2,53387.0,-2645000.933333333,15939,53387,0.47357422222222234,0.16000000000000003
1-point crossover,44,3,54331.0,-2528951.946666667,16707,54331,0.4470364444444444,0.17333333333333334
1-point crossover,44,4,55364.0,-2259547.3133333335,16908,55364,0.4340835555555556,0.16666666666666663
1-point crossover,44,5,56108.0,-3150930.2666666666,16746,56108,0.41473155555555563,0.19333333333333336
1-point crossover,44,6,56421.0,-1948675.9533333334,16617,56421,0.40574844444444436,0.1266666666666667
1-point crossover,44,7,58776.0,-2121750.493333333,17382,58776,0.3875146666666665,0.15333333333333332
1-point crossover,44,8,59012.0,-1629271.9266666668,17574,59012,0.3609564444444445,0.12
1-point crossover,44,9,59012.0,-2533720.96,17574,59012,0.3556355555555556,0.15333333333333332
1-point crossover,44,10,59142.0,-2659915.053333333,17424,59142,0.3405048888888889,0.19999999999999996
1-point crossover,44,11,60158.0,-2113556.16,16716,60158,0.3305377777777778,0.15333333333333332
1-point crossover,44,12,61403.0,-1791751.5133333334,17601,61403,0.32443555555555553,0.1266666666666667
1-point crossover,44,13,62383.0,-3540722.553333333,17631,62383,0.3122346666666667,0.21999999999999997
1-point crossover,44,14,62383.0,-1447680.3266666667,17631,62383,0.2996746666666667,0.15333333333333332
1-point crossover,44,15,62383.0,-3796974.3666666667,17631,62383,0.2877342222222223,0.28
1-point crossover,44,16,62566.0,-2878990.6066666665,17652,62566,0.28067733333333317,0.21333333333333337
1-point crossover,44,17,62566.0,-2314509.52,17652,62566,0.2740382222222221,0.22666666666666668
1-point crossover,44,18,63322.0,-2755396.1066666665,17244,63322,0.2687964444444444,0.21333333333333337
1-point crossover,44,19,63363.0,-2634872.3,17661,63363,0.2696044444444444,0.2733333333333333
1-point crossover,44,20,63363.0,-4073140.033333333,17661,63363,0.26570311111111095,0.2733333333333333
1-point crossover,44,21,63363.0,-2369556.62,17661,63363,0.2621866666666668,0.19333333333333336
1-point crossover,44,22,63363.0,-2339670.1,17661,63363,0.2624551111111111,0.16666666666666663
1-point crossover,44,23,64107.0,-2420231.3133333335,17499,64107,0.25502311111111114,0.20666666666666667
1-point crossover,44,24,64107.0,-1692453.86,17499,64107,0.23973955555555557,0.15333333333333332
1-point crossover,44,25,64160.0,-2258859.14,17670,64160,0.23916533333333334,0.21333333333333337
1-point crossover,44,26,64160.0,-1589995.7533333334,17670,64160,0.23188799999999998,0.18666666666666665
1-point crossover,44,27,64302.0,-2238660.2133333334,17274,64302,0.22658311111111118,0.1466666666666666
1-point crossover,44,28,64367.0,-2043563.64,17199,64367,0.22241600000000006,0.19999999999999996
1-point crossover,44,29,65164.0,-2549388.9066666667,17208,65164,0.22530400000000003,0.19333333333333336
1-point crossover,44,30,65164.0,-2659926.14,17208,65164,0.2293297777777778,0.23333333333333328
1-point crossover,44,31,65335.0,-2291733.6266666665,17475,65335,0.23327999999999996,0.15333333333333332
1-point crossover,44,32,65335.0,-2937577.94,17475,65335,0.24162133333333322,0.2466666666666667
1-point crossover,44,33,65335.0,-2441184.526666667,17475,65335,0.23552266666666666,0.23333333333333328
1-point crossover,44,34,65335.0,-3022514.36,17475,65335,0.23787377777777782,0.21999999999999997
1-point crossover,44,35,65335.0,-2230309.2733333334,17475,65335,0.24258311111111108,0.20666666666666667
1-point crossover,44,36,65400.0,-1203700.8933333333,17400,65400,0.24829155555555554,0.14
1-point crossover,44,37,65400.0,-3139262.3866666667,17400,65400,0.24778133333333327,0.21999999999999997
1-point crossover,44,38,65400.0,-3257752.9266666668,17400,65400,0.24504977777777776,0.24
1-point crossover,44,39,65766.0,-2351817.1266666665,17442,65766,0.24428533333333335,0.20666666666666667
1-point crossover,44,40,66002.0,-2295165.8733333335,17634,66002,0.24695555555555557,0.2533333333333333
1-point crossover,44,41,66002.0,-2232265.22,17634,66002,0.25315466666666675,0.19333333333333336
1-point crossover,44,42,66002.0,-2732204.78,17634,66002,0.252104888888889,0.19333333333333336
1-point crossover,44,43,66132.0,-2571043.56,17484,66132,0.2541697777777779,0.20666666666666667
1-point crossover,44,44,66132.0,-2631157.553333333,17484,66132,0.253456888888889,0.21999999999999997
1-point crossover,44,45,66132.0,-3202483.18,17484,66132,0.24060977777777773,0.20666666666666667
1-point crossover,44,46,66132.0,-2611390.493333333,17484,66132,0.23947733333333324,0.2733333333333333
1-point crossover,44,47,66197.0,-4407269.886666667,17409,66197,0.23187288888888888,0.26
1-point crossover,44,48,66315.0,-2434383.5,17505,66315,0.23558577777777778,0.20666666666666667
1-point crossover,44,49,66315.0,-2618922.0733333332,17505,66315,0.24395911111111115,0.2466666666666667
1-point crossover,44,50,66315.0,-3245549.58,17505,66315,0.2507057777777778,0.2466666666666667
1-point crossover,44,51,66315.0,-2342119.6133333333,17505,66315,0.2477075555555555,0.19333333333333336
1-point crossover,44,52,66315.0,-3217272.953333333,17505,66315,0.2551262222222221,0.23333333333333328
1-point crossover,44,53,66315.0,-2508854.8666666667,17505,66315,0.2439546666666666,0.18000000000000005
1-point crossover,44,54,66315.0,-1829090.6733333333,17505,66315,0.24671466666666667,0.22666666666666668
1-point crossover,44,55,66315.0,-2734077.18,17505,66315,0.24823377777777764,0.19999999999999996
1-point crossover,44,56,66433.0,-4040105.52,17601,66433,0.23424622222222224,0.24
1-point crossover,44,57,66628.0,-2749407.0933333333,17376,66628,0.21805955555555553,0.18000000000000005
1-point crossover,44,58,66628.0,-3214415.6666666665,17376,66628,0.21273066666666665,0.23333333333333328
1-point crossover,44,59,66628.0,-2407522.2266666666,17376,66628,0.21869066666666662,0.20666666666666667
1-point crossover,44,60,66628.0,-3279545.013333333,17376,66628,0.21416800000000005,0.20666666666666667
1-point crossover,44,61,66746.0,-2223949.533333333,17472,66746,0.20601244444444455,0.19333333333333336
1-point crossover,44,62,66746.0,-3131066.486666667,17472,66746,0.2090293333333334,0.2466666666666667
1-point crossover,44,63,66746.0,-2959091.3733333335,17472,66746,0.21779733333333326,0.23333333333333328
1-point crossover,44,64,66746.0,-3142604.2466666666,17472,66746,0.2231182222222223,0.2466666666666667
1-point crossover,44,65,66746.0,-1915889.2266666666,17472,66746,0.22782844444444442,0.23333333333333328
1-point crossover,44,66,66746.0,-1854565.58,17472,66746,0.22771022222222229,0.18666666666666665
1-point crossover,44,67,66982.0,-1876360.0066666666,17664,66982,0.2225484444444444,0.15333333333333332
1-point crossover,44,68,66982.0,-2953062.2466666666,17664,66982,0.21789422222222213,0.22666666666666668
1-point crossover,44,69,66982.0,-2822306.96,17664,66982,0.21086222222222223,0.20666666666666667
1-point crossover,44,70,66982.0,-2780367.3733333335,17664,66982,0.2115084444444444,0.21333333333333337
1-point crossover,44,71,66982.0,-2048829.7733333334,17664,66982,0.2088906666666666,0.24
1-point crossover,44,72,66982.0,-3583179.433333333,17664,66982,0.22558666666666652,0.2533333333333333
1-point crossover,44,73,66982.0,-3201233.14,17664,66982,0.22680888888888895,0.21999999999999997
1-point crossover,44,74,66982.0,-2267465.7466666666,17664,66982,0.22359377777777772,0.23333333333333328
1-point crossover,44,75,66982.0,-3195339.8466666667,17664,66982,0.2172479999999999,0.2533333333333333
1-point crossover,44,76,66982.0,-2799912.6133333333,17664,66982,0.21222666666666667,0.24
1-point crossover,44,77,66982.0,-3903646.473333333,17664,66982,0.21736622222222227,0.23333333333333328
1-point crossover,44,78,66982.0,-2278546.8666666667,17664,66982,0.22506933333333345,0.19333333333333336
1-point crossover,44,79,66982.0,-2175158.8333333335,17664,66982,0.2286897777777778,0.19333333333333336
1-point crossover,44,80,66982.0,-3409662.62,17664,66982,0.22650933333333345,0.20666666666666667
1-point crossover,44,81,66982.0,-3001024.6,17664,66982,0.21924088888888882,0.26
1-point crossover,44,82,66982.0,-1199045.7866666666,17664,66982,0.21950577777777786,0.1333333333333333
1-point crossover,44,83,66982.0,-1816023.9533333334,17664,66982,0.20330133333333336,0.20666666666666667
1-point crossover,44,84,66982.0,-3515809.66,17664,66982,0.2122151111111111,0.2866666666666666
1-point crossover,44,85,66982.0,-1523400.5466666666,17664,66982,0.20998044444444453,0.15333333333333332
1-point crossover,44,86,66982.0,-3051467.493333333,17664,66982,0.20553333333333346,0.21999999999999997
1-point crossover,44,87,66982.0,-1710141.2733333334,17664,66982,0.19650844444444449,0.16000000000000003
1-point crossover,44,88,66982.0,-4035558.2733333334,17664,66982,0.19026133333333334,0.2666666666666667
1-point crossover,44,89,66982.0,-1416449.7066666668,17664,66982,0.18711111111111114,0.15333333333333332
1-point crossover,44,90,66982.0,-3140828.433333333,17664,66982,0.19510577777777782,0.23333333333333328
1-point crossover,44,91,66982.0,-3033578.78,17664,66982,0.1900924444444445,0.24
1-point crossover,44,92,66982.0,-2699414.1866666665,17664,66982,0.1794328888888889,0.21999999999999997
1-point crossover,44,93,66982.0,-4025629.16,17664,66982,0.1689537777777778,0.29333333333333333
1-point crossover,44,94,66982.0,-3429597.526666667,17664,66982,0.17207999999999998,0.20666666666666667
1-point crossover,44,95,66982.0,-2930959.3933333335,17664,66982,0.16412622222222226,0.2466666666666667
1-point crossover,44,96,66982.0,-2960304.553333333,17664,66982,0.16618311111111111,0.21999999999999997
1-point crossover,44,97,66982.0,-2788157.0733333332,17664,66982,0.16826400000000008,0.19999999999999996
1-point crossover,44,98,66982.0,-2922430.466666667,17664,66982,0.16899288888888894,0.21999999999999997
1-point crossover,44,99,66982.0,-2012187.46,17664,66982,0.1770133333333333,0.18000000000000005
1-point crossover,44,100,66982.0,-2970203.36,17664,66982,0.17033511111111113,0.2666666666666667
1-point crossover,44,101,66982.0,-2876099.7466666666,17664,66982,0.16998133333333335,0.23333333333333328
1-point crossover,44,102,66982.0,-2555347.08,17664,66982,0.17855288888888896,0.19999999999999996
1-point crossover,44,103,66982.0,-2760518.526666667,17664,66982,0.1826684444444445,0.19333333333333336
1-point crossover,44,104,66982.0,-2714500.066666667,17664,66982,0.18308088888888882,0.1466666666666666
1-point crossover,44,105,66982.0,-1586219.1533333333,17664,66982,0.18508711111111112,0.18666666666666665
1-point crossover,44,106,66982.0,-1726457.9466666668,17664,66982,0.18344266666666667,0.17333333333333334
1-point crossover,44,107,66982.0,-3829136.62,17664,66982,0.18238222222222222,0.30666666666666664
1-point crossover,44,108,66982.0,-3574716.7533333334,17664,66982,0.17736533333333335,0.24
1-point crossover,44,109,66982.0,-3562548.3066666666,17664,66982,0.17809777777777774,0.2733333333333333
1-point crossover,44,110,66982.0,-2515744.5733333332,17664,66982,0.1743768888888889,0.24
1-point crossover,44,111,66982.0,-2553140.013333333,17664,66982,0.17471644444444442,0.21333333333333337
1-point crossover,44,112,66982.0,-2137407.76,17664,66982,0.16479200000000002,0.22666666666666668
1-point crossover,44,113,66982.0,-2831843.7333333334,17664,66982,0.16800444444444448,0.21333333333333337
1-point crossover,44,114,66982.0,-2748433.1133333333,17664,66982,0.1588275555555556,0.2466666666666667
1-point crossover,44,115,66982.0,-4005812.42,17664,66982,0.16236800000000007,0.2666666666666667
1-point crossover,44,116,66982.0,-2071626.4666666666,17664,66982,0.16199466666666665,0.16000000000000003
1-point crossover,44,117,66982.0,-1839088.7866666666,17664,66982,0.1736657777777778,0.18000000000000005
1-point crossover,44,118,66982.0,-2651732.2466666666,17664,66982,0.17949511111111122,0.22666666666666668
1-point crossover,44,119,66982.0,-2817561.4133333336,17664,66982,0.18720533333333328,0.2533333333333333
1-point crossover,44,120,66982.0,-2573229.84,17664,66982,0.19125600000000012,0.16666666666666663
1-point crossover,44,121,66982.0,-3220154.3066666666,17664,66982,0.19477688888888894,0.19999999999999996
1-point crossover,44,122,66982.0,-2359405.3733333335,17664,66982,0.1944648888888889,0.19999999999999996
1-point crossover,44,123,66982.0,-1787682.02,17664,66982,0.19046222222222237,0.14
1-point crossover,44,124,66982.0,-2869076.5866666664,17664,66982,0.17875288888888888,0.2533333333333333
1-point crossover,44,125,66982.0,-2309651.6666666665,17664,66982,0.1790026666666667,0.18000000000000005
1-point crossover,44,126,66982.0,-2371378.0933333333,17664,66982,0.17795911111111118,0.19333333333333336
1-point crossover,44,127,66982.0,-3708241.06,17664,66982,0.1718275555555556,0.2466666666666667
1-point crossover,44,128,66982.0,-2562538.3466666667,17664,66982,0.17388533333333342,0.21999999999999997
1-point crossover,44,129,66982.0,-2229084.953333333,17664,66982,0.18037511111111115,0.16666666666666663
1-point crossover,44,130,66982.0,-3123323.82,17664,66982,0.17761777777777785,0.24
1-point crossover,44,131,66982.0,-2831295.4133333336,17664,66982,0.17939288888888888,0.21999999999999997
1-point crossover,44,132,66982.0,-2679219.06,17664,66982,0.17674577777777778,0.2533333333333333
1-point crossover,44,133,66982.0,-2905058.3533333335,17664,66982,0.17503644444444444,0.2466666666666667
1-point crossover,44,134,66982.0,-1480288.3533333333,17664,66982,0.17014222222222228,0.16000000000000003
1-point crossover,44,135,66982.0,-1286988.3666666667,17664,66982,0.1688622222222222,0.15333333333333332
1-point crossover,44,136,66982.0,-3124634.1266666665,17664,66982,0.17124533333333342,0.22666666666666668
1-point crossover,44,137,66982.0,-3073676.16,17664,66982,0.16630844444444448,0.23333333333333328
1-point crossover,44,138,66982.0,-2896135.8666666667,17664,66982,0.17260177777777777,0.21333333333333337
1-point crossover,44,139,66982.0,-1633751.8066666666,17664,66982,0.17802044444444445,0.19333333333333336
1-point crossover,44,140,66982.0,-1902565.9666666666,17664,66982,0.18979199999999996,0.21999999999999997
1-point crossover,44,141,66982.0,-2055250.0866666667,17664,66982,0.19514044444444445,0.15333333333333332
1-point crossover,44,142,66982.0,-3264799.0733333332,17664,66982,0.1954462222222222,0.2466666666666667
1-point crossover,44,143,66982.0,-3759475.1533333333,17664,66982,0.19031733333333334,0.30000000000000004
1-point crossover,44,144,66982.0,-2198460.2533333334,17664,66982,0.19230222222222224,0.19333333333333336
1-point crossover,44,145,66982.0,-3756854.446666667,17664,66982,0.1854488888888889,0.28
1-point crossover,44,146,66982.0,-4023706.2466666666,17664,66982,0.18890666666666672,0.30000000000000004
1-point crossover,44,147,66982.0,-2330293.6333333333,17664,66982,0.18385777777777781,0.16666666666666663
1-point crossover,44,148,66982.0,-1870845.22,17664,66982,0.17439822222222218,0.17333333333333334
1-point crossover,44,149,66982.0,-3372826.3666666667,17664,66982,0.1667875555555557,0.2533333333333333
1-point crossover,44,150,66982.0,-2740190.9,17664,66982,0.1692551111111111,0.18666666666666665
1-point crossover,44,151,66982.0,-2083209.6866666668,17664,66982,0.17893955555555568,0.22666666666666668
1-point crossover,44,152,66982.0,-2251016.506666667,17664,66982,0.17300444444444452,0.2466666666666667
1-point crossover,44,153,66982.0,-2381639.32,17664,66982,0.18412266666666663,0.18000000000000005
1-point crossover,44,154,66982.0,-3234847.2,17664,66982,0.17868888888888898,0.2666666666666667
1-point crossover,44,155,66982.0,-2393310.48,17664,66982,0.19062755555555566,0.16666666666666663
1-point crossover,44,156,66982.0,-2679629.1533333333,17664,66982,0.18457244444444446,0.17333333333333334
1-point crossover,44,157,66982.0,-3082970.993333333,17664,66982,0.18412799999999996,0.26
1-point crossover,44,158,66982.0,-3128260.12,17664,66982,0.19241333333333338,0.2733333333333333
1-point crossover,44,159,66982.0,-3088105.4133333336,17664,66982,0.20077066666666668,0.23333333333333328
1-point crossover,44,160,66982.0,-2761256.28,17664,66982,0.1850231111111112,0.19333333333333336
1-point crossover,44,161,66982.0,-2070576.2,17664,66982,0.18683911111111115,0.19999999999999996
1-point crossover,44,162,66982.0,-3147563.34,17664,66982,0.19492888888888896,0.2466666666666667
1-point crossover,44,163,66982.0,-2200736.86,17664,66982,0.1875431111111111,0.19999999999999996
1-point crossover,44,164,66982.0,-3977738.473333333,17664,66982,0.1837395555555556,0.2533333333333333
1-point crossover,44,165,66982.0,-2950695.3,17664,66982,0.1825893333333334,0.23333333333333328
1-point crossover,44,166,66982.0,-3103668.6733333333,17664,66982,0.17895200000000003,0.21999999999999997
1-point crossover,44,167,66982.0,-2659633.1333333333,17664,66982,0.19261155555555554,0.21333333333333337
1-point crossover,44,168,66982.0,-2450096.4066666667,17664,66982,0.19093244444444452,0.20666666666666667
1-point crossover,44,169,66982.0,-4317288.633333334,17664,66982,0.184408,0.32666666666666666
1-point crossover,44,170,66982.0,-2424104.94,17664,66982,0.19084800000000002,0.18000000000000005
1-point crossover,44,171,66982.0,-1826481.14,17664,66982,0.19008444444444442,0.17333333333333334
1-point crossover,44,172,66982.0,-4284163.773333333,17664,66982,0.18605422222222223,0.2733333333333333
1-point crossover,44,173,66982.0,-2083029.6066666667,17664,66982,0.18201866666666663,0.16666666666666663
1-point crossover,44,174,66982.0,-1869107.66,17664,66982,0.16991288888888892,0.20666666666666667
1-point crossover,44,175,66982.0,-1379624.34,17664,66982,0.16611466666666672,0.14
1-point crossover,44,176,66982.0,-2771896.54,17664,66982,0.1594248888888889,0.18000000000000005
1-point crossover,44,177,66982.0,-2248191.7,17664,66982,0.16649600000000003,0.19333333333333336
1-point crossover,44,178,66982.0,-1853096.2333333334,17664,66982,0.1826835555555556,0.20666666666666667
1-point crossover,44,179,66982.0,-2379674.033333333,17664,66982,0.1770302222222223,0.21333333333333337
1-point crossover,44,180,66982.0,-1926643.7933333332,17664,66982,0.18728266666666665,0.21999999999999997
1-point crossover,44,181,66982.0,-2908096.1266666665,17664,66982,0.178384888888889,0.2533333333333333
1-point crossover,44,182,66982.0,-2280928.8666666667,17664,66982,0.18423999999999996,0.23333333333333328
1-point crossover,44,183,66982.0,-3470126.053333333,17664,66982,0.18200711111111112,0.28
1-point crossover,44,184,66982.0,-2380188.22,17664,66982,0.17581777777777777,0.2533333333333333
1-point crossover,44,185,66982.0,-2704335.44,17664,66982,0.17471644444444454,0.21999999999999997
1-point crossover,44,186,66982.0,-2112959.6,17664,66982,0.16961511111111116,0.22666666666666668
1-point crossover,44,187,66982.0,-2165614.48,17664,66982,0.16946844444444442,0.18666666666666665
1-point crossover,44,188,66982.0,-3007134.1,17664,66982,0.17792088888888888,0.20666666666666667
1-point crossover,44,189,66982.0,-3436557.453333333,17664,66982,0.1740062222222222,0.2466666666666667
1-point crossover,44,190,66982.0,-2721742.5866666664,17664,66982,0.18137422222222224,0.2533333333333333
1-point crossover,44,191,66982.0,-2589313.8733333335,17664,66982,0.1928577777777777,0.22666666666666668
1-point crossover,44,192,66982.0,-2688001.473333333,17664,66982,0.1830817777777779,0.17333333333333334
1-point crossover,44,193,66982.0,-2555548.4066666667,17664,66982,0.18393688888888896,0.21999999999999997
1-point crossover,44,194,66982.0,-3037866.7333333334,17664,66982,0.1761626666666667,0.24
1-point crossover,44,195,66982.0,-4390296.54,17664,66982,0.17592977777777785,0.31333333333333335
1-point crossover,44,196,66982.0,-4140941.66,17664,66982,0.18402488888888896,0.31333333333333335
1-point crossover,44,197,66982.0,-1831304.9,17664,66982,0.18324266666666678,0.20666666666666667
1-point crossover,44,198,66982.0,-2652618.34,17664,66982,0.17145955555555556,0.23333333333333328
1-point crossover,44,199,66982.0,-2988793.1,17664,66982,0.1749644444444445,0.21999999999999997
1-point crossover,44,200,66982.0,-2185330.6733333333,17664,66982,0.1689102222222222,0.19333333333333336
1-point crossover,45,0,51191.0,-22634740.36,15687,51191,0.49700977777777744,0.5933333333333333
1-point crossover,45,1,52949.0,-7519560.373333333,17373,52949,0.49178222222222223,0.31333333333333335
1-point crossover,45,2,54059.0,-2183394.8866666667,17253,54059,0.48064088888888884,0.16000000000000003
1-point crossover,45,3,54661.0,-1139635.34,17487,54661,0.463936,0.10666666666666669
1-point crossover,45,4,56922.0,-2830950.7866666666,17664,56922,0.4325324444444445,0.16000000000000003
1-point crossover,45,5,56922.0,-2953875.8266666667,17664,56922,0.4010026666666666,0.18666666666666665
1-point crossover,45,6,59390.0,-3395856.56,17370,59390,0.3860746666666666,0.22666666666666668
1-point crossover,45,7,59508.0,-2806181.12,17466,59508,0.3714337777777779,0.18666666666666665
1-point crossover,45,8,60105.0,-2406526.86,16545,60105,0.3633297777777777,0.19333333333333336
1-point crossover,45,9,60341.0,-2186376.7066666665,16737,60341,0.346703111111111,0.17333333333333334
1-point crossover,45,10,61256.0,-2837900.5,16842,61256,0.3348906666666665,0.18000000000000005
1-point crossover,45,11,61321.0,-1643858.4066666667,16767,61321,0.31611200000000006,0.15333333333333332
1-point crossover,45,12,62147.0,-1980185.6,17439,62147,0.3037537777777778,0.23333333333333328
1-point crossover,45,13,62383.0,-1903908.4133333333,17631,62383,0.26647466666666675,0.18000000000000005
1-point crossover,45,14,62566.0,-2521873.8933333335,17652,62566,0.24858044444444446,0.20666666666666667
1-point crossover,45,15,62956.0,-1922207.52,17202,62956,0.2519537777777778,0.20666666666666667
1-point crossover,45,16,64957.0,-2065961.1333333333,17679,64957,0.23463733333333334,0.16666666666666663
1-point crossover,45,17,64957.0,-2050524.0266666666,17679,64957,0.2306097777777779,0.20666666666666667
1-point crossover,45,18,64957.0,-3008162.26,17679,64957,0.2413422222222222,0.22666666666666668
1-point crossover,45,19,64957.0,-3240206.026666667,17679,64957,0.24415822222222225,0.23333333333333328
1-point crossover,45,20,64957.0,-2120789.36,17679,64957,0.24817600000000004,0.19333333333333336
1-point crossover,45,21,64957.0,-3421205.88,17679,64957,0.254247111111111,0.24
1-point crossover,45,22,64957.0,-2897532.12,17679,64957,0.2529288888888889,0.23333333333333328
1-point crossover,45,23,65164.0,-2079188.0733333332,17208,65164,0.2573360000000001,0.16666666666666663
1-point crossover,45,24,65453.0,-2917749.3133333335,17571,65453,0.2428737777777778,0.26
1-point crossover,45,25,65453.0,-3190635.3133333335,17571,65453,0.23442044444444446,0.18000000000000005
1-point crossover,45,26,65453.0,-1716138.3933333333,17571,65453,0.23195288888888885,0.19333333333333336
1-point crossover,45,27,65453.0,-2103946.1133333333,17571,65453,0.23045511111111117,0.18666666666666665
1-point crossover,45,28,65701.0,-2467841.94,17517,65701,0.22053866666666663,0.20666666666666667
1-point crossover,45,29,65701.0,-2398295.553333333,17517,65701,0.22255644444444445,0.18666666666666665
1-point crossover,45,30,65701.0,-3284192.553333333,17517,65701,0.2191715555555556,0.21999999999999997
1-point crossover,45,31,65701.0,-2947519.6933333334,17517,65701,0.2154773333333334,0.24
1-point crossover,45,32,66368.0,-1348754.3866666667,17676,66368,0.20953600000000006,0.1333333333333333
1-point crossover,45,33,66368.0,-2681533.0933333333,17676,66368,0.20592799999999997,0.2666666666666667
1-point crossover,45,34,66368.0,-2102143.7333333334,17676,66368,0.21040444444444442,0.16666666666666663
1-point crossover,45,35,66380.0,-1960015.3,17430,66380,0.21686577777777777,0.19333333333333336
1-point crossover,45,36,66380.0,-1971220.7666666666,17430,66380,0.22298400000000015,0.19999999999999996
1-point crossover,45,37,66380.0,-3388896.16,17430,66380,0.2220346666666666,0.2533333333333333
1-point crossover,45,38,66380.0,-3298333.8066666666,17430,66380,0.2272702222222222,0.2466666666666667
1-point crossover,45,39,66380.0,-2888126.84,17430,66380,0.22932088888888905,0.20666666666666667
1-point crossover,45,40,66380.0,-3143372.58,17430,66380,0.22567644444444446,0.21999999999999997
1-point crossover,45,41,66380.0,-2062749.98,17430,66380,0.22639199999999995,0.18000000000000005
1-point crossover,45,42,66380.0,-1586901.0733333332,17430,66380,0.2183528888888889,0.16666666666666663
1-point crossover,45,43,66380.0,-2694164.84,17430,66380,0.22222933333333342,0.21333333333333337
1-point crossover,45,44,66380.0,-2933529.1866666665,17430,66380,0.2301093333333334,0.26
1-point crossover,45,45,66380.0,-1710318.1933333334,17430,66380,0.2229600000000001,0.19999999999999996
1-point crossover,45,46,66380.0,-2416973.5933333333,17430,66380,0.204336,0.19333333333333336
1-point crossover,45,47,66380.0,-2127278.8266666667,17430,66380,0.20864711111111112,0.17333333333333334
1-point crossover,45,48,66380.0,-1944213.3133333332,17430,66380,0.20153244444444454,0.19999999999999996
1-point crossover,45,49,66380.0,-3127607.0933333333,17430,66380,0.19257244444444457,0.22666666666666668
1-point crossover,45,50,66380.0,-2617251.96,17430,66380,0.18535466666666672,0.23333333333333328
1-point crossover,45,51,66433.0,-2015965.3133333332,17601,66433,0.19564533333333334,0.16666666666666663
1-point crossover,45,52,66498.0,-1927695.6866666668,17526,66498,0.20049599999999998,0.16666666666666663
1-point crossover,45,53,66498.0,-1387621.6866666668,17526,66498,0.1950764444444445,0.16666666666666663
1-point crossover,45,54,66498.0,-2128537.92,17526,66498,0.20291022222222224,0.26
1-point crossover,45,55,66498.0,-2232544.78,17526,66498,0.20997066666666664,0.20666666666666667
1-point crossover,45,56,66498.0,-2986114.566666667,17526,66498,0.2074524444444444,0.20666666666666667
1-point crossover,45,57,66498.0,-2268816.6733333333,17526,66498,0.2102231111111112,0.20666666666666667
1-point crossover,45,58,66498.0,-3003790.3,17526,66498,0.21235555555555552,0.22666666666666668
1-point crossover,45,59,66616.0,-3124937.3866666667,17622,66616,0.21466400000000008,0.21999999999999997
1-point crossover,45,60,66616.0,-2494107.2,17622,66616,0.22493955555555561,0.18000000000000005
1-point crossover,45,61,66616.0,-3300686.48,17622,66616,0.22876355555555558,0.20666666666666667
1-point crossover,45,62,66616.0,-1874994.2,17622,66616,0.22457511111111125,0.1466666666666666
1-point crossover,45,63,66616.0,-1881745.4866666666,17622,66616,0.2295848888888888,0.1466666666666666
1-point crossover,45,64,66681.0,-3012192.2266666666,17547,66681,0.22195288888888898,0.19999999999999996
1-point crossover,45,65,66799.0,-3558195.4,17643,66799,0.2262160000000001,0.2666666666666667
1-point crossover,45,66,66799.0,-2478008.1466666665,17643,66799,0.2257537777777779,0.19999999999999996
1-point crossover,45,67,66864.0,-2781810.6933333334,17568,66864,0.22197155555555564,0.21999999999999997
1-point crossover,45,68,66864.0,-2340072.54,17568,66864,0.22902755555555554,0.22666666666666668
1-point crossover,45,69,66864.0,-2701159.16,17568,66864,0.24003644444444447,0.24
1-point crossover,45,70,66864.0,-2875404.566666667,17568,66864,0.2357715555555556,0.20666666666666667
1-point crossover,45,71,66864.0,-3016670.566666667,17568,66864,0.24199733333333331,0.2466666666666667
1-point crossover,45,72,66864.0,-3115892.2066666665,17568,66864,0.24000177777777787,0.22666666666666668
1-point crossover,45,73,66864.0,-3573773.1333333333,17568,66864,0.2431022222222223,0.23333333333333328
1-point crossover,45,74,66864.0,-1599923.4466666668,17568,66864,0.235496,0.20666666666666667
1-point crossover,45,75,66864.0,-3143337.92,17568,66864,0.22885066666666667,0.22666666666666668
1-point crossover,45,76,66864.0,-3358182.52,17568,66864,0.223248,0.23333333333333328
1-point crossover,45,77,66864.0,-2718812.6066666665,17568,66864,0.22455022222222215,0.23333333333333328
1-point crossover,45,78,66982.0,-2758017.546666667,17664,66982,0.21603911111111124,0.22666666666666668
1-point crossover,45,79,66982.0,-2113675.8266666667,17664,66982,0.2034213333333334,0.18666666666666665
1-point crossover,45,80,66982.0,-3610042.6933333334,17664,66982,0.20510400000000006,0.24
1-point crossover,45,81,66982.0,-2029787.8266666667,17664,66982,0.2133644444444445,0.1466666666666666
1-point crossover,45,82,66982.0,-2157377.506666667,17664,66982,0.19222933333333334,0.17333333333333334
1-point crossover,45,83,66982.0,-3082855.5866666664,17664,66982,0.16986666666666675,0.22666666666666668
1-point crossover,45,84,66982.0,-1841902.48,17664,66982,0.1668942222222223,0.19999999999999996
1-point crossover,45,85,66982.0,-2897219.006666667,17664,66982,0.1697662222222223,0.21999999999999997
1-point crossover,45,86,66982.0,-2355408.6866666665,17664,66982,0.16935644444444442,0.18666666666666665
1-point crossover,45,87,66982.0,-2027755.8466666667,17664,66982,0.16688177777777777,0.2666666666666667
1-point crossover,45,88,66982.0,-1818033.0266666666,17664,66982,0.17871377777777783,0.16666666666666663
1-point crossover,45,89,66982.0,-2411828.7266666666,17664,66982,0.18167377777777788,0.16666666666666663
1-point crossover,45,90,66982.0,-3033339.9266666668,17664,66982,0.19060711111111103,0.24
1-point crossover,45,91,66982.0,-2966431.5933333333,17664,66982,0.19440000000000002,0.2466666666666667
1-point crossover,45,92,66982.0,-2448521.8866666667,17664,66982,0.18864533333333322,0.22666666666666668
1-point crossover,45,93,66982.0,-3221159.1266666665,17664,66982,0.20193244444444447,0.18000000000000005
1-point crossover,45,94,66982.0,-2920445.76,17664,66982,0.20288977777777784,0.21333333333333337
1-point crossover,45,95,66982.0,-2736576.0733333332,17664,66982,0.20236444444444449,0.17333333333333334
1-point crossover,45,96,66982.0,-2563724.493333333,17664,66982,0.19997777777777778,0.16666666666666663
1-point crossover,45,97,66982.0,-2786659.446666667,17664,66982,0.1989031111111112,0.24
1-point crossover,45,98,66982.0,-3244404.4266666668,17664,66982,0.19139466666666663,0.2666666666666667
1-point crossover,45,99,67165.0,-3485588.6,17685,67165,0.19020088888888897,0.22666666666666668
1-point crossover,45,100,67165.0,-2926089.3666666667,17685,67165,0.18160000000000007,0.21333333333333337
1-point crossover,45,101,67165.0,-2274856.72,17685,67165,0.1852595555555556,0.18666666666666665
1-point crossover,45,102,67165.0,-1422508.06,17685,67165,0.18784355555555557,0.15333333333333332
1-point crossover,45,103,67165.0,-3048052.066666667,17685,67165,0.19831199999999996,0.26
1-point crossover,45,104,67165.0,-3244982.3933333335,17685,67165,0.20698577777777794,0.23333333333333328
1-point crossover,45,105,67165.0,-3860278.8866666667,17685,67165,0.2070915555555555,0.2533333333333333
1-point crossover,45,106,67165.0,-2664692.94,17685,67165,0.20796,0.21333333333333337
1-point crossover,45,107,67165.0,-2822161.1,17685,67165,0.19764000000000004,0.23333333333333328
1-point crossover,45,108,67165.0,-2770184.92,17685,67165,0.20260088888888883,0.2466666666666667
1-point crossover,45,109,67165.0,-2767324.6066666665,17685,67165,0.1917546666666667,0.22666666666666668
1-point crossover,45,110,67165.0,-2152794.54,17685,67165,0.18955200000000003,0.18666666666666665
1-point crossover,45,111,67165.0,-2297078.1,17685,67165,0.1812391111111112,0.20666666666666667
1-point crossover,45,112,67165.0,-2546291.5933333333,17685,67165,0.18438666666666662,0.21333333333333337
1-point crossover,45,113,67165.0,-2160603.946666667,17685,67165,0.1860515555555557,0.18000000000000005
1-point crossover,45,114,67165.0,-2320923.18,17685,67165,0.19698844444444447,0.19333333333333336
1-point crossover,45,115,67165.0,-2760998.2066666665,17685,67165,0.19500711111111116,0.2466666666666667
1-point crossover,45,116,67165.0,-2202593.84,17685,67165,0.20445777777777785,0.19999999999999996
1-point crossover,45,117,67165.0,-3203577.7,17685,67165,0.20830044444444454,0.23333333333333328
1-point crossover,45,118,67165.0,-2791821.1666666665,17685,67165,0.21901955555555563,0.2466666666666667
1-point crossover,45,119,67165.0,-2660399.8,17685,67165,0.2105573333333333,0.23333333333333328
1-point crossover,45,120,67165.0,-2872632.7866666666,17685,67165,0.20114577777777778,0.21333333333333337
1-point crossover,45,121,67165.0,-2013462.24,17685,67165,0.19886844444444446,0.18666666666666665
1-point crossover,45,122,67165.0,-1886622.1933333334,17685,67165,0.2021271111111111,0.18000000000000005
1-point crossover,45,123,67165.0,-4170867.2066666665,17685,67165,0.19454755555555547,0.2533333333333333
1-point crossover,45,124,67165.0,-3909427.3666666667,17685,67165,0.19329777777777774,0.24
1-point crossover,45,125,67165.0,-2293231.3133333335,17685,67165,0.1874915555555555,0.21333333333333337
1-point crossover,45,126,67165.0,-2934592.1666666665,17685,67165,0.19101866666666673,0.22666666666666668
1-point crossover,45,127,67165.0,-2120943.3066666666,17685,67165,0.18988533333333335,0.19333333333333336
1-point crossover,45,128,67165.0,-2281663.96,17685,67165,0.19037511111111108,0.19333333333333336
1-point crossover,45,129,67165.0,-2165619.3133333335,17685,67165,0.18962666666666667,0.18000000000000005
1-point crossover,45,130,67165.0,-4421916.153333333,17685,67165,0.1922124444444444,0.28
1-point crossover,45,131,67165.0,-2576018.6933333334,17685,67165,0.19587111111111113,0.19999999999999996
1-point crossover,45,132,67165.0,-1888178.6533333333,17685,67165,0.1906657777777778,0.1466666666666666
1-point crossover,45,133,67165.0,-2317625.04,17685,67165,0.1947653333333334,0.18000000000000005
1-point crossover,45,134,67165.0,-2227075.7466666666,17685,67165,0.19720088888888887,0.19333333333333336
1-point crossover,45,135,67165.0,-2299741.453333333,17685,67165,0.19964266666666675,0.18666666666666665
1-point crossover,45,136,67165.0,-1897452.3066666666,17685,67165,0.20452355555555568,0.19333333333333336
1-point crossover,45,137,67165.0,-1199911.7733333334,17685,67165,0.19415466666666667,0.16000000000000003
1-point crossover,45,138,67165.0,-2119254.02,17685,67165,0.19538488888888897,0.19333333333333336
1-point crossover,45,139,67165.0,-2146105.74,17685,67165,0.19180622222222227,0.18666666666666665
1-point crossover,45,140,67165.0,-2611371.58,17685,67165,0.18683200000000005,0.22666666666666668
1-point crossover,45,141,67165.0,-3423487.54,17685,67165,0.17686577777777784,0.2666666666666667
1-point crossover,45,142,67165.0,-2914951.046666667,17685,67165,0.18136711111111117,0.26
1-point crossover,45,143,67165.0,-2575290.24,17685,67165,0.18105688888888896,0.2666666666666667
1-point crossover,45,144,67165.0,-3493910.4133333336,17685,67165,0.18187288888888895,0.26
1-point crossover,45,145,67165.0,-2976638.34,17685,67165,0.17676000000000003,0.16666666666666663
1-point crossover,45,146,67165.0,-2074002.74,17685,67165,0.17924622222222222,0.16000000000000003
1-point crossover,45,147,67165.0,-2879806.7733333334,17685,67165,0.174056,0.21999999999999997
1-point crossover,45,148,67165.0,-2887894.953333333,17685,67165,0.1827164444444445,0.21333333333333337
1-point crossover,45,149,67165.0,-3284884.3933333335,17685,67165,0.19092711111111116,0.2533333333333333
1-point crossover,45,150,67165.0,-2441629.7866666666,17685,67165,0.19135377777777784,0.21999999999999997
1-point crossover,45,151,67165.0,-1810732.4866666666,17685,67165,0.19085777777777785,0.16666666666666663
1-point crossover,45,152,67165.0,-2631172.9133333336,17685,67165,0.1869751111111112,0.19333333333333336
1-point crossover,45,153,67165.0,-2257465.5733333332,17685,67165,0.18176177777777777,0.18666666666666665
1-point crossover,45,154,67165.0,-2376710.9133333336,17685,67165,0.18038755555555558,0.22666666666666668
1-point crossover,45,155,67165.0,-2397412.4133333336,17685,67165,0.18169511111111109,0.21333333333333337
1-point crossover,45,156,67165.0,-3228493.44,17685,67165,0.1854835555555556,0.22666666666666668
1-point crossover,45,157,67165.0,-3441851.8933333335,17685,67165,0.1738408888888889,0.22666666666666668
1-point crossover,45,158,67165.0,-3001539.3666666667,17685,67165,0.18626577777777778,0.22666666666666668
1-point crossover,45,159,67165.0,-3143085.6266666665,17685,67165,0.18958755555555548,0.23333333333333328
1-point crossover,45,160,67165.0,-2983937.1666666665,17685,67165,0.19530933333333333,0.23333333333333328
1-point crossover,45,161,67165.0,-4181598.18,17685,67165,0.2018862222222223,0.2866666666666666
1-point crossover,45,162,67165.0,-3552145.433333333,17685,67165,0.18406933333333345,0.2733333333333333
1-point crossover,45,163,67165.0,-3775722.94,17685,67165,0.17901155555555553,0.24
1-point crossover,45,164,67165.0,-3915560.2866666666,17685,67165,0.18204533333333328,0.22666666666666668
1-point crossover,45,165,67165.0,-2968255.6266666665,17685,67165,0.186632,0.20666666666666667
1-point crossover,45,166,67165.0,-2547359.22,17685,67165,0.2015982222222222,0.17333333333333334
1-point crossover,45,167,67165.0,-2712632.2533333334,17685,67165,0.20430488888888895,0.2666666666666667
1-point crossover,45,168,67165.0,-2777078.513333333,17685,67165,0.2102231111111112,0.20666666666666667
1-point crossover,45,169,67165.0,-3902325.9,17685,67165,0.21711377777777785,0.21999999999999997
1-point crossover,45,170,67165.0,-2933366.3866666667,17685,67165,0.207632,0.21333333333333337
1-point crossover,45,171,67165.0,-3152180.4133333336,17685,67165,0.21005155555555555,0.22666666666666668
1-point crossover,45,172,67165.0,-3533139.88,17685,67165,0.2061395555555556,0.28
1-point crossover,45,173,67165.0,-2279570.3533333335,17685,67165,0.20090399999999994,0.22666666666666668
1-point crossover,45,174,67165.0,-2947927.96,17685,67165,0.2045191111111112,0.24
1-point crossover,45,175,67165.0,-3614714.506666667,17685,67165,0.19403555555555552,0.23333333333333328
1-point crossover,45,176,67165.0,-2914051.58,17685,67165,0.19412266666666675,0.21999999999999997
1-point crossover,45,177,67165.0,-3342372.0866666664,17685,67165,0.1971173333333334,0.2666666666666667
1-point crossover,45,178,67165.0,-3122093.98,17685,67165,0.20727111111111118,0.23333333333333328
1-point crossover,45,179,67165.0,-1781605.8133333332,17685,67165,0.20219200000000012,0.19333333333333336
1-point crossover,45,180,67165.0,-2360792.4133333336,17685,67165,0.20511288888888884,0.17333333333333334
1-point crossover,45,181,67165.0,-2628448.2866666666,17685,67165,0.2018755555555556,0.23333333333333328
1-point crossover,45,182,67165.0,-3401209.1133333333,17685,67165,0.18940622222222234,0.2533333333333333
1-point crossover,45,183,67165.0,-2833347.2133333334,17685,67165,0.18283466666666662,0.19333333333333336
1-point crossover,45,184,67165.0,-1566025.24,17685,67165,0.17270133333333337,0.16000000000000003
1-point crossover,45,185,67165.0,-1588017.0533333332,17685,67165,0.16897066666666663,0.21999999999999997
1-point crossover,45,186,67165.0,-2542683.053333333,17685,67165,0.1604266666666667,0.22666666666666668
1-point crossover,45,187,67165.0,-3264932.8266666667,17685,67165,0.15711288888888897,0.26
1-point crossover,45,188,67165.0,-1945592.7,17685,67165,0.16071466666666676,0.17333333333333334
1-point crossover,45,189,67165.0,-3114151.1733333333,17685,67165,0.15829866666666667,0.24
1-point crossover,45,190,67165.0,-1984171.2733333334,17685,67165,0.1572640000000001,0.18000000000000005
1-point crossover,45,191,67165.0,-2486719.6933333334,17685,67165,0.14601777777777777,0.18000000000000005
1-point crossover,45,192,67165.0,-3899139.546666667,17685,67165,0.152184,0.23333333333333328
1-point crossover,45,193,67165.0,-1566915.5666666667,17685,67165,0.15161688888888897,0.15333333333333332
1-point crossover,45,194,67165.0,-2226026.566666667,17685,67165,0.14969777777777785,0.21333333333333337
1-point crossover,45,195,67165.0,-2890948.8133333335,17685,67165,0.14820355555555562,0.2466666666666667
1-point crossover,45,196,67165.0,-2669495.1533333333,17685,67165,0.15652266666666664,0.23333333333333328
1-point crossover,45,197,67165.0,-3264217.1866666665,17685,67165,0.16702577777777777,0.2666666666666667
1-point crossover,45,198,67165.0,-2282633.7866666666,17685,67165,0.1663013333333333,0.22666666666666668
1-point crossover,45,199,67165.0,-2719293.86,17685,67165,0.16507200000000005,0.2733333333333333
1-point crossover,45,200,67165.0,-4727971.446666666,17685,67165,0.16888000000000006,0.31333333333333335
1-point crossover,46,0,51054.0,-18729384.1,17238,51054,0.4957777777777777,0.5066666666666666
1-point crossover,46,1,51054.0,-5681060.493333333,17238,51054,0.4853822222222222,0.2533333333333333
1-point crossover,46,2,51904.0,-4085934.22,17418,51904,0.4646382222222223,0.2466666666666667
1-point crossover,46,3,53197.0,-1653417.3533333333,17319,53197,0.4431688888888891,0.14
1-point crossover,46,4,54319.0,-3276400.1266666665,16953,54319,0.4192284444444443,0.17333333333333334
1-point crossover,46,5,56267.0,-1668435.4466666668,17259,56267,0.39520533333333324,0.1466666666666666
1-point crossover,46,6,58015.0,-2359566.6733333333,16635,58015,0.3854222222222223,0.17333333333333334
1-point crossover,46,7,60240.0,-3116421.8066666666,17550,60240,0.3810097777777778,0.18666666666666665
1-point crossover,46,8,60240.0,-2665890.74,17550,60240,0.3662373333333332,0.21333333333333337
1-point crossover,46,9,60240.0,-2802928.6666666665,17550,60240,0.34491911111111134,0.21999999999999997
1-point crossover,46,10,60943.0,-1960672.7133333334,16971,60943,0.33558933333333335,0.18000000000000005
1-point crossover,46,11,61947.0,-2914345.32,16509,61947,0.3157751111111111,0.16666666666666663
1-point crossover,46,12,62655.0,-3215634.2866666666,17085,62655,0.294176,0.2666666666666667
1-point crossover,46,13,63074.0,-2071833.5933333333,17298,63074,0.2727173333333334,0.19333333333333336
1-point crossover,46,14,63375.0,-2330773.86,17415,63375,0.25981422222222234,0.15333333333333332
1-point crossover,46,15,63428.0,-2117193.2733333334,17586,63428,0.25406577777777783,0.18666666666666665
1-point crossover,46,16,63428.0,-3512257.053333333,17586,63428,0.2545466666666668,0.24
1-point crossover,46,17,64225.0,-3372375.7933333335,17595,64225,0.2440488888888889,0.2533333333333333
1-point crossover,46,18,64225.0,-2667396.4133333336,17595,64225,0.23177066666666668,0.23333333333333328
1-point crossover,46,19,64733.0,-1849769.0466666666,17241,64733,0.23295911111111095,0.19999999999999996
1-point crossover,46,20,65205.0,-3120580.3,17625,65205,0.232064,0.21999999999999997
1-point crossover,46,21,65205.0,-2037718.36,17625,65205,0.23216622222222214,0.14
1-point crossover,46,22,65205.0,-2983342.3533333335,17625,65205,0.237232888888889,0.23333333333333328
1-point crossover,46,23,65205.0,-3299447.7533333334,17625,65205,0.24141955555555555,0.22666666666666668
1-point crossover,46,24,65205.0,-2769952.32,17625,65205,0.23788888888888882,0.20666666666666667
1-point crossover,46,25,65884.0,-2539399.7933333335,17538,65884,0.23995999999999992,0.22666666666666668
1-point crossover,46,26,65884.0,-1747646.0,17538,65884,0.23870399999999986,0.16000000000000003
1-point crossover,46,27,66185.0,-2630464.8733333335,17655,66185,0.24173155555555553,0.21333333333333337
1-point crossover,46,28,66185.0,-3778294.64,17655,66185,0.24113688888888896,0.24
1-point crossover,46,29,66185.0,-3083213.9133333336,17655,66185,0.2360488888888889,0.21999999999999997
1-point crossover,46,30,66185.0,-2419977.473333333,17655,66185,0.22784800000000005,0.21333333333333337
1-point crossover,46,31,66185.0,-3020277.34,17655,66185,0.2267253333333333,0.23333333333333328
1-point crossover,46,32,66185.0,-2605751.4266666668,17655,66185,0.23329866666666657,0.19333333333333336
1-point crossover,46,33,66368.0,-1692410.0,17676,66368,0.23488088888888892,0.1466666666666666
1-point crossover,46,34,66368.0,-3771131.953333333,17676,66368,0.2385546666666666,0.26
1-point crossover,46,35,66368.0,-2734129.6866666665,17676,66368,0.24159022222222223,0.2466666666666667
1-point crossover,46,36,66368.0,-1640096.28,17676,66368,0.24522133333333343,0.1466666666666666
1-point crossover,46,37,66368.0,-3259305.8933333335,17676,66368,0.2394257777777778,0.2466666666666667
1-point crossover,46,38,66368.0,-2928589.7133333334,17676,66368,0.23783555555555552,0.23333333333333328
1-point crossover,46,39,66368.0,-2613136.7666666666,17676,66368,0.23642133333333315,0.22666666666666668
1-point crossover,46,40,66498.0,-2340687.6933333334,17526,66498,0.2329173333333334,0.21333333333333337
1-point crossover,46,41,66498.0,-1867710.7133333334,17526,66498,0.2292862222222223,0.19999999999999996
1-point crossover,46,42,66498.0,-2118042.8533333335,17526,66498,0.22454400000000002,0.21999999999999997
1-point crossover,46,43,66498.0,-2246551.6133333333,17526,66498,0.21458488888888883,0.20666666666666667
1-point crossover,46,44,66498.0,-2829617.8733333335,17526,66498,0.21156977777777775,0.19333333333333336
1-point crossover,46,45,66681.0,-1917812.1733333333,17547,66681,0.20920444444444444,0.19999999999999996
1-point crossover,46,46,66681.0,-3367749.02,17547,66681,0.2158062222222222,0.2866666666666666
1-point crossover,46,47,66681.0,-4134578.92,17547,66681,0.21757244444444443,0.28
1-point crossover,46,48,66681.0,-3257316.3,17547,66681,0.21801066666666669,0.21999999999999997
1-point crossover,46,49,66681.0,-2709358.553333333,17547,66681,0.21669599999999994,0.24
1-point crossover,46,50,66681.0,-3629296.4,17547,66681,0.22176711111111114,0.2533333333333333
1-point crossover,46,51,66681.0,-2359090.033333333,17547,66681,0.22769511111111126,0.2666666666666667
1-point crossover,46,52,66681.0,-2106960.453333333,17547,66681,0.23262844444444447,0.21333333333333337
1-point crossover,46,53,66681.0,-2554575.5866666664,17547,66681,0.23639644444444446,0.2533333333333333
1-point crossover,46,54,66681.0,-3492361.5933333333,17547,66681,0.23772000000000004,0.29333333333333333
1-point crossover,46,55,66681.0,-2707789.8,17547,66681,0.2484995555555555,0.2466666666666667
1-point crossover,46,56,66681.0,-1979523.0,17547,66681,0.25106933333333337,0.18000000000000005
1-point crossover,46,57,66681.0,-2761636.0733333332,17547,66681,0.2398017777777777,0.19333333333333336
1-point crossover,46,58,66681.0,-2296236.973333333,17547,66681,0.23317333333333337,0.19333333333333336
1-point crossover,46,59,66681.0,-1839058.32,17547,66681,0.2255582222222223,0.16666666666666663
1-point crossover,46,60,66799.0,-1779051.2866666666,17643,66799,0.21175733333333327,0.17333333333333334
1-point crossover,46,61,66799.0,-3216713.6933333334,17643,66799,0.20681777777777793,0.21999999999999997
1-point crossover,46,62,66799.0,-2678389.486666667,17643,66799,0.2106488888888889,0.18666666666666665
1-point crossover,46,63,66799.0,-3619377.0933333333,17643,66799,0.2084293333333333,0.2533333333333333
1-point crossover,46,64,66799.0,-2929522.4,17643,66799,0.20975911111111117,0.23333333333333328
1-point crossover,46,65,66799.0,-3234325.8866666667,17643,66799,0.21520711111111113,0.2533333333333333
1-point crossover,46,66,66799.0,-2442627.033333333,17643,66799,0.21792711111111113,0.20666666666666667
1-point crossover,46,67,66799.0,-2050473.2066666668,17643,66799,0.21246666666666664,0.19999999999999996
1-point crossover,46,68,66799.0,-1379278.3733333333,17643,66799,0.21761866666666665,0.1333333333333333
1-point crossover,46,69,66799.0,-3007110.4066666667,17643,66799,0.20731022222222226,0.22666666666666668
1-point crossover,46,70,66799.0,-2372339.2866666666,17643,66799,0.20146222222222235,0.19333333333333336
1-point crossover,46,71,66799.0,-2853403.2333333334,17643,66799,0.2063546666666668,0.23333333333333328
1-point crossover,46,72,66799.0,-2525420.0866666664,17643,66799,0.2077031111111111,0.18666666666666665
1-point crossover,46,73,66799.0,-3713710.5,17643,66799,0.21793422222222222,0.21999999999999997
1-point crossover,46,74,66799.0,-3385550.26,17643,66799,0.22066755555555553,0.20666666666666667
1-point crossover,46,75,66799.0,-2834202.44,17643,66799,0.22081244444444445,0.19999999999999996
1-point crossover,46,76,66799.0,-2613617.7666666666,17643,66799,0.22656266666666663,0.24
1-point crossover,46,77,66799.0,-2026500.5066666666,17643,66799,0.23150933333333343,0.18000000000000005
1-point crossover,46,78,66799.0,-2887952.7866666666,17643,66799,0.23536177777777784,0.21333333333333337
1-point crossover,46,79,66799.0,-3309497.7,17643,66799,0.24212088888888875,0.19999999999999996
1-point crossover,46,80,66799.0,-3121964.9,17643,66799,0.25404000000000004,0.2533333333333333
1-point crossover,46,81,66799.0,-3224290.3133333335,17643,66799,0.2555013333333333,0.21999999999999997
1-point crossover,46,82,66799.0,-2517528.453333333,17643,66799,0.2565128888888889,0.22666666666666668
1-point crossover,46,83,66799.0,-3717943.06,17643,66799,0.25824088888888885,0.21999999999999997
1-point crossover,46,84,66864.0,-3035848.84,17568,66864,0.2515013333333334,0.22666666666666668
1-point crossover,46,85,66864.0,-2960524.58,17568,66864,0.23538755555555557,0.20666666666666667
1-point crossover,46,86,66864.0,-2962511.5933333333,17568,66864,0.23826222222222224,0.2733333333333333
1-point crossover,46,87,66864.0,-3558987.6466666665,17568,66864,0.2382071111111111,0.22666666666666668
1-point crossover,46,88,66864.0,-2429913.52,17568,66864,0.2400746666666668,0.21333333333333337
1-point crossover,46,89,66864.0,-2700557.1733333333,17568,66864,0.23656444444444447,0.21999999999999997
1-point crossover,46,90,66864.0,-2305213.3666666667,17568,66864,0.2309973333333333,0.18666666666666665
1-point crossover,46,91,66864.0,-2793901.18,17568,66864,0.2173724444444445,0.21999999999999997
1-point crossover,46,92,66864.0,-2782579.0866666664,17568,66864,0.21497511111111106,0.22666666666666668
1-point crossover,46,93,66864.0,-2344139.08,17568,66864,0.20913955555555566,0.18666666666666665
1-point crossover,46,94,66864.0,-2320575.953333333,17568,66864,0.20709066666666665,0.22666666666666668
1-point crossover,46,95,66864.0,-3233372.033333333,17568,66864,0.19060088888888888,0.21333333333333337
1-point crossover,46,96,66864.0,-2798396.026666667,17568,66864,0.193272,0.21333333333333337
1-point crossover,46,97,66864.0,-1349892.98,17568,66864,0.18274044444444446,0.16000000000000003
1-point crossover,46,98,66864.0,-2707019.1266666665,17568,66864,0.18619111111111109,0.21333333333333337
1-point crossover,46,99,66982.0,-2220881.3666666667,17664,66982,0.18532622222222225,0.17333333333333334
1-point crossover,46,100,66982.0,-3024298.64,17664,66982,0.1948400000000001,0.19999999999999996
1-point crossover,46,101,66982.0,-1402942.04,17664,66982,0.1862515555555556,0.18666666666666665
1-point crossover,46,102,66982.0,-2391645.493333333,17664,66982,0.18965511111111116,0.20666666666666667
1-point crossover,46,103,66982.0,-2802374.56,17664,66982,0.19730044444444453,0.21333333333333337
1-point crossover,46,104,66982.0,-2012353.94,17664,66982,0.19575911111111113,0.17333333333333334
1-point crossover,46,105,66982.0,-3019703.2866666666,17664,66982,0.19222933333333334,0.30000000000000004
1-point crossover,46,106,66982.0,-2696841.66,17664,66982,0.19043466666666667,0.24
1-point crossover,46,107,66982.0,-3337617.48,17664,66982,0.18621777777777784,0.2666666666666667
1-point crossover,46,108,67165.0,-1827963.08,17685,67165,0.16714400000000001,0.15333333333333332
1-point crossover,46,109,67165.0,-2387432.2133333334,17685,67165,0.17030933333333337,0.18666666666666665
1-point crossover,46,110,67165.0,-2488117.5866666664,17685,67165,0.17840355555555562,0.19999999999999996
1-point crossover,46,111,67165.0,-2714658.84,17685,67165,0.18311555555555561,0.2466666666666667
1-point crossover,46,112,67165.0,-1731097.9066666667,17685,67165,0.18291644444444444,0.19999999999999996
1-point crossover,46,113,67165.0,-4057156.68,17685,67165,0.1888524444444445,0.29333333333333333
1-point crossover,46,114,67165.0,-3289040.933333333,17685,67165,0.19039911111111113,0.28
1-point crossover,46,115,67165.0,-2700562.933333333,17685,67165,0.1961697777777778,0.2733333333333333
1-point crossover,46,116,67165.0,-2675118.7333333334,17685,67165,0.20222577777777775,0.19333333333333336
1-point crossover,46,117,67165.0,-2911572.966666667,17685,67165,0.20148177777777768,0.21333333333333337
1-point crossover,46,118,67165.0,-1629534.9533333334,17685,67165,0.1960195555555556,0.1266666666666667
1-point crossover,46,119,67165.0,-3476001.98,17685,67165,0.19834844444444447,0.26
1-point crossover,46,120,67165.0,-2394427.3933333335,17685,67165,0.19832622222222215,0.23333333333333328
1-point crossover,46,121,67165.0,-2225798.46,17685,67165,0.20047733333333334,0.16666666666666663
1-point crossover,46,122,67165.0,-2233229.7266666666,17685,67165,0.1911564444444445,0.20666666666666667
1-point crossover,46,123,67165.0,-1500948.8466666667,17685,67165,0.17780444444444446,0.18000000000000005
1-point crossover,46,124,67165.0,-2225403.1333333333,17685,67165,0.17062133333333332,0.21999999999999997
1-point crossover,46,125,67165.0,-2550131.966666667,17685,67165,0.18135111111111113,0.19999999999999996
1-point crossover,46,126,67165.0,-2608531.7266666666,17685,67165,0.19070844444444446,0.21999999999999997
1-point crossover,46,127,67165.0,-2663208.1533333333,17685,67165,0.19102133333333338,0.18666666666666665
1-point crossover,46,128,67165.0,-3088033.3866666667,17685,67165,0.1824151111111111,0.2533333333333333
1-point crossover,46,129,67165.0,-2730841.12,17685,67165,0.17796177777777777,0.21333333333333337
1-point crossover,46,130,67165.0,-2521747.4066666667,17685,67165,0.19305333333333333,0.19333333333333336
1-point crossover,46,131,67165.0,-2732594.446666667,17685,67165,0.19042577777777786,0.22666666666666668
1-point crossover,46,132,67165.0,-2710923.2533333334,17685,67165,0.1921306666666667,0.19999999999999996
1-point crossover,46,133,67165.0,-2275241.68,17685,67165,0.19156444444444445,0.19333333333333336
1-point crossover,46,134,67165.0,-2031374.2533333334,17685,67165,0.1831386666666667,0.18000000000000005
1-point crossover,46,135,67165.0,-1809776.5533333332,17685,67165,0.18198311111111107,0.21333333333333337
1-point crossover,46,136,67165.0,-3572231.7666666666,17685,67165,0.18202577777777776,0.2466666666666667
1-point crossover,46,137,67165.0,-2151628.7933333335,17685,67165,0.1742177777777778,0.18666666666666665
1-point crossover,46,138,67165.0,-2710760.0,17685,67165,0.18101422222222233,0.22666666666666668
1-point crossover,46,139,67165.0,-3001768.18,17685,67165,0.17985688888888898,0.21999999999999997
1-point crossover,46,140,67165.0,-2118935.8333333335,17685,67165,0.16490577777777776,0.2466666666666667
1-point crossover,46,141,67165.0,-1550338.96,17685,67165,0.16482666666666668,0.14
1-point crossover,46,142,67165.0,-2243973.7066666665,17685,67165,0.14770577777777782,0.21333333333333337
1-point crossover,46,143,67165.0,-1792372.66,17685,67165,0.14996800000000005,0.16666666666666663
1-point crossover,46,144,67165.0,-2420213.7733333334,17685,67165,0.15264622222222213,0.18000000000000005
1-point crossover,46,145,67165.0,-2110610.453333333,17685,67165,0.1622284444444445,0.16666666666666663
1-point crossover,46,146,67165.0,-2230293.1666666665,17685,67165,0.17018755555555554,0.21333333333333337
1-point crossover,46,147,67165.0,-2052391.1933333334,17685,67165,0.17255644444444446,0.17333333333333334
1-point crossover,46,148,67165.0,-2515601.74,17685,67165,0.17342222222222226,0.19999999999999996
1-point crossover,46,149,67165.0,-2778815.8866666667,17685,67165,0.1723057777777778,0.21333333333333337
1-point crossover,46,150,67165.0,-2475335.7666666666,17685,67165,0.17337866666666676,0.20666666666666667
1-point crossover,46,151,67165.0,-2522300.6666666665,17685,67165,0.17332177777777782,0.19999999999999996
1-point crossover,46,152,67165.0,-2230628.6933333334,17685,67165,0.17150844444444446,0.16666666666666663
1-point crossover,46,153,67165.0,-2670585.9133333336,17685,67165,0.16720977777777782,0.21999999999999997
1-point crossover,46,154,67165.0,-2154633.433333333,17685,67165,0.15464444444444442,0.18666666666666665
1-point crossover,46,155,67165.0,-1940503.4666666666,17685,67165,0.14289777777777785,0.18000000000000005
1-point crossover,46,156,67165.0,-2444183.1666666665,17685,67165,0.14899555555555558,0.20666666666666667
1-point crossover,46,157,67165.0,-2530782.38,17685,67165,0.15609955555555555,0.21999999999999997
1-point crossover,46,158,67165.0,-2115033.1933333334,17685,67165,0.17319466666666672,0.19999999999999996
1-point crossover,46,159,67165.0,-2544333.1933333334,17685,67165,0.1710551111111112,0.21999999999999997
1-point crossover,46,160,67165.0,-2879416.466666667,17685,67165,0.16799555555555556,0.23333333333333328
1-point crossover,46,161,67165.0,-2832489.08,17685,67165,0.16669244444444448,0.20666666666666667
1-point crossover,46,162,67165.0,-2043745.2866666666,17685,67165,0.1630124444444445,0.21333333333333337
1-point crossover,46,163,67165.0,-2016437.1533333333,17685,67165,0.15672533333333336,0.20666666666666667
1-point crossover,46,164,67165.0,-2677613.48,17685,67165,0.14946311111111113,0.19333333333333336
1-point crossover,46,165,67165.0,-3368975.1733333333,17685,67165,0.14687466666666674,0.2533333333333333
1-point crossover,46,166,67165.0,-2850811.7,17685,67165,0.14283288888888893,0.28
1-point crossover,46,167,67165.0,-3181941.02,17685,67165,0.14836533333333335,0.28
1-point crossover,46,168,67165.0,-3402971.446666667,17685,67165,0.16187822222222223,0.31333333333333335
1-point crossover,46,169,67165.0,-3576090.546666667,17685,67165,0.16831199999999996,0.2666666666666667
1-point crossover,46,170,67165.0,-3219988.2,17685,67165,0.15773688888888895,0.28
1-point crossover,46,171,67165.0,-2289684.6133333333,17685,67165,0.16649066666666668,0.19999999999999996
1-point crossover,46,172,67165.0,-3246881.3133333335,17685,67165,0.17282222222222227,0.24
1-point crossover,46,173,67165.0,-2401898.32,17685,67165,0.17625511111111122,0.21999999999999997
1-point crossover,46,174,67165.0,-2824022.2733333334,17685,67165,0.16739200000000004,0.18000000000000005
1-point crossover,46,175,67165.0,-2916314.4066666667,17685,67165,0.17746488888888898,0.21999999999999997
1-point crossover,46,176,67165.0,-2131615.18,17685,67165,0.19066933333333339,0.16666666666666663
1-point crossover,46,177,67165.0,-2669506.8733333335,17685,67165,0.1917315555555556,0.2466666666666667
1-point crossover,46,178,67165.0,-3178866.533333333,17685,67165,0.19186488888888892,0.23333333333333328
1-point crossover,46,179,67165.0,-3405132.22,17685,67165,0.19556622222222228,0.19333333333333336
1-point crossover,46,180,67165.0,-2533799.6133333333,17685,67165,0.20196266666666673,0.19333333333333336
1-point crossover,46,181,67165.0,-2667559.513333333,17685,67165,0.1927848888888889,0.1333333333333333
1-point crossover,46,182,67165.0,-2645408.74,17685,67165,0.19402577777777782,0.19999999999999996
1-point crossover,46,183,67165.0,-3429349.3266666667,17685,67165,0.20210399999999995,0.26
1-point crossover,46,184,67165.0,-4024353.48,17685,67165,0.2051831111111111,0.2666666666666667
1-point crossover,46,185,67165.0,-3421306.3533333335,17685,67165,0.20316177777777775,0.2466666666666667
1-point crossover,46,186,67165.0,-2871484.2333333334,17685,67165,0.19829866666666665,0.21999999999999997
1-point crossover,46,187,67165.0,-3067508.3133333335,17685,67165,0.19769422222222224,0.26
1-point crossover,46,188,67165.0,-3284732.6333333333,17685,67165,0.20429600000000003,0.23333333333333328
1-point crossover,46,189,67165.0,-3184979.3933333335,17685,67165,0.20151288888888894,0.21999999999999997
1-point crossover,46,190,67165.0,-2588387.513333333,17685,67165,0.1995191111111112,0.2466666666666667
1-point crossover,46,191,67165.0,-3092303.4133333336,17685,67165,0.19099377777777776,0.2533333333333333
1-point crossover,46,192,67165.0,-2672429.473333333,17685,67165,0.19484800000000002,0.21333333333333337
1-point crossover,46,193,67165.0,-3542208.16,17685,67165,0.19922933333333337,0.28
1-point crossover,46,194,67165.0,-2742360.2933333335,17685,67165,0.19352088888888894,0.2466666666666667
1-point crossover,46,195,67165.0,-2467758.446666667,17685,67165,0.19319466666666668,0.18666666666666665
1-point crossover,46,196,67165.0,-1795541.98,17685,67165,0.1925440000000001,0.18666666666666665
1-point crossover,46,197,67165.0,-2317309.8866666667,17685,67165,0.19127377777777785,0.20666666666666667
1-point crossover,46,198,67165.0,-1913772.4866666666,17685,67165,0.1800684444444444,0.19333333333333336
1-point crossover,46,199,67165.0,-2051779.36,17685,67165,0.1751564444444444,0.21999999999999997
1-point crossover,46,200,67165.0,-3443175.2066666665,17685,67165,0.18165155555555562,0.2666666666666667
Uniform crossover,42,0,50912.0,-17804451.82,17634,50912,0.4963848888888887,0.54
Uniform crossover,42,1,51285.0,-6902499.393333334,16275,51285,0.48954311111111115,0.26
Uniform crossover,42,2,53965.0,-3340935.76,16665,53965,0.4807146666666664,0.16666666666666663
Uniform crossover,42,3,54360.0,-3160307.2466666666,17370,54360,0.46960444444444427,0.16000000000000003
Uniform crossover,42,4,54360.0,-3295445.2466666666,17370,54360,0.4594275555555553,0.21999999999999997
Uniform crossover,42,5,56503.0,-2972026.1133333333,17451,56503,0.450088,0.16666666666666663
Uniform crossover,42,6,56881.0,-3123664.3,17247,56881,0.43917688888888895,0.12
Uniform crossover,42,7,57483.0,-3815160.046666667,17481,57483,0.42705866666666664,0.21333333333333337
Uniform crossover,42,8,61114.0,-4636704.653333333,17238,61114,0.4188035555555554,0.18666666666666665
Uniform crossover,42,9,61114.0,-4113024.7266666666,17238,61114,0.4068497777777778,0.21999999999999997
Uniform crossover,42,10,61598.0,-2658197.8266666667,17376,61598,0.3912382222222223,0.17333333333333334
Uniform crossover,42,11,61598.0,-3663933.7466666666,17376,61598,0.3796604444444444,0.2533333333333333
Uniform crossover,42,12,62277.0,-3073892.5933333333,17289,62277,0.3712426666666666,0.18666666666666665
Uniform crossover,42,13,62696.0,-3218284.1666666665,17502,62696,0.35184799999999994,0.19333333333333336
Uniform crossover,42,14,62696.0,-2819076.7,17502,62696,0.33737688888888906,0.19333333333333336
Uniform crossover,42,15,62696.0,-3373306.553333333,17502,62696,0.33084444444444444,0.21333333333333337
Uniform crossover,42,16,64237.0,-3533522.32,17349,64237,0.320936,0.2466666666666667
Uniform crossover,42,17,64237.0,-3899950.6666666665,17349,64237,0.3185893333333334,0.23333333333333328
Uniform crossover,42,18,64237.0,-3665288.433333333,17349,64237,0.31761155555555554,0.20666666666666667
Uniform crossover,42,19,64237.0,-3148711.5933333333,17349,64237,0.30765688888888904,0.19999999999999996
Uniform crossover,42,20,64473.0,-2934986.16,17541,64473,0.3038915555555555,0.19333333333333336
Uniform crossover,42,21,64745.0,-3702422.7333333334,16995,64745,0.2948071111111112,0.22666666666666668
Uniform crossover,42,22,64904.0,-2967731.8933333335,17508,64904,0.28968355555555564,0.19999999999999996
Uniform crossover,42,23,65270.0,-3197499.1066666665,17550,65270,0.29779644444444453,0.21333333333333337
Uniform crossover,42,24,65335.0,-3166564.56,17475,65335,0.29478311111111116,0.16000000000000003
Uniform crossover,42,25,65335.0,-4213620.6466666665,17475,65335,0.29577866666666663,0.2466666666666667
Uniform crossover,42,26,66185.0,-3131934.06,17655,66185,0.29903911111111114,0.16666666666666663
Uniform crossover,42,27,66185.0,-2714539.3866666667,17655,66185,0.2943288888888889,0.17333333333333334
Uniform crossover,42,28,66185.0,-4199997.78,17655,66185,0.28862844444444435,0.29333333333333333
Uniform crossover,42,29,66185.0,-5760124.346666667,17655,66185,0.2872782222222223,0.22666666666666668
Uniform crossover,42,30,66185.0,-3877580.3333333335,17655,66185,0.28956,0.2466666666666667
Uniform crossover,42,31,66185.0,-3775908.22,17655,66185,0.2882480000000001,0.20666666666666667
Uniform crossover,42,32,66746.0,-3703813.6866666665,17472,66746,0.2773697777777778,0.20666666666666667
Uniform crossover,42,33,66746.0,-4624361.94,17472,66746,0.27455022222222214,0.22666666666666668
Uniform crossover,42,34,66746.0,-4657368.4,17472,66746,0.28168799999999994,0.23333333333333328
Uniform crossover,42,35,66746.0,-5271530.233333333,17472,66746,0.28030755555555564,0.2533333333333333
Uniform crossover,42,36,66746.0,-5099215.533333333,17472,66746,0.2845306666666666,0.22666666666666668
Uniform crossover,42,37,66746.0,-3400959.7,17472,66746,0.28903911111111114,0.24
Uniform crossover,42,38,66746.0,-3454982.96,17472,66746,0.2853359999999999,0.24
Uniform crossover,42,39,66746.0,-3019879.44,17472,66746,0.2752471111111111,0.18666666666666665
Uniform crossover,42,40,66746.0,-5693615.88,17472,66746,0.2708577777777778,0.32666666666666666
Uniform crossover,42,41,66746.0,-2115835.6466666665,17472,66746,0.26903111111111117,0.14
Uniform crossover,42,42,66746.0,-4601318.88,17472,66746,0.2684373333333334,0.28
Uniform crossover,42,43,66746.0,-3432998.62,17472,66746,0.2795626666666666,0.21999999999999997
Uniform crossover,42,44,66746.0,-3015237.3066666666,17472,66746,0.27235822222222233,0.18000000000000005
Uniform crossover,42,45,66746.0,-3347385.52,17472,66746,0.26298488888888893,0.20666666666666667
Uniform crossover,42,46,66746.0,-3728067.1333333333,17472,66746,0.2643128888888887,0.2533333333333333
Uniform crossover,42,47,66746.0,-3101059.42,17472,66746,0.2630302222222223,0.19999999999999996
Uniform crossover,42,48,66746.0,-2595479.98,17472,66746,0.25649866666666665,0.18000000000000005
Uniform crossover,42,49,66746.0,-4298129.66,17472,66746,0.24600711111111115,0.2533333333333333
Uniform crossover,42,50,66746.0,-2271669.1933333334,17472,66746,0.24825866666666674,0.16000000000000003
Uniform crossover,42,51,66864.0,-3112155.026666667,17568,66864,0.24423644444444434,0.17333333333333334
Uniform crossover,42,52,66864.0,-5669829.8,17568,66864,0.24758399999999997,0.2666666666666667
Uniform crossover,42,53,66864.0,-2743844.9066666667,17568,66864,0.24844533333333346,0.18000000000000005
Uniform crossover,42,54,66864.0,-3583727.513333333,17568,66864,0.24750133333333324,0.24
Uniform crossover,42,55,66864.0,-2802170.2466666666,17568,66864,0.24821688888888896,0.23333333333333328
Uniform crossover,42,56,66864.0,-3619107.38,17568,66864,0.24108088888888893,0.19333333333333336
Uniform crossover,42,57,66864.0,-2459943.76,17568,66864,0.23670755555555556,0.21333333333333337
Uniform crossover,42,58,66864.0,-2097149.7,17568,66864,0.23492355555555555,0.15333333333333332
Uniform crossover,42,59,66864.0,-3677297.533333333,17568,66864,0.23701244444444441,0.22666666666666668
Uniform crossover,42,60,66864.0,-2434988.2933333335,17568,66864,0.2321048888888889,0.20666666666666667
Uniform crossover,42,61,66864.0,-2612506.8866666667,17568,66864,0.22550133333333344,0.22666666666666668
Uniform crossover,42,62,66864.0,-3278782.966666667,17568,66864,0.22152533333333346,0.2733333333333333
Uniform crossover,42,63,66864.0,-3708508.04,17568,66864,0.222776,0.22666666666666668
Uniform crossover,42,64,66864.0,-3796781.02,17568,66864,0.2292515555555556,0.21333333333333337
Uniform crossover,42,65,66864.0,-4326826.973333334,17568,66864,0.23297066666666677,0.30000000000000004
Uniform crossover,42,66,66864.0,-2788523.2466666666,17568,66864,0.2361679999999999,0.1466666666666666
Uniform crossover,42,67,66864.0,-3984707.446666667,17568,66864,0.24165955555555554,0.2533333333333333
Uniform crossover,42,68,66864.0,-2640132.16,17568,66864,0.2520746666666666,0.18666666666666665
Uniform crossover,42,69,66864.0,-3004919.993333333,17568,66864,0.238392888888889,0.19333333333333336
Uniform crossover,42,70,66864.0,-3137325.7466666666,17568,66864,0.2346764444444445,0.17333333333333334
Uniform crossover,42,71,66982.0,-4690551.02,17664,66982,0.23929955555555554,0.23333333333333328
Uniform crossover,42,72,66982.0,-3388649.4,17664,66982,0.22994577777777778,0.20666666666666667
Uniform crossover,42,73,66982.0,-3338802.02,17664,66982,0.22639288888888884,0.21333333333333337
Uniform crossover,42,74,66982.0,-2371292.013333333,17664,66982,0.2262506666666667,0.19999999999999996
Uniform crossover,42,75,66982.0,-2823561.7333333334,17664,66982,0.22739644444444435,0.18666666666666665
Uniform crossover,42,76,66982.0,-4303926.866666666,17664,66982,0.22969066666666674,0.26
Uniform crossover,42,77,66982.0,-4073132.98,17664,66982,0.23751911111111132,0.24
Uniform crossover,42,78,66982.0,-2514064.8466666667,17664,66982,0.2391893333333334,0.16666666666666663
Uniform crossover,42,79,66982.0,-4137607.1266666665,17664,66982,0.25247733333333344,0.31999999999999995
Uniform crossover,42,80,66982.0,-3747009.94,17664,66982,0.25041688888888897,0.23333333333333328
Uniform crossover,42,81,66982.0,-2346425.44,17664,66982,0.25303644444444456,0.16666666666666663
Uniform crossover,42,82,66982.0,-2603064.4066666667,17664,66982,0.2568915555555557,0.19999999999999996
Uniform crossover,42,83,66982.0,-3166181.64,17664,66982,0.25353866666666663,0.20666666666666667
Uniform crossover,42,84,66982.0,-4138285.2333333334,17664,66982,0.24303022222222218,0.2866666666666666
Uniform crossover,42,85,66982.0,-2048273.6466666667,17664,66982,0.23934133333333332,0.16666666666666663
Uniform crossover,42,86,66982.0,-2756232.433333333,17664,66982,0.23180444444444462,0.22666666666666668
Uniform crossover,42,87,66982.0,-2207667.3533333335,17664,66982,0.23094666666666672,0.18000000000000005
Uniform crossover,42,88,66982.0,-3268789.2333333334,17664,66982,0.2216622222222223,0.21999999999999997
Uniform crossover,42,89,66982.0,-3534879.64,17664,66982,0.2136035555555556,0.2533333333333333
Uniform crossover,42,90,66982.0,-2732591.5933333333,17664,66982,0.21521155555555552,0.21333333333333337
Uniform crossover,42,91,66982.0,-3143916.8,17664,66982,0.21577066666666675,0.20666666666666667
Uniform crossover,42,92,66982.0,-2828264.24,17664,66982,0.21171199999999987,0.22666666666666668
Uniform crossover,42,93,66982.0,-3538643.7133333334,17664,66982,0.21419466666666673,0.21333333333333337
Uniform crossover,42,94,66982.0,-3766994.486666667,17664,66982,0.20458844444444452,0.2666666666666667
Uniform crossover,42,95,66982.0,-3367842.26,17664,66982,0.19920533333333323,0.2466666666666667
Uniform crossover,42,96,66982.0,-2985174.7866666666,17664,66982,0.19938755555555565,0.19333333333333336
Uniform crossover,42,97,66982.0,-3162914.8666666667,17664,66982,0.2008008888888889,0.2666666666666667
Uniform crossover,42,98,66982.0,-2526477.12,17664,66982,0.20471644444444448,0.19999999999999996
Uniform crossover,42,99,66982.0,-4096486.02,17664,66982,0.204344,0.2666666666666667
Uniform crossover,42,100,66982.0,-3548752.0,17664,66982,0.1975413333333334,0.24
Uniform crossover,42,101,66982.0,-2851104.04,17664,66982,0.2024631111111111,0.20666666666666667
Uniform crossover,42,102,66982.0,-3890591.0933333333,17664,66982,0.20681333333333346,0.24
Uniform crossover,42,103,66982.0,-3098879.3466666667,17664,66982,0.19924533333333336,0.19999999999999996
Uniform crossover,42,104,66982.0,-3892706.64,17664,66982,0.19276088888888893,0.2533333333333333
Uniform crossover,42,105,66982.0,-1860755.42,17664,66982,0.20121244444444453,0.16000000000000003
Uniform crossover,42,106,66982.0,-4067797.2866666666,17664,66982,0.19718844444444447,0.26
Uniform crossover,42,107,66982.0,-3619372.3666666667,17664,66982,0.20436444444444443,0.23333333333333328
Uniform crossover,42,108,66982.0,-1662261.9133333333,17664,66982,0.199592,0.15333333333333332
Uniform crossover,42,109,66982.0,-2828928.1666666665,17664,66982,0.19634844444444444,0.18000000000000005
Uniform crossover,42,110,66982.0,-2818025.7333333334,17664,66982,0.19530400000000003,0.20666666666666667
Uniform crossover,42,111,66982.0,-2913153.3666666667,17664,66982,0.19831466666666672,0.21333333333333337
Uniform crossover,42,112,66982.0,-3811309.6333333333,17664,66982,0.21191644444444444,0.2466666666666667
Uniform crossover,42,113,66982.0,-4611045.706666667,17664,66982,0.20677955555555552,0.2533333333333333
Uniform crossover,42,114,67047.0,-2642654.8266666667,17589,67047,0.2101111111111112,0.21333333333333337
Uniform crossover,42,115,67047.0,-3737035.6066666665,17589,67047,0.21395377777777777,0.26
Uniform crossover,42,116,67047.0,-2824708.933333333,17589,67047,0.21407466666666664,0.21999999999999997
Uniform crossover,42,117,67047.0,-3011077.1133333333,17589,67047,0.22265511111111114,0.21333333333333337
Uniform crossover,42,118,67047.0,-4059430.033333333,17589,67047,0.23041688888888892,0.19333333333333336
Uniform crossover,42,119,67047.0,-3920936.72,17589,67047,0.22238933333333333,0.2466666666666667
Uniform crossover,42,120,67047.0,-2023154.54,17589,67047,0.22800888888888893,0.1266666666666667
Uniform crossover,42,121,67047.0,-2800998.1533333333,17589,67047,0.22396177777777773,0.2466666666666667
Uniform crossover,42,122,67047.0,-3001912.7866666666,17589,67047,0.21087555555555557,0.16666666666666663
Uniform crossover,42,123,67047.0,-2939436.2,17589,67047,0.20473244444444447,0.19999999999999996
Uniform crossover,42,124,67047.0,-4113561.38,17589,67047,0.20577422222222233,0.24
Uniform crossover,42,125,67047.0,-3703494.946666667,17589,67047,0.2038497777777778,0.28
Uniform crossover,42,126,67047.0,-3807322.14,17589,67047,0.20775466666666673,0.2733333333333333
Uniform crossover,42,127,67047.0,-4010276.433333333,17589,67047,0.22189244444444448,0.22666666666666668
Uniform crossover,42,128,67047.0,-3176568.7133333334,17589,67047,0.22098488888888895,0.24
Uniform crossover,42,129,67047.0,-3385363.2,17589,67047,0.22811288888888892,0.19333333333333336
Uniform crossover,42,130,67047.0,-3237575.5733333332,17589,67047,0.23317777777777768,0.18666666666666665
Uniform crossover,42,131,67047.0,-4495755.333333333,17589,67047,0.24404888888888895,0.2733333333333333
Uniform crossover,42,132,67165.0,-4804355.786666667,17685,67165,0.23876711111111118,0.28
Uniform crossover,42,133,67165.0,-3162393.466666667,17685,67165,0.23244355555555563,0.20666666666666667
Uniform crossover,42,134,67165.0,-2950276.1666666665,17685,67165,0.22407111111111103,0.2466666666666667
Uniform crossover,42,135,67165.0,-3570035.34,17685,67165,0.230968,0.24
Uniform crossover,42,136,67165.0,-2202466.18,17685,67165,0.2229786666666666,0.16666666666666663
Uniform crossover,42,137,67165.0,-3581073.3333333335,17685,67165,0.22628977777777787,0.26
Uniform crossover,42,138,67165.0,-2813585.9,17685,67165,0.22780888888888892,0.21333333333333337
Uniform crossover,42,139,67165.0,-3017668.12,17685,67165,0.2296622222222223,0.22666666666666668
Uniform crossover,42,140,67165.0,-4160630.2866666666,17685,67165,0.23155644444444448,0.22666666666666668
Uniform crossover,42,141,67165.0,-3476770.9066666667,17685,67165,0.23399200000000003,0.21333333333333337
Uniform crossover,42,142,67165.0,-4032926.62,17685,67165,0.23049155555555553,0.22666666666666668
Uniform crossover,42,143,67165.0,-3709716.0933333333,17685,67165,0.23603822222222223,0.23333333333333328
Uniform crossover,42,144,67165.0,-2993961.5866666664,17685,67165,0.2248337777777779,0.20666666666666667
Uniform crossover,42,145,67165.0,-4221838.713333333,17685,67165,0.22581600000000004,0.2666666666666667
Uniform crossover,42,146,67165.0,-3775944.493333333,17685,67165,0.22555022222222243,0.21999999999999997
Uniform crossover,42,147,67165.0,-2625638.8266666667,17685,67165,0.22332266666666672,0.20666666666666667
Uniform crossover,42,148,67165.0,-5434215.173333333,17685,67165,0.22298488888888893,0.2733333333333333
Uniform crossover,42,149,67165.0,-2936111.566666667,17685,67165,0.22592800000000005,0.21999999999999997
Uniform crossover,42,150,67165.0,-3788321.433333333,17685,67165,0.22565866666666679,0.24
Uniform crossover,42,151,67165.0,-2537901.0933333333,17685,67165,0.22280355555555567,0.15333333333333332
Uniform crossover,42,152,67165.0,-5346848.76,17685,67165,0.22116000000000002,0.2733333333333333
Uniform crossover,42,153,67165.0,-2000914.4933333334,17685,67165,0.2266977777777778,0.17333333333333334
Uniform crossover,42,154,67165.0,-4635661.52,17685,67165,0.22612444444444452,0.2466666666666667
Uniform crossover,42,155,67165.0,-4824506.24,17685,67165,0.22382844444444452,0.22666666666666668
Uniform crossover,42,156,67165.0,-2852468.46,17685,67165,0.2134773333333333,0.21999999999999997
Uniform crossover,42,157,67165.0,-3395938.08,17685,67165,0.21433155555555555,0.2666666666666667
Uniform crossover,42,158,67165.0,-4066697.06,17685,67165,0.2186942222222223,0.23333333333333328
Uniform crossover,42,159,67165.0,-4096282.08,17685,67165,0.22010666666666662,0.2466666666666667
Uniform crossover,42,160,67165.0,-3330066.32,17685,67165,0.22003111111111118,0.22666666666666668
Uniform crossover,42,161,67165.0,-3183916.66,17685,67165,0.21700800000000003,0.2866666666666666
Uniform crossover,42,162,67165.0,-3011314.32,17685,67165,0.21993066666666666,0.2533333333333333
Uniform crossover,42,163,67165.0,-3061449.2733333334,17685,67165,0.2215457777777778,0.18666666666666665
Uniform crossover,42,164,67165.0,-2743272.1733333333,17685,67165,0.22879022222222226,0.19333333333333336
Uniform crossover,42,165,67165.0,-4283881.673333333,17685,67165,0.22918933333333333,0.2533333333333333
Uniform crossover,42,166,67165.0,-3271752.1733333333,17685,67165,0.22211466666666674,0.18666666666666665
Uniform crossover,42,167,67165.0,-3463109.62,17685,67165,0.21783200000000005,0.2466666666666667
Uniform crossover,42,168,67165.0,-2869625.66,17685,67165,0.21183733333333343,0.21999999999999997
Uniform crossover,42,169,67165.0,-3170501.98,17685,67165,0.21213866666666675,0.22666666666666668
Uniform crossover,42,170,67165.0,-2670405.7133333334,17685,67165,0.20988444444444446,0.20666666666666667
Uniform crossover,42,171,67165.0,-3179725.3933333335,17685,67165,0.20994666666666661,0.22666666666666668
Uniform crossover,42,172,67165.0,-2357632.466666667,17685,67165,0.21575111111111112,0.21999999999999997
Uniform crossover,42,173,67165.0,-3445961.1533333333,17685,67165,0.2234613333333334,0.20666666666666667
Uniform crossover,42,174,67165.0,-4047736.8066666666,17685,67165,0.22339111111111104,0.24
Uniform crossover,42,175,67165.0,-2990543.473333333,17685,67165,0.2219857777777778,0.22666666666666668
Uniform crossover,42,176,67165.0,-3288659.466666667,17685,67165,0.2202444444444445,0.22666666666666668
Uniform crossover,42,177,67165.0,-4420258.72,17685,67165,0.22310666666666662,0.26
Uniform crossover,42,178,67165.0,-3579532.1333333333,17685,67165,0.22610755555555553,0.2733333333333333
Uniform crossover,42,179,67165.0,-3859425.1333333333,17685,67165,0.23286933333333334,0.20666666666666667
Uniform crossover,42,180,67165.0,-3260248.7933333335,17685,67165,0.23433688888888876,0.20666666666666667
Uniform crossover,42,181,67165.0,-3468883.36,17685,67165,0.2349137777777778,0.22666666666666668
Uniform crossover,42,182,67165.0,-4115609.7533333334,17685,67165,0.23178755555555564,0.22666666666666668
Uniform crossover,42,183,67165.0,-5817856.093333334,17685,67165,0.22686666666666666,0.30000000000000004
Uniform crossover,42,184,67165.0,-4100467.993333333,17685,67165,0.23018844444444447,0.2466666666666667
Uniform crossover,42,185,67165.0,-4131268.8466666667,17685,67165,0.2325688888888889,0.20666666666666667
Uniform crossover,42,186,67165.0,-4233897.613333333,17685,67165,0.23215822222222227,0.26
Uniform crossover,42,187,67165.0,-2503026.6933333334,17685,67165,0.23501155555555556,0.22666666666666668
Uniform crossover,42,188,67165.0,-2816052.8333333335,17685,67165,0.23116800000000004,0.19333333333333336
Uniform crossover,42,189,67165.0,-3204749.2333333334,17685,67165,0.2375208888888888,0.24
Uniform crossover,42,190,67165.0,-4465315.373333333,17685,67165,0.24228177777777782,0.30000000000000004
Uniform crossover,42,191,67165.0,-2625637.066666667,17685,67165,0.229192,0.20666666666666667
Uniform crossover,42,192,67165.0,-3766504.006666667,17685,67165,0.22304622222222226,0.2666666666666667
Uniform crossover,42,193,67165.0,-3438840.946666667,17685,67165,0.22669244444444445,0.19999999999999996
Uniform crossover,42,194,67165.0,-2879204.18,17685,67165,0.22901600000000016,0.17333333333333334
Uniform crossover,42,195,67165.0,-4364979.3133333335,17685,67165,0.22483555555555568,0.28
Uniform crossover,42,196,67165.0,-3381451.1266666665,17685,67165,0.227616,0.2466666666666667
Uniform crossover,42,197,67165.0,-2885265.12,17685,67165,0.22996711111111107,0.16000000000000003
Uniform crossover,42,198,67165.0,-4183858.8466666667,17685,67165,0.23617600000000005,0.26
Uniform crossover,42,199,67165.0,-3084476.013333333,17685,67165,0.23686400000000002,0.21333333333333337
Uniform crossover,42,200,67165.0,-5330084.6866666665,17685,67165,0.24703911111111118,0.2733333333333333
Uniform crossover,43,0,47659.0,-17477563.38,17673,47659,0.4971146666666663,0.4666666666666667
Uniform crossover,43,1,52075.0,-6202465.166666667,17685,52075,0.49034666666666654,0.2866666666666666
Uniform crossover,43,2,53546.0,-2613077.6466666665,16452,53546,0.4753777777777777,0.16666666666666663
Uniform crossover,43,3,55258.0,-2999555.993333333,16566,55258,0.4631591111111109,0.1466666666666666
Uniform crossover,43,4,56698.0,-2835379.94,17226,56698,0.4423493333333333,0.16000000000000003
Uniform crossover,43,5,57962.0,-2970601.6466666665,16464,57962,0.4255253333333334,0.15333333333333332
Uniform crossover,43,6,59927.0,-1703505.5266666666,17679,59927,0.4056248888888891,0.1333333333333333
Uniform crossover,43,7,62313.0,-3020571.64,16551,62313,0.39486400000000016,0.17333333333333334
Uniform crossover,43,8,62313.0,-2828160.0733333332,16551,62313,0.38268888888888897,0.18000000000000005
Uniform crossover,43,9,63493.0,-5027407.84,17511,63493,0.37354133333333345,0.24
Uniform crossover,43,10,63493.0,-4335730.1,17511,63493,0.3598702222222223,0.20666666666666667
Uniform crossover,43,11,63493.0,-2886905.933333333,17511,63493,0.34910844444444455,0.19999999999999996
Uniform crossover,43,12,63493.0,-3515340.026666667,17511,63493,0.32508444444444434,0.22666666666666668
Uniform crossover,43,13,64615.0,-3564578.08,17145,64615,0.31659199999999993,0.21999999999999997
Uniform crossover,43,14,64615.0,-2887786.066666667,17145,64615,0.3028808888888888,0.23333333333333328
Uniform crossover,43,15,64615.0,-3313825.6533333333,17145,64615,0.3020515555555554,0.19333333333333336
Uniform crossover,43,16,64615.0,-3672781.533333333,17145,64615,0.29379022222222223,0.19333333333333336
Uniform crossover,43,17,64615.0,-4782535.206666667,17145,64615,0.28177688888888885,0.23333333333333328
Uniform crossover,43,18,64615.0,-4206464.373333333,17145,64615,0.26758577777777776,0.19999999999999996
Uniform crossover,43,19,65087.0,-3005253.1333333333,17529,65087,0.25708088888888897,0.26
Uniform crossover,43,20,65087.0,-3371304.96,17529,65087,0.25930933333333334,0.2466666666666667
Uniform crossover,43,21,65087.0,-3201564.466666667,17529,65087,0.25873955555555556,0.19999999999999996
Uniform crossover,43,22,65453.0,-3450668.2133333334,17571,65453,0.24715555555555566,0.24
Uniform crossover,43,23,66067.0,-3794898.5,17559,66067,0.24403022222222215,0.20666666666666667
Uniform crossover,43,24,66067.0,-2279370.6333333333,17559,66067,0.24870577777777786,0.18666666666666665
Uniform crossover,43,25,66067.0,-4667781.106666666,17559,66067,0.24815911111111116,0.2533333333333333
Uniform crossover,43,26,66067.0,-2775006.2666666666,17559,66067,0.2522320000000002,0.2466666666666667
Uniform crossover,43,27,66067.0,-3671313.9,17559,66067,0.25137599999999993,0.19999999999999996
Uniform crossover,43,28,66067.0,-2570334.6333333333,17559,66067,0.2540533333333334,0.18666666666666665
Uniform crossover,43,29,66067.0,-1929515.18,17559,66067,0.25348711111111116,0.18000000000000005
Uniform crossover,43,30,66067.0,-2246276.72,17559,66067,0.25279288888888884,0.18666666666666665
Uniform crossover,43,31,66315.0,-5288917.473333334,17505,66315,0.24856266666666665,0.32666666666666666
Uniform crossover,43,32,66368.0,-2212216.986666667,17676,66368,0.24523199999999995,0.18666666666666665
Uniform crossover,43,33,66368.0,-3561546.14,17676,66368,0.24558311111111109,0.21333333333333337
Uniform crossover,43,34,66368.0,-3385514.02,17676,66368,0.24910933333333335,0.19333333333333336
Uniform crossover,43,35,66368.0,-4409574.64,17676,66368,0.24310488888888887,0.24
Uniform crossover,43,36,66368.0,-3127006.513333333,17676,66368,0.24450755555555564,0.24
Uniform crossover,43,37,66746.0,-3273967.2733333334,17472,66746,0.24286488888888894,0.21333333333333337
Uniform crossover,43,38,66746.0,-5251922.82,17472,66746,0.24459999999999993,0.2866666666666666
Uniform crossover,43,39,66746.0,-2307179.42,17472,66746,0.24356799999999995,0.16666666666666663
Uniform crossover,43,40,66746.0,-3565943.8066666666,17472,66746,0.24234666666666665,0.21999999999999997
Uniform crossover,43,41,66746.0,-4545707.94,17472,66746,0.25088444444444435,0.2533333333333333
Uniform crossover,43,42,66746.0,-4194940.66,17472,66746,0.25023199999999995,0.21999999999999997
Uniform crossover,43,43,66746.0,-2444822.8266666667,17472,66746,0.25207822222222226,0.17333333333333334
Uniform crossover,43,44,66746.0,-4023476.7666666666,17472,66746,0.2601919999999999,0.19999999999999996
Uniform crossover,43,45,66746.0,-4176820.3333333335,17472,66746,0.2558293333333333,0.28
Uniform crossover,43,46,66746.0,-2634109.42,17472,66746,0.25280711111111115,0.19333333333333336
Uniform crossover,43,47,66746.0,-2831854.3133333335,17472,66746,0.24634400000000006,0.19333333333333336
Uniform crossover,43,48,66746.0,-5393034.613333333,17472,66746,0.24277333333333334,0.2733333333333333
Uniform crossover,43,49,66746.0,-3914785.6666666665,17472,66746,0.25083022222222223,0.2533333333333333
Uniform crossover,43,50,66746.0,-2900851.7733333334,17472,66746,0.249952888888889,0.21999999999999997
Uniform crossover,43,51,66864.0,-4079551.7933333335,17568,66864,0.244768,0.21999999999999997
Uniform crossover,43,52,66982.0,-3836608.553333333,17664,66982,0.23795377777777785,0.17333333333333334
Uniform crossover,43,53,66982.0,-2368084.02,17664,66982,0.22780888888888895,0.19333333333333336
Uniform crossover,43,54,66982.0,-4276509.333333333,17664,66982,0.22895288888888896,0.2466666666666667
Uniform crossover,43,55,66982.0,-4110974.98,17664,66982,0.22871555555555548,0.20666666666666667
Uniform crossover,43,56,66982.0,-2923481.6533333333,17664,66982,0.21565244444444445,0.16000000000000003
Uniform crossover,43,57,66982.0,-3133237.26,17664,66982,0.2144462222222223,0.22666666666666668
Uniform crossover,43,58,66982.0,-4170637.7,17664,66982,0.2225493333333333,0.20666666666666667
Uniform crossover,43,59,66982.0,-3464974.993333333,17664,66982,0.22235111111111105,0.19999999999999996
Uniform crossover,43,60,66982.0,-3431748.08,17664,66982,0.2162613333333334,0.19333333333333336
Uniform crossover,43,61,66982.0,-2895224.8866666667,17664,66982,0.22355111111111114,0.23333333333333328
Uniform crossover,43,62,66982.0,-3831115.3066666666,17664,66982,0.21643288888888898,0.2466666666666667
Uniform crossover,43,63,66982.0,-3483238.533333333,17664,66982,0.2150071111111112,0.24
Uniform crossover,43,64,66982.0,-3984243.5733333332,17664,66982,0.2141057777777778,0.2466666666666667
Uniform crossover,43,65,66982.0,-2396336.1133333333,17664,66982,0.21461333333333343,0.16000000000000003
Uniform crossover,43,66,66982.0,-3189823.2733333334,17664,66982,0.20578666666666667,0.21333333333333337
Uniform crossover,43,67,66982.0,-3820754.76,17664,66982,0.20636977777777785,0.28
Uniform crossover,43,68,66982.0,-2504933.18,17664,66982,0.20737688888888897,0.17333333333333334
Uniform crossover,43,69,66982.0,-2764592.7,17664,66982,0.1914711111111112,0.18666666666666665
Uniform crossover,43,70,66982.0,-2455718.46,17664,66982,0.18141422222222214,0.16000000000000003
Uniform crossover,43,71,66982.0,-3045433.2133333334,17664,66982,0.18162844444444445,0.21999999999999997
Uniform crossover,43,72,66982.0,-3054673.84,17664,66982,0.18595288888888895,0.21999999999999997
Uniform crossover,43,73,66982.0,-3251767.6733333333,17664,66982,0.1810853333333334,0.23333333333333328
Uniform crossover,43,74,66982.0,-2566792.533333333,17664,66982,0.18738400000000002,0.16000000000000003
Uniform crossover,43,75,66982.0,-3135017.32,17664,66982,0.1858977777777778,0.23333333333333328
Uniform crossover,43,76,66982.0,-2782982.3466666667,17664,66982,0.18313066666666675,0.18666666666666665
Uniform crossover,43,77,66982.0,-3814718.0733333332,17664,66982,0.17893066666666668,0.22666666666666668
Uniform crossover,43,78,66982.0,-2690449.066666667,17664,66982,0.17681688888888888,0.22666666666666668
Uniform crossover,43,79,66982.0,-3187664.5,17664,66982,0.17337244444444447,0.23333333333333328
Uniform crossover,43,80,66982.0,-2762958.053333333,17664,66982,0.16718577777777785,0.23333333333333328
Uniform crossover,43,81,66982.0,-2869200.3533333335,17664,66982,0.16542666666666672,0.22666666666666668
Uniform crossover,43,82,66982.0,-3472736.6133333333,17664,66982,0.17560622222222225,0.21999999999999997
Uniform crossover,43,83,66982.0,-3795100.9066666667,17664,66982,0.1721653333333334,0.23333333333333328
Uniform crossover,43,84,66982.0,-1300191.16,17664,66982,0.17451377777777777,0.16666666666666663
Uniform crossover,43,85,66982.0,-2194522.7333333334,17664,66982,0.17499377777777778,0.18000000000000005
Uniform crossover,43,86,66982.0,-2996840.7,17664,66982,0.18057244444444442,0.24
Uniform crossover,43,87,66982.0,-3037078.933333333,17664,66982,0.1758364444444445,0.22666666666666668
Uniform crossover,43,88,66982.0,-3542106.2666666666,17664,66982,0.18475911111111118,0.2466666666666667
Uniform crossover,43,89,66982.0,-2790425.466666667,17664,66982,0.19399200000000008,0.18000000000000005
Uniform crossover,43,90,66982.0,-3605034.033333333,17664,66982,0.1973893333333334,0.23333333333333328
Uniform crossover,43,91,66982.0,-2862840.1066666665,17664,66982,0.20312000000000008,0.21999999999999997
Uniform crossover,43,92,66982.0,-3690864.64,17664,66982,0.20554488888888897,0.2533333333333333
Uniform crossover,43,93,66982.0,-5105330.946666666,17664,66982,0.20366133333333333,0.28
Uniform crossover,43,94,66982.0,-3021951.453333333,17664,66982,0.2083786666666667,0.20666666666666667
Uniform crossover,43,95,66982.0,-3106511.2,17664,66982,0.2138053333333335,0.2733333333333333
Uniform crossover,43,96,66982.0,-3981734.58,17664,66982,0.21348799999999998,0.26
Uniform crossover,43,97,66982.0,-2746611.08,17664,66982,0.2138835555555556,0.16000000000000003
Uniform crossover,43,98,66982.0,-3992896.9133333336,17664,66982,0.2053448888888889,0.2866666666666666
Uniform crossover,43,99,66982.0,-3072705.2333333334,17664,66982,0.20765866666666669,0.21333333333333337
Uniform crossover,43,100,66982.0,-2422228.6,17664,66982,0.2064124444444445,0.17333333333333334
Uniform crossover,43,101,66982.0,-3481737.5733333332,17664,66982,0.1938977777777778,0.2466666666666667
Uniform crossover,43,102,66982.0,-2993680.4266666668,17664,66982,0.207992888888889,0.20666666666666667
Uniform crossover,43,103,66982.0,-3337310.6066666665,17664,66982,0.20133155555555565,0.20666666666666667
Uniform crossover,43,104,66982.0,-2978189.24,17664,66982,0.19158133333333335,0.19999999999999996
Uniform crossover,43,105,66982.0,-2145166.7333333334,17664,66982,0.18321155555555557,0.19999999999999996
Uniform crossover,43,106,66982.0,-2402055.9266666668,17664,66982,0.18568622222222228,0.21999999999999997
Uniform crossover,43,107,66982.0,-3266294.8333333335,17664,66982,0.18574755555555558,0.21999999999999997
Uniform crossover,43,108,66982.0,-2971576.78,17664,66982,0.1848773333333334,0.18000000000000005
Uniform crossover,43,109,66982.0,-2994704.013333333,17664,66982,0.18648533333333336,0.21999999999999997
Uniform crossover,43,110,66982.0,-3263621.013333333,17664,66982,0.18778488888888892,0.26
Uniform crossover,43,111,66982.0,-3177774.6266666665,17664,66982,0.19336177777777777,0.24
Uniform crossover,43,112,66982.0,-3162768.3066666666,17664,66982,0.19841955555555552,0.18666666666666665
Uniform crossover,43,113,66982.0,-3194262.52,17664,66982,0.18283288888888902,0.2466666666666667
Uniform crossover,43,114,66982.0,-3204735.6866666665,17664,66982,0.19236711111111113,0.2466666666666667
Uniform crossover,43,115,66982.0,-3791196.013333333,17664,66982,0.19804355555555556,0.24
Uniform crossover,43,116,66982.0,-2244587.8733333335,17664,66982,0.19404711111111111,0.21333333333333337
Uniform crossover,43,117,66982.0,-3266194.22,17664,66982,0.1934337777777778,0.2466666666666667
Uniform crossover,43,118,66982.0,-4070645.1533333333,17664,66982,0.18989066666666685,0.2866666666666666
Uniform crossover,43,119,66982.0,-3084534.68,17664,66982,0.19604888888888897,0.18666666666666665
Uniform crossover,43,120,66982.0,-3802158.78,17664,66982,0.18641333333333335,0.2533333333333333
Uniform crossover,43,121,66982.0,-2969303.6133333333,17664,66982,0.183,0.21333333333333337
Uniform crossover,43,122,66982.0,-2067598.6266666667,17664,66982,0.17805155555555552,0.18000000000000005
Uniform crossover,43,123,66982.0,-3148092.6266666665,17664,66982,0.17579466666666668,0.19999999999999996
Uniform crossover,43,124,66982.0,-3002917.78,17664,66982,0.17102666666666672,0.22666666666666668
Uniform crossover,43,125,66982.0,-3625225.3066666666,17664,66982,0.16711377777777778,0.21999999999999997
Uniform crossover,43,126,66982.0,-2758098.533333333,17664,66982,0.16255555555555556,0.18000000000000005
Uniform crossover,43,127,66982.0,-2022803.12,17664,66982,0.16332355555555553,0.21999999999999997
Uniform crossover,43,128,66982.0,-1980622.8466666667,17664,66982,0.16225955555555566,0.18000000000000005
Uniform crossover,43,129,66982.0,-3328337.6,17664,66982,0.1647671111111112,0.2666666666666667
Uniform crossover,43,130,66982.0,-3322259.3866666667,17664,66982,0.1656515555555556,0.22666666666666668
Uniform crossover,43,131,66982.0,-4058418.0,17664,66982,0.16562577777777776,0.2533333333333333
Uniform crossover,43,132,66982.0,-1950158.8,17664,66982,0.1649057777777778,0.18000000000000005
Uniform crossover,43,133,66982.0,-2712380.4133333336,17664,66982,0.17724000000000006,0.21333333333333337
Uniform crossover,43,134,66982.0,-3112564.7866666666,17664,66982,0.18681155555555556,0.21999999999999997
Uniform crossover,43,135,66982.0,-3415484.3133333335,17664,66982,0.19760444444444453,0.24
Uniform crossover,43,136,66982.0,-3627037.446666667,17664,66982,0.1891848888888889,0.32666666666666666
Uniform crossover,43,137,66982.0,-4579460.953333333,17664,66982,0.19052088888888885,0.2666666666666667
Uniform crossover,43,138,66982.0,-3332602.3333333335,17664,66982,0.18933066666666679,0.2466666666666667
Uniform crossover,43,139,66982.0,-3904475.8066666666,17664,66982,0.19403644444444443,0.24
Uniform crossover,43,140,66982.0,-2050373.0533333332,17664,66982,0.1959653333333334,0.19999999999999996
Uniform crossover,43,141,66982.0,-3268521.76,17664,66982,0.19433866666666672,0.26
Uniform crossover,43,142,66982.0,-2502817.493333333,17664,66982,0.19946222222222218,0.21333333333333337
Uniform crossover,43,143,66982.0,-2293314.0,17664,66982,0.20690044444444455,0.15333333333333332
Uniform crossover,43,144,66982.0,-3186459.3733333335,17664,66982,0.19830577777777778,0.21999999999999997
Uniform crossover,43,145,66982.0,-3676809.56,17664,66982,0.20353333333333332,0.30000000000000004
Uniform crossover,43,146,66982.0,-2725400.4266666668,17664,66982,0.2146408888888889,0.20666666666666667
Uniform crossover,43,147,66982.0,-3784841.7266666666,17664,66982,0.2079555555555556,0.22666666666666668
Uniform crossover,43,148,66982.0,-2734953.42,17664,66982,0.21473955555555554,0.18666666666666665
Uniform crossover,43,149,66982.0,-3788190.5733333332,17664,66982,0.2153635555555557,0.2533333333333333
Uniform crossover,43,150,66982.0,-3459775.1733333333,17664,66982,0.209784,0.21333333333333337
Uniform crossover,43,151,66982.0,-3119974.72,17664,66982,0.20398933333333336,0.21999999999999997
Uniform crossover,43,152,66982.0,-2067928.5466666666,17664,66982,0.19848977777777774,0.16000000000000003
Uniform crossover,43,153,66982.0,-2192389.86,17664,66982,0.19404533333333332,0.22666666666666668
Uniform crossover,43,154,66982.0,-4402587.306666667,17664,66982,0.1866551111111111,0.26
Uniform crossover,43,155,66982.0,-4323854.493333333,17664,66982,0.18896711111111117,0.30666666666666664
Uniform crossover,43,156,66982.0,-2250914.473333333,17664,66982,0.18603644444444448,0.21333333333333337
Uniform crossover,43,157,66982.0,-2434884.3466666667,17664,66982,0.17885422222222225,0.18666666666666665
Uniform crossover,43,158,66982.0,-3563556.42,17664,66982,0.18955733333333336,0.21999999999999997
Uniform crossover,43,159,66982.0,-3466310.1733333333,17664,66982,0.18651911111111116,0.2666666666666667
Uniform crossover,43,160,66982.0,-3268195.1,17664,66982,0.1941635555555555,0.2533333333333333
Uniform crossover,43,161,66982.0,-3083336.7066666665,17664,66982,0.19981422222222223,0.22666666666666668
Uniform crossover,43,162,66982.0,-3609051.3266666667,17664,66982,0.19894666666666677,0.19999999999999996
Uniform crossover,43,163,66982.0,-4698455.04,17664,66982,0.2035466666666667,0.2733333333333333
Uniform crossover,43,164,66982.0,-3830767.38,17664,66982,0.2076222222222222,0.2866666666666666
Uniform crossover,43,165,66982.0,-3186965.5,17664,66982,0.1991813333333334,0.21999999999999997
Uniform crossover,43,166,66982.0,-3125385.026666667,17664,66982,0.18946133333333337,0.2666666666666667
Uniform crossover,43,167,66982.0,-3003578.4133333336,17664,66982,0.19022844444444448,0.2466666666666667
Uniform crossover,43,168,66982.0,-1902860.6666666667,17664,66982,0.18475822222222216,0.18000000000000005
Uniform crossover,43,169,66982.0,-1938996.46,17664,66982,0.18776444444444443,0.18000000000000005
Uniform crossover,43,170,66982.0,-3301568.446666667,17664,66982,0.18427644444444444,0.23333333333333328
Uniform crossover,43,171,66982.0,-3297527.8866666667,17664,66982,0.1940471111111111,0.23333333333333328
Uniform crossover,43,172,66982.0,-1922121.2733333334,17664,66982,0.19683644444444443,0.18666666666666665
Uniform crossover,43,173,66982.0,-3263176.006666667,17664,66982,0.20054933333333327,0.21333333333333337
Uniform crossover,43,174,66982.0,-3025389.7,17664,66982,0.1993137777777779,0.22666666666666668
Uniform crossover,43,175,66982.0,-2909818.473333333,17664,66982,0.20312622222222224,0.18666666666666665
Uniform crossover,43,176,66982.0,-2932084.6866666665,17664,66982,0.19213244444444455,0.24
Uniform crossover,43,177,66982.0,-4098427.14,17664,66982,0.19420000000000004,0.2733333333333333
Uniform crossover,43,178,66982.0,-4390164.36,17664,66982,0.20526222222222232,0.2533333333333333
Uniform crossover,43,179,66982.0,-2780329.54,17664,66982,0.2091911111111111,0.18000000000000005
Uniform crossover,43,180,66982.0,-2629025.12,17664,66982,0.20740000000000003,0.24
Uniform crossover,43,181,66982.0,-3433769.7733333334,17664,66982,0.20932000000000012,0.22666666666666668
Uniform crossover,43,182,66982.0,-2804677.8666666667,17664,66982,0.21052000000000007,0.19333333333333336
Uniform crossover,43,183,66982.0,-2154497.04,17664,66982,0.2127413333333334,0.16000000000000003
Uniform crossover,43,184,66982.0,-3606342.08,17664,66982,0.20644977777777773,0.2733333333333333
Uniform crossover,43,185,66982.0,-3066729.033333333,17664,66982,0.20993955555555552,0.2466666666666667
Uniform crossover,43,186,66982.0,-3094479.2666666666,17664,66982,0.21004,0.21999999999999997
Uniform crossover,43,187,66982.0,-3674479.6133333333,17664,66982,0.21381511111111112,0.22666666666666668
Uniform crossover,43,188,66982.0,-4346196.106666666,17664,66982,0.2113306666666666,0.2733333333333333
Uniform crossover,43,189,66982.0,-3723184.44,17664,66982,0.2136666666666666,0.20666666666666667
Uniform crossover,43,190,66982.0,-2468055.7,17664,66982,0.21792977777777775,0.19333333333333336
Uniform crossover,43,191,66982.0,-2539729.3533333335,17664,66982,0.21328444444444453,0.23333333333333328
Uniform crossover,43,192,66982.0,-4569095.466666667,17664,66982,0.20704533333333347,0.2533333333333333
Uniform crossover,43,193,66982.0,-4939847.46,17664,66982,0.2001982222222223,0.30666666666666664
Uniform crossover,43,194,66982.0,-3032835.1666666665,17664,66982,0.19934044444444446,0.21333333333333337
Uniform crossover,43,195,66982.0,-3778851.5866666664,17664,66982,0.1973315555555557,0.23333333333333328
Uniform crossover,43,196,66982.0,-2106208.1133333333,17664,66982,0.19848177777777784,0.18000000000000005
Uniform crossover,43,197,66982.0,-2510660.22,17664,66982,0.19306577777777778,0.18000000000000005
Uniform crossover,43,198,66982.0,-2825311.76,17664,66982,0.1916106666666667,0.23333333333333328
Uniform crossover,43,199,66982.0,-3202469.3866666667,17664,66982,0.192896888888889,0.19999999999999996
Uniform crossover,43,200,66982.0,-2825929.14,17664,66982,0.18673155555555565,0.21333333333333337
Uniform crossover,44,0,51993.0,-14890690.52,16851,51993,0.4965537777777776,0.4866666666666667
Uniform crossover,44,1,51993.0,-5758537.94,16851,51993,0.4873306666666665,0.2733333333333333
Uniform crossover,44,2,51993.0,-3412823.553333333,16851,51993,0.4779279999999999,0.19999999999999996
Uniform crossover,44,3,53943.0,-3048320.1933333334,14601,53943,0.45722577777777784,0.12
Uniform crossover,44,4,56380.0,-2718917.8333333335,16200,56380,0.4412311111111109,0.18000000000000005
Uniform crossover,44,5,58682.0,-4088483.1333333333,16794,58682,0.421623111111111,0.16666666666666663
Uniform crossover,44,6,58682.0,-2169676.1066666665,16794,58682,0.405816,0.15333333333333332
Uniform crossover,44,7,59638.0,-2602967.18,17316,59638,0.3785679999999999,0.16666666666666663
Uniform crossover,44,8,61882.0,-2990067.6933333334,16584,61882,0.36288888888888904,0.17333333333333334
Uniform crossover,44,9,62419.0,-3462304.1266666665,16893,62419,0.3530008888888888,0.20666666666666667
Uniform crossover,44,10,62448.0,-4798142.653333333,17556,62448,0.35553155555555555,0.24
Uniform crossover,44,11,63493.0,-3284845.1066666665,17511,63493,0.3424595555555557,0.21333333333333337
Uniform crossover,44,12,63505.0,-5516918.366666666,17265,63505,0.33293422222222213,0.2666666666666667
Uniform crossover,44,13,65058.0,-2809508.7933333335,16866,65058,0.3245413333333334,0.16666666666666663
Uniform crossover,44,14,65058.0,-3762017.24,16866,65058,0.3203031111111112,0.20666666666666667
Uniform crossover,44,15,65595.0,-3195392.566666667,17175,65595,0.3037155555555555,0.21333333333333337
Uniform crossover,44,16,65595.0,-3866371.1866666665,17175,65595,0.2964906666666667,0.21333333333333337
Uniform crossover,44,17,66002.0,-3374196.3066666666,17634,66002,0.28939733333333334,0.23333333333333328
Uniform crossover,44,18,66315.0,-3815340.066666667,17505,66315,0.2837635555555556,0.2533333333333333
Uniform crossover,44,19,66315.0,-3475526.8466666667,17505,66315,0.28666755555555556,0.20666666666666667
Uniform crossover,44,20,66315.0,-4492613.566666666,17505,66315,0.29132711111111104,0.2466666666666667
Uniform crossover,44,21,66315.0,-3866831.3666666667,17505,66315,0.2888302222222222,0.21999999999999997
Uniform crossover,44,22,66315.0,-4000331.72,17505,66315,0.28264177777777766,0.2466666666666667
Uniform crossover,44,23,66498.0,-3103020.566666667,17526,66498,0.2852355555555555,0.18666666666666665
Uniform crossover,44,24,66498.0,-4331461.733333333,17526,66498,0.2838222222222221,0.2733333333333333
Uniform crossover,44,25,66498.0,-2846973.446666667,17526,66498,0.27312088888888897,0.20666666666666667
Uniform crossover,44,26,66498.0,-2528696.3933333335,17526,66498,0.2738328888888889,0.20666666666666667
Uniform crossover,44,27,66498.0,-4474464.18,17526,66498,0.2677697777777779,0.23333333333333328
Uniform crossover,44,28,66498.0,-4689810.66,17526,66498,0.265488,0.2533333333333333
Uniform crossover,44,29,66628.0,-3592430.84,17376,66628,0.26889422222222226,0.20666666666666667
Uniform crossover,44,30,66628.0,-3334986.84,17376,66628,0.2825431111111112,0.20666666666666667
Uniform crossover,44,31,66628.0,-3968333.2,17376,66628,0.27659466666666666,0.2666666666666667
Uniform crossover,44,32,66628.0,-3853263.3,17376,66628,0.26968177777777763,0.20666666666666667
Uniform crossover,44,33,66628.0,-3567924.8666666667,17376,66628,0.26203288888888887,0.26
Uniform crossover,44,34,66628.0,-3932622.033333333,17376,66628,0.25628266666666677,0.22666666666666668
Uniform crossover,44,35,66799.0,-2391711.486666667,17643,66799,0.24243999999999993,0.16666666666666663
Uniform crossover,44,36,66799.0,-3459359.84,17643,66799,0.23927199999999998,0.23333333333333328
Uniform crossover,44,37,66799.0,-3460736.5933333333,17643,66799,0.23835911111111124,0.19333333333333336
Uniform crossover,44,38,66799.0,-3575143.9066666667,17643,66799,0.24501777777777797,0.23333333333333328
Uniform crossover,44,39,66799.0,-2458964.06,17643,66799,0.25143644444444446,0.18000000000000005
Uniform crossover,44,40,66799.0,-4091849.3066666666,17643,66799,0.2495013333333334,0.2533333333333333
Uniform crossover,44,41,66799.0,-4390854.953333333,17643,66799,0.2466035555555556,0.2466666666666667
Uniform crossover,44,42,66799.0,-2179229.8,17643,66799,0.23771377777777783,0.1466666666666666
Uniform crossover,44,43,66799.0,-3164381.3733333335,17643,66799,0.2405235555555556,0.21333333333333337
Uniform crossover,44,44,66799.0,-4101627.68,17643,66799,0.23200800000000005,0.2666666666666667
Uniform crossover,44,45,66799.0,-4579758.92,17643,66799,0.2359999999999999,0.21333333333333337
Uniform crossover,44,46,67047.0,-2066104.7266666666,17589,67047,0.23607377777777774,0.19333333333333336
Uniform crossover,44,47,67047.0,-2046338.4666666666,17589,67047,0.2370800000000001,0.16000000000000003
Uniform crossover,44,48,67047.0,-3144662.52,17589,67047,0.2427226666666666,0.20666666666666667
Uniform crossover,44,49,67047.0,-3018834.533333333,17589,67047,0.24276888888888887,0.18000000000000005
Uniform crossover,44,50,67047.0,-3294024.6666666665,17589,67047,0.24317600000000006,0.2466666666666667
Uniform crossover,44,51,67047.0,-3882933.6066666665,17589,67047,0.24091200000000018,0.2466666666666667
Uniform crossover,44,52,67047.0,-2963973.1133333333,17589,67047,0.242408,0.21333333333333337
Uniform crossover,44,53,67047.0,-3062001.2733333334,17589,67047,0.24137244444444453,0.21999999999999997
Uniform crossover,44,54,67047.0,-4252715.833333333,17589,67047,0.24661688888888883,0.23333333333333328
Uniform crossover,44,55,67047.0,-3815097.5733333332,17589,67047,0.24844711111111104,0.21333333333333337
Uniform crossover,44,56,67047.0,-2658360.053333333,17589,67047,0.24926133333333333,0.19333333333333336
Uniform crossover,44,57,67047.0,-4399887.48,17589,67047,0.24737155555555568,0.2466666666666667
Uniform crossover,44,58,67047.0,-4817318.76,17589,67047,0.24309688888888892,0.2866666666666666
Uniform crossover,44,59,67047.0,-4241766.78,17589,67047,0.23370755555555545,0.23333333333333328
Uniform crossover,44,60,67047.0,-3396295.88,17589,67047,0.23211199999999987,0.19333333333333336
Uniform crossover,44,61,67047.0,-3014760.8733333335,17589,67047,0.2238302222222222,0.22666666666666668
Uniform crossover,44,62,67047.0,-3617045.2666666666,17589,67047,0.22495200000000007,0.18666666666666665
Uniform crossover,44,63,67047.0,-4149595.6866666665,17589,67047,0.2254142222222222,0.23333333333333328
Uniform crossover,44,64,67047.0,-3058570.7666666666,17589,67047,0.2127982222222222,0.21999999999999997
Uniform crossover,44,65,67047.0,-2866445.453333333,17589,67047,0.2120497777777778,0.20666666666666667
Uniform crossover,44,66,67165.0,-4142204.8933333335,17685,67165,0.21867288888888894,0.22666666666666668
Uniform crossover,44,67,67165.0,-3779655.506666667,17685,67165,0.21712000000000006,0.2733333333333333
Uniform crossover,44,68,67165.0,-4435945.92,17685,67165,0.2193937777777777,0.21333333333333337
Uniform crossover,44,69,67165.0,-4230010.946666666,17685,67165,0.22402755555555554,0.26
Uniform crossover,44,70,67165.0,-1446173.9466666668,17685,67165,0.2291413333333334,0.11333333333333329
Uniform crossover,44,71,67165.0,-3773014.4133333336,17685,67165,0.22731466666666672,0.21333333333333337
Uniform crossover,44,72,67165.0,-3328776.5,17685,67165,0.2244017777777778,0.23333333333333328
Uniform crossover,44,73,67165.0,-4219837.913333333,17685,67165,0.2157928888888888,0.2533333333333333
Uniform crossover,44,74,67165.0,-2501637.06,17685,67165,0.21986666666666677,0.17333333333333334
Uniform crossover,44,75,67165.0,-2873201.74,17685,67165,0.22472799999999996,0.16666666666666663
Uniform crossover,44,76,67165.0,-3297598.1133333333,17685,67165,0.22970933333333324,0.18666666666666665
Uniform crossover,44,77,67165.0,-3742682.9266666668,17685,67165,0.22859911111111117,0.2666666666666667
Uniform crossover,44,78,67165.0,-4809623.166666667,17685,67165,0.2276159999999999,0.2466666666666667
Uniform crossover,44,79,67165.0,-4328029.82,17685,67165,0.2195422222222222,0.2666666666666667
Uniform crossover,44,80,67165.0,-5067510.866666666,17685,67165,0.22745955555555558,0.29333333333333333
Uniform crossover,44,81,67165.0,-3515628.986666667,17685,67165,0.2231608888888889,0.22666666666666668
Uniform crossover,44,82,67165.0,-4062324.98,17685,67165,0.21441866666666662,0.2533333333333333
Uniform crossover,44,83,67165.0,-3854332.6866666665,17685,67165,0.21141866666666664,0.2466666666666667
Uniform crossover,44,84,67165.0,-2792305.066666667,17685,67165,0.20248444444444444,0.22666666666666668
Uniform crossover,44,85,67165.0,-3617072.74,17685,67165,0.19917600000000005,0.2666666666666667
Uniform crossover,44,86,67165.0,-2689661.2733333334,17685,67165,0.19760888888888886,0.17333333333333334
Uniform crossover,44,87,67165.0,-2982200.0933333333,17685,67165,0.19237955555555555,0.23333333333333328
Uniform crossover,44,88,67165.0,-3609622.2133333334,17685,67165,0.19917155555555557,0.24
Uniform crossover,44,89,67165.0,-4270277.48,17685,67165,0.19360000000000008,0.2666666666666667
Uniform crossover,44,90,67165.0,-3399211.8733333335,17685,67165,0.18927733333333335,0.23333333333333328
Uniform crossover,44,91,67165.0,-2390949.08,17685,67165,0.16930666666666672,0.21333333333333337
Uniform crossover,44,92,67165.0,-2428086.066666667,17685,67165,0.16861155555555565,0.20666666666666667
Uniform crossover,44,93,67165.0,-3029627.7,17685,67165,0.1720497777777779,0.23333333333333328
Uniform crossover,44,94,67165.0,-2797034.2666666666,17685,67165,0.17464977777777788,0.18666666666666665
Uniform crossover,44,95,67165.0,-3232343.6333333333,17685,67165,0.17367022222222225,0.24
Uniform crossover,44,96,67165.0,-2160075.02,17685,67165,0.17298400000000005,0.21333333333333337
Uniform crossover,44,97,67165.0,-3430424.8066666666,17685,67165,0.18530933333333333,0.2466666666666667
Uniform crossover,44,98,67165.0,-4528428.286666667,17685,67165,0.19714755555555552,0.2666666666666667
Uniform crossover,44,99,67165.0,-3821953.66,17685,67165,0.19621688888888894,0.2733333333333333
Uniform crossover,44,100,67165.0,-3715338.06,17685,67165,0.19244000000000006,0.21333333333333337
Uniform crossover,44,101,67165.0,-3144927.3666666667,17685,67165,0.19141155555555556,0.19333333333333336
Uniform crossover,44,102,67165.0,-2271082.3533333335,17685,67165,0.18179022222222227,0.20666666666666667
Uniform crossover,44,103,67165.0,-2351195.473333333,17685,67165,0.19091644444444453,0.20666666666666667
Uniform crossover,44,104,67165.0,-2338403.9066666667,17685,67165,0.18229511111111107,0.19333333333333336
Uniform crossover,44,105,67165.0,-1882098.7466666666,17685,67165,0.178672,0.16000000000000003
Uniform crossover,44,106,67165.0,-1835657.5333333334,17685,67165,0.18631822222222227,0.18000000000000005
Uniform crossover,44,107,67165.0,-4101376.6533333333,17685,67165,0.19115022222222217,0.2866666666666666
Uniform crossover,44,108,67165.0,-2658940.58,17685,67165,0.18717333333333339,0.23333333333333328
Uniform crossover,44,109,67165.0,-3378931.4,17685,67165,0.1976737777777779,0.20666666666666667
Uniform crossover,44,110,67165.0,-4129212.0866666664,17685,67165,0.20091733333333328,0.23333333333333328
Uniform crossover,44,111,67165.0,-2738536.3266666667,17685,67165,0.20513511111111107,0.17333333333333334
Uniform crossover,44,112,67165.0,-3264927.46,17685,67165,0.21321155555555546,0.19333333333333336
Uniform crossover,44,113,67165.0,-3270043.986666667,17685,67165,0.21302133333333334,0.23333333333333328
Uniform crossover,44,114,67165.0,-3931989.9,17685,67165,0.21128622222222218,0.2666666666666667
Uniform crossover,44,115,67165.0,-3544575.16,17685,67165,0.2033528888888889,0.26
Uniform crossover,44,116,67165.0,-3947629.6933333334,17685,67165,0.20860888888888898,0.28
Uniform crossover,44,117,67165.0,-3678197.933333333,17685,67165,0.2091946666666667,0.26
Uniform crossover,44,118,67165.0,-2590439.54,17685,67165,0.20718399999999995,0.17333333333333334
Uniform crossover,44,119,67165.0,-5077024.96,17685,67165,0.2047173333333333,0.2666666666666667
Uniform crossover,44,120,67165.0,-2403343.8866666667,17685,67165,0.20823111111111106,0.18000000000000005
Uniform crossover,44,121,67165.0,-4198057.0,17685,67165,0.2095217777777778,0.2666666666666667
Uniform crossover,44,122,67165.0,-3388730.52,17685,67165,0.21024977777777779,0.18666666666666665
Uniform crossover,44,123,67165.0,-3090406.466666667,17685,67165,0.2082986666666667,0.18666666666666665
Uniform crossover,44,124,67165.0,-2143131.3933333335,17685,67165,0.2003573333333334,0.18000000000000005
Uniform crossover,44,125,67165.0,-1881216.8133333332,17685,67165,0.19732177777777782,0.16666666666666663
Uniform crossover,44,126,67165.0,-3703284.7066666665,17685,67165,0.19593422222222234,0.2533333333333333
Uniform crossover,44,127,67165.0,-2839279.9066666667,17685,67165,0.199904,0.23333333333333328
Uniform crossover,44,128,67165.0,-3715833.98,17685,67165,0.19779022222222228,0.21999999999999997
Uniform crossover,44,129,67165.0,-1897414.3466666667,17685,67165,0.20369066666666671,0.20666666666666667
Uniform crossover,44,130,67165.0,-2192926.8866666667,17685,67165,0.20180711111111116,0.19333333333333336
Uniform crossover,44,131,67165.0,-2721620.546666667,17685,67165,0.19172977777777786,0.19999999999999996
Uniform crossover,44,132,67165.0,-3193259.96,17685,67165,0.17802755555555552,0.19999999999999996
Uniform crossover,44,133,67165.0,-4715559.82,17685,67165,0.17937866666666671,0.31333333333333335
Uniform crossover,44,134,67165.0,-3028422.8533333335,17685,67165,0.19303200000000004,0.19999999999999996
Uniform crossover,44,135,67165.0,-4570842.133333334,17685,67165,0.19514933333333329,0.2666666666666667
Uniform crossover,44,136,67165.0,-2148036.0866666664,17685,67165,0.19637422222222234,0.17333333333333334
Uniform crossover,44,137,67165.0,-2862692.8733333335,17685,67165,0.19461866666666677,0.18000000000000005
Uniform crossover,44,138,67165.0,-2727674.5866666664,17685,67165,0.19730222222222216,0.18666666666666665
Uniform crossover,44,139,67165.0,-4354345.726666667,17685,67165,0.21029422222222224,0.2866666666666666
Uniform crossover,44,140,67165.0,-3664934.18,17685,67165,0.21833066666666667,0.22666666666666668
Uniform crossover,44,141,67165.0,-3387781.06,17685,67165,0.21994311111111103,0.24
Uniform crossover,44,142,67165.0,-4072818.64,17685,67165,0.22909066666666675,0.24
Uniform crossover,44,143,67165.0,-2774519.033333333,17685,67165,0.2205840000000002,0.20666666666666667
Uniform crossover,44,144,67165.0,-2481480.026666667,17685,67165,0.21813333333333332,0.19999999999999996
Uniform crossover,44,145,67165.0,-2516947.98,17685,67165,0.21451911111111113,0.18666666666666665
Uniform crossover,44,146,67165.0,-4916017.04,17685,67165,0.20312977777777785,0.26
Uniform crossover,44,147,67165.0,-2751375.1866666665,17685,67165,0.20283911111111105,0.20666666666666667
Uniform crossover,44,148,67165.0,-4613843.42,17685,67165,0.2014240000000001,0.28
Uniform crossover,44,149,67165.0,-3013064.973333333,17685,67165,0.19484622222222228,0.17333333333333334
Uniform crossover,44,150,67165.0,-2454224.8666666667,17685,67165,0.1953866666666666,0.19333333333333336
Uniform crossover,44,151,67165.0,-3324205.5,17685,67165,0.19213422222222223,0.18666666666666665
Uniform crossover,44,152,67165.0,-2739189.9,17685,67165,0.19581688888888885,0.19333333333333336
Uniform crossover,44,153,67165.0,-3012516.486666667,17685,67165,0.19643111111111114,0.24
Uniform crossover,44,154,67165.0,-2903670.6533333333,17685,67165,0.19778222222222225,0.22666666666666668
Uniform crossover,44,155,67165.0,-4854280.74,17685,67165,0.2007902222222222,0.30000000000000004
Uniform crossover,44,156,67165.0,-3034080.1266666665,17685,67165,0.1994746666666668,0.22666666666666668
Uniform crossover,44,157,67165.0,-3734212.08,17685,67165,0.20404622222222227,0.2533333333333333
Uniform crossover,44,158,67165.0,-3983967.953333333,17685,67165,0.20763466666666663,0.23333333333333328
Uniform crossover,44,159,67165.0,-4513965.166666667,17685,67165,0.2122142222222224,0.29333333333333333
Uniform crossover,44,160,67165.0,-2398277.8466666667,17685,67165,0.21627911111111114,0.19333333333333336
Uniform crossover,44,161,67165.0,-3564203.56,17685,67165,0.21005688888888902,0.26
Uniform crossover,44,162,67165.0,-2883028.16,17685,67165,0.21226488888888886,0.17333333333333334
Uniform crossover,44,163,67165.0,-2525298.8,17685,67165,0.2138995555555557,0.19999999999999996
Uniform crossover,44,164,67165.0,-4069866.1866666665,17685,67165,0.22105244444444455,0.23333333333333328
Uniform crossover,44,165,67165.0,-3978358.54,17685,67165,0.21424711111111108,0.2533333333333333
Uniform crossover,44,166,67165.0,-2650029.473333333,17685,67165,0.21382577777777775,0.19333333333333336
Uniform crossover,44,167,67165.0,-3813720.6133333333,17685,67165,0.19469866666666666,0.26
Uniform crossover,44,168,67165.0,-3833220.04,17685,67165,0.19974399999999995,0.2466666666666667
Uniform crossover,44,169,67165.0,-1854893.9933333334,17685,67165,0.19729422222222226,0.17333333333333334
Uniform crossover,44,170,67165.0,-4003868.7066666665,17685,67165,0.18926577777777784,0.24
Uniform crossover,44,171,67165.0,-5277967.033333333,17685,67165,0.18941866666666665,0.2666666666666667
Uniform crossover,44,172,67165.0,-4116437.8466666667,17685,67165,0.18941244444444447,0.26
Uniform crossover,44,173,67165.0,-2114513.3866666667,17685,67165,0.19521688888888888,0.16666666666666663
Uniform crossover,44,174,67165.0,-3388352.5866666664,17685,67165,0.19917866666666673,0.20666666666666667
Uniform crossover,44,175,67165.0,-2745090.1133333333,17685,67165,0.20272977777777776,0.20666666666666667
Uniform crossover,44,176,67165.0,-3177435.2933333335,17685,67165,0.20086400000000004,0.19999999999999996
Uniform crossover,44,177,67165.0,-1967289.8333333333,17685,67165,0.20282222222222226,0.18666666666666665
Uniform crossover,44,178,67165.0,-4097240.1333333333,17685,67165,0.20997777777777785,0.21999999999999997
Uniform crossover,44,179,67165.0,-4749634.473333334,17685,67165,0.2097493333333333,0.2466666666666667
Uniform crossover,44,180,67165.0,-2658697.98,17685,67165,0.2066168888888889,0.16666666666666663
Uniform crossover,44,181,67165.0,-3114992.7666666666,17685,67165,0.19971644444444447,0.20666666666666667
Uniform crossover,44,182,67165.0,-3618951.3466666667,17685,67165,0.2004524444444445,0.2533333333333333
Uniform crossover,44,183,67165.0,-4779060.666666667,17685,67165,0.20572533333333332,0.2533333333333333
Uniform crossover,44,184,67165.0,-2845830.3266666667,17685,67165,0.19324444444444444,0.24
Uniform crossover,44,185,67165.0,-2821336.7733333334,17685,67165,0.19621244444444444,0.19333333333333336
Uniform crossover,44,186,67165.0,-3562245.7466666666,17685,67165,0.19552,0.24
Uniform crossover,44,187,67165.0,-3454401.28,17685,67165,0.20789333333333335,0.23333333333333328
Uniform crossover,44,188,67165.0,-2718833.4266666668,17685,67165,0.20140000000000008,0.20666666666666667
Uniform crossover,44,189,67165.0,-2834644.4,17685,67165,0.19878222222222228,0.2466666666666667
Uniform crossover,44,190,67165.0,-3420114.466666667,17685,67165,0.20391644444444446,0.22666666666666668
Uniform crossover,44,191,67165.0,-2787685.446666667,17685,67165,0.20394577777777775,0.19999999999999996
Uniform crossover,44,192,67165.0,-2887472.1066666665,17685,67165,0.19301155555555552,0.24
Uniform crossover,44,193,67165.0,-3301697.68,17685,67165,0.19085511111111114,0.19999999999999996
Uniform crossover,44,194,67165.0,-3611163.38,17685,67165,0.19612266666666675,0.2666666666666667
Uniform crossover,44,195,67165.0,-2870551.0733333332,17685,67165,0.19691111111111112,0.21333333333333337
Uniform crossover,44,196,67165.0,-2927442.36,17685,67165,0.1889973333333335,0.18000000000000005
Uniform crossover,44,197,67165.0,-2782503.8133333335,17685,67165,0.19391644444444434,0.18666666666666665
Uniform crossover,44,198,67165.0,-1895586.5866666667,17685,67165,0.20433688888888885,0.19333333333333336
Uniform crossover,44,199,67165.0,-2567407.44,17685,67165,0.2019680000000001,0.18666666666666665
Uniform crossover,44,200,67165.0,-1685033.1666666667,17685,67165,0.20169066666666674,0.16000000000000003
Uniform crossover,45,0,51191.0,-22634740.36,15687,51191,0.49700977777777744,0.5933333333333333
Uniform crossover,45,1,52761.0,-7670584.62,16197,52761,0.49195466666666654,0.30666666666666664
Uniform crossover,45,2,54425.0,-4093255.3333333335,17295,54425,0.4838097777777775,0.19999999999999996
Uniform crossover,45,3,54425.0,-4920687.266666667,17295,54425,0.47550400000000004,0.21999999999999997
Uniform crossover,45,4,54425.0,-2905381.7733333334,17295,54425,0.46232444444444454,0.14
Uniform crossover,45,5,56067.0,-3169670.6333333333,16329,56067,0.4513146666666665,0.16000000000000003
Uniform crossover,45,6,57719.0,-3532113.1866666665,17673,57719,0.43390755555555566,0.21999999999999997
Uniform crossover,45,7,60702.0,-2796624.033333333,15624,60702,0.4190933333333335,0.15333333333333332
Uniform crossover,45,8,60837.0,-2413397.6866666665,16629,60837,0.4115999999999999,0.1466666666666666
Uniform crossover,45,9,62383.0,-3368252.9133333336,17631,62383,0.39709422222222224,0.18666666666666665
Uniform crossover,45,10,63139.0,-4357638.82,17223,63139,0.3787155555555555,0.26
Uniform crossover,45,11,63139.0,-4221787.1,17223,63139,0.367104,0.20666666666666667
Uniform crossover,45,12,63139.0,-3591691.66,17223,63139,0.3509137777777779,0.18666666666666665
Uniform crossover,45,13,63955.0,-4063921.38,15585,63955,0.34560533333333315,0.19333333333333336
Uniform crossover,45,14,64615.0,-2674685.933333333,17145,64615,0.33211999999999997,0.18000000000000005
Uniform crossover,45,15,64615.0,-3440648.3933333335,17145,64615,0.32065777777777776,0.18666666666666665
Uniform crossover,45,16,64957.0,-3263667.7933333335,17679,64957,0.3187920000000001,0.18666666666666665
Uniform crossover,45,17,64957.0,-4438730.6866666665,17679,64957,0.3193964444444444,0.24
Uniform crossover,45,18,65270.0,-3469755.8133333335,17550,65270,0.32066755555555543,0.19333333333333336
Uniform crossover,45,19,65270.0,-3449295.1866666665,17550,65270,0.31121955555555575,0.17333333333333334
Uniform crossover,45,20,65270.0,-3339908.58,17550,65270,0.30127911111111105,0.18666666666666665
Uniform crossover,45,21,65388.0,-2736273.1466666665,17646,65388,0.2971822222222222,0.18666666666666665
Uniform crossover,45,22,65388.0,-4006464.58,17646,65388,0.2914106666666666,0.22666666666666668
Uniform crossover,45,23,65388.0,-3393743.14,17646,65388,0.2894720000000001,0.20666666666666667
Uniform crossover,45,24,65388.0,-5595834.873333333,17646,65388,0.27756622222222216,0.24
Uniform crossover,45,25,65388.0,-4021048.4266666668,17646,65388,0.283696888888889,0.19333333333333336
Uniform crossover,45,26,65388.0,-3513190.2266666666,17646,65388,0.28388355555555556,0.22666666666666668
Uniform crossover,45,27,65388.0,-2996541.7533333334,17646,65388,0.2808568888888889,0.18666666666666665
Uniform crossover,45,28,66067.0,-3826028.6133333333,17559,66067,0.28139733333333344,0.20666666666666667
Uniform crossover,45,29,66067.0,-1930791.3866666667,17559,66067,0.27377599999999996,0.17333333333333334
Uniform crossover,45,30,66067.0,-3200723.3733333335,17559,66067,0.27425066666666664,0.20666666666666667
Uniform crossover,45,31,66067.0,-3863807.6533333333,17559,66067,0.28318400000000005,0.23333333333333328
Uniform crossover,45,32,66067.0,-3455536.6533333333,17559,66067,0.28184711111111105,0.21999999999999997
Uniform crossover,45,33,66067.0,-3519922.1533333333,17559,66067,0.2821004444444444,0.22666666666666668
Uniform crossover,45,34,66067.0,-4590640.54,17559,66067,0.28800622222222233,0.21999999999999997
Uniform crossover,45,35,66616.0,-3262936.34,17622,66616,0.2899635555555555,0.19333333333333336
Uniform crossover,45,36,66616.0,-5479958.44,17622,66616,0.27672,0.2733333333333333
Uniform crossover,45,37,66616.0,-3377103.72,17622,66616,0.27146400000000004,0.20666666666666667
Uniform crossover,45,38,66616.0,-1846586.6266666667,17622,66616,0.27081244444444436,0.16666666666666663
Uniform crossover,45,39,66616.0,-4767667.593333334,17622,66616,0.26449422222222224,0.2466666666666667
Uniform crossover,45,40,66616.0,-4790153.513333334,17622,66616,0.2657360000000001,0.29333333333333333
Uniform crossover,45,41,66616.0,-5114067.34,17622,66616,0.2697555555555555,0.2733333333333333
Uniform crossover,45,42,66616.0,-4877388.033333333,17622,66616,0.2759351111111111,0.2666666666666667
Uniform crossover,45,43,66982.0,-3423326.993333333,17664,66982,0.27228622222222226,0.20666666666666667
Uniform crossover,45,44,66982.0,-5111186.733333333,17664,66982,0.2650933333333333,0.2666666666666667
Uniform crossover,45,45,66982.0,-3789320.8933333335,17664,66982,0.2655893333333335,0.18000000000000005
Uniform crossover,45,46,66982.0,-5554073.326666667,17664,66982,0.26354133333333335,0.24
Uniform crossover,45,47,66982.0,-3226447.446666667,17664,66982,0.257872888888889,0.16000000000000003
Uniform crossover,45,48,66982.0,-2731448.18,17664,66982,0.24187999999999998,0.15333333333333332
Uniform crossover,45,49,66982.0,-4783160.753333333,17664,66982,0.2239786666666667,0.2666666666666667
Uniform crossover,45,50,66982.0,-2879360.3733333335,17664,66982,0.22152977777777783,0.21333333333333337
Uniform crossover,45,51,66982.0,-4590070.426666667,17664,66982,0.22204444444444443,0.2866666666666666
Uniform crossover,45,52,66982.0,-3766791.5733333332,17664,66982,0.2213777777777777,0.2466666666666667
Uniform crossover,45,53,66982.0,-2800984.52,17664,66982,0.22144888888888892,0.18666666666666665
Uniform crossover,45,54,66982.0,-2738783.6866666665,17664,66982,0.21621866666666673,0.16000000000000003
Uniform crossover,45,55,67047.0,-3078499.6066666665,17589,67047,0.213943111111111,0.23333333333333328
Uniform crossover,45,56,67047.0,-4450825.606666666,17589,67047,0.20955111111111105,0.23333333333333328
Uniform crossover,45,57,67047.0,-2751833.1066666665,17589,67047,0.21893600000000002,0.2466666666666667
Uniform crossover,45,58,67047.0,-1866197.6533333333,17589,67047,0.2230071111111111,0.16000000000000003
Uniform crossover,45,59,67047.0,-3212873.2666666666,17589,67047,0.22868711111111115,0.19999999999999996
Uniform crossover,45,60,67047.0,-2318982.3933333335,17589,67047,0.21892888888888895,0.17333333333333334
Uniform crossover,45,61,67047.0,-2736830.7933333335,17589,67047,0.21685066666666664,0.19999999999999996
Uniform crossover,45,62,67047.0,-3890357.466666667,17589,67047,0.22471644444444458,0.2533333333333333
Uniform crossover,45,63,67047.0,-3532311.553333333,17589,67047,0.22342933333333337,0.2533333333333333
Uniform crossover,45,64,67047.0,-4040920.4266666668,17589,67047,0.22745244444444437,0.2466666666666667
Uniform crossover,45,65,67047.0,-2288797.86,17589,67047,0.22418844444444455,0.16000000000000003
Uniform crossover,45,66,67047.0,-5426031.6466666665,17589,67047,0.22948711111111111,0.29333333333333333
Uniform crossover,45,67,67047.0,-3726326.3266666667,17589,67047,0.2199484444444444,0.20666666666666667
Uniform crossover,45,68,67047.0,-3627020.473333333,17589,67047,0.22625333333333342,0.2733333333333333
Uniform crossover,45,69,67165.0,-4496152.606666666,17685,67165,0.22651911111111112,0.2466666666666667
Uniform crossover,45,70,67165.0,-2761960.553333333,17685,67165,0.22500622222222222,0.24
Uniform crossover,45,71,67165.0,-3846482.506666667,17685,67165,0.21932444444444446,0.19333333333333336
Uniform crossover,45,72,67165.0,-3125422.3266666667,17685,67165,0.2142586666666667,0.22666666666666668
Uniform crossover,45,73,67165.0,-3662702.9266666668,17685,67165,0.21385955555555558,0.2533333333333333
Uniform crossover,45,74,67165.0,-3893304.4266666668,17685,67165,0.20876088888888888,0.26
Uniform crossover,45,75,67165.0,-3121977.3533333335,17685,67165,0.20551911111111112,0.18666666666666665
Uniform crossover,45,76,67165.0,-2995397.993333333,17685,67165,0.21400177777777762,0.21333333333333337
Uniform crossover,45,77,67165.0,-3304550.6933333334,17685,67165,0.2160328888888889,0.23333333333333328
Uniform crossover,45,78,67165.0,-2984644.32,17685,67165,0.22862666666666676,0.16666666666666663
Uniform crossover,45,79,67165.0,-2977450.7266666666,17685,67165,0.22414400000000007,0.20666666666666667
Uniform crossover,45,80,67165.0,-4040159.1066666665,17685,67165,0.2218808888888889,0.2533333333333333
Uniform crossover,45,81,67165.0,-4988087.613333333,17685,67165,0.22166666666666665,0.24
Uniform crossover,45,82,67165.0,-2413837.8133333335,17685,67165,0.22136711111111113,0.18666666666666665
Uniform crossover,45,83,67165.0,-3444260.973333333,17685,67165,0.21624177777777775,0.20666666666666667
Uniform crossover,45,84,67165.0,-2226876.8733333335,17685,67165,0.2145644444444445,0.18000000000000005
Uniform crossover,45,85,67165.0,-2675579.7266666666,17685,67165,0.22054666666666672,0.17333333333333334
Uniform crossover,45,86,67165.0,-3208836.9,17685,67165,0.22744266666666665,0.18666666666666665
Uniform crossover,45,87,67165.0,-5085732.393333334,17685,67165,0.21783466666666676,0.2866666666666666
Uniform crossover,45,88,67165.0,-2878227.1666666665,17685,67165,0.22524622222222235,0.21999999999999997
Uniform crossover,45,89,67165.0,-4088807.3533333335,17685,67165,0.2206542222222222,0.23333333333333328
Uniform crossover,45,90,67165.0,-3393409.7333333334,17685,67165,0.22982044444444444,0.18000000000000005
Uniform crossover,45,91,67165.0,-3801606.4066666667,17685,67165,0.22548533333333334,0.22666666666666668
Uniform crossover,45,92,67165.0,-2430057.046666667,17685,67165,0.226176,0.16000000000000003
Uniform crossover,45,93,67165.0,-3998164.3066666666,17685,67165,0.22866222222222227,0.2466666666666667
Uniform crossover,45,94,67165.0,-4650538.253333333,17685,67165,0.2327600000000001,0.24
Uniform crossover,45,95,67165.0,-3764827.513333333,17685,67165,0.22834133333333334,0.19333333333333336
Uniform crossover,45,96,67165.0,-4203588.886666667,17685,67165,0.231616,0.2666666666666667
Uniform crossover,45,97,67165.0,-4315668.366666666,17685,67165,0.2350631111111112,0.21999999999999997
Uniform crossover,45,98,67165.0,-2891858.8466666667,17685,67165,0.23157244444444453,0.19333333333333336
Uniform crossover,45,99,67165.0,-3653917.3533333335,17685,67165,0.226584,0.21333333333333337
Uniform crossover,45,100,67165.0,-3562365.5733333332,17685,67165,0.22690222222222217,0.2533333333333333
Uniform crossover,45,101,67165.0,-3589422.94,17685,67165,0.23350933333333349,0.20666666666666667
Uniform crossover,45,102,67165.0,-2531180.2866666666,17685,67165,0.21871377777777787,0.21333333333333337
Uniform crossover,45,103,67165.0,-2877137.466666667,17685,67165,0.22542311111111116,0.19333333333333336
Uniform crossover,45,104,67165.0,-2498097.98,17685,67165,0.2287724444444445,0.18000000000000005
Uniform crossover,45,105,67165.0,-2872261.34,17685,67165,0.22908444444444445,0.20666666666666667
Uniform crossover,45,106,67165.0,-4348162.546666667,17685,67165,0.22724444444444447,0.21999999999999997
Uniform crossover,45,107,67165.0,-5400338.486666666,17685,67165,0.2307813333333334,0.28
Uniform crossover,45,108,67165.0,-4313615.326666667,17685,67165,0.22939288888888895,0.28
Uniform crossover,45,109,67165.0,-3781645.953333333,17685,67165,0.2345191111111112,0.2466666666666667
Uniform crossover,45,110,67165.0,-3837378.1133333333,17685,67165,0.2171404444444445,0.2733333333333333
Uniform crossover,45,111,67165.0,-3221878.046666667,17685,67165,0.21062755555555548,0.2466666666666667
Uniform crossover,45,112,67165.0,-3795842.3666666667,17685,67165,0.20568444444444442,0.24
Uniform crossover,45,113,67165.0,-3868517.7933333335,17685,67165,0.20764533333333335,0.21999999999999997
Uniform crossover,45,114,67165.0,-3335846.56,17685,67165,0.20587644444444447,0.21999999999999997
Uniform crossover,45,115,67165.0,-3517303.3733333335,17685,67165,0.20139644444444443,0.19999999999999996
Uniform crossover,45,116,67165.0,-3844083.433333333,17685,67165,0.2017013333333335,0.26
Uniform crossover,45,117,67165.0,-3495212.04,17685,67165,0.20207644444444448,0.21333333333333337
Uniform crossover,45,118,67165.0,-3416367.9266666668,17685,67165,0.2025520000000001,0.20666666666666667
Uniform crossover,45,119,67165.0,-3154711.06,17685,67165,0.20555199999999998,0.20666666666666667
Uniform crossover,45,120,67165.0,-3115680.6933333334,17685,67165,0.20594044444444448,0.17333333333333334
Uniform crossover,45,121,67165.0,-3237772.553333333,17685,67165,0.207104888888889,0.22666666666666668
Uniform crossover,45,122,67165.0,-2838979.493333333,17685,67165,0.20712533333333336,0.21333333333333337
Uniform crossover,45,123,67165.0,-2927193.3733333335,17685,67165,0.20399911111111116,0.21999999999999997
Uniform crossover,45,124,67165.0,-2756349.3733333335,17685,67165,0.1958053333333334,0.21333333333333337
Uniform crossover,45,125,67165.0,-3444103.933333333,17685,67165,0.1900826666666668,0.2466666666666667
Uniform crossover,45,126,67165.0,-3324126.52,17685,67165,0.19657066666666664,0.22666666666666668
Uniform crossover,45,127,67165.0,-1960697.7333333334,17685,67165,0.20179022222222223,0.18000000000000005
Uniform crossover,45,128,67165.0,-3578941.16,17685,67165,0.20862133333333335,0.20666666666666667
Uniform crossover,45,129,67165.0,-3806702.7133333334,17685,67165,0.21274488888888896,0.19333333333333336
Uniform crossover,45,130,67165.0,-3634054.3866666667,17685,67165,0.21867733333333345,0.23333333333333328
Uniform crossover,45,131,67165.0,-3321054.946666667,17685,67165,0.2166826666666667,0.23333333333333328
Uniform crossover,45,132,67165.0,-3877565.22,17685,67165,0.20947911111111117,0.20666666666666667
Uniform crossover,45,133,67165.0,-2093924.8866666667,17685,67165,0.20720355555555553,0.17333333333333334
Uniform crossover,45,134,67165.0,-2591575.066666667,17685,67165,0.20682311111111104,0.19999999999999996
Uniform crossover,45,135,67165.0,-3418785.1066666665,17685,67165,0.20761422222222237,0.2466666666666667
Uniform crossover,45,136,67165.0,-3407409.973333333,17685,67165,0.20767288888888888,0.23333333333333328
Uniform crossover,45,137,67165.0,-2977831.12,17685,67165,0.21491733333333343,0.19999999999999996
Uniform crossover,45,138,67165.0,-4179911.58,17685,67165,0.20747999999999997,0.26
Uniform crossover,45,139,67165.0,-4379091.98,17685,67165,0.20696533333333328,0.22666666666666668
Uniform crossover,45,140,67165.0,-3475588.7933333335,17685,67165,0.21064266666666667,0.21333333333333337
Uniform crossover,45,141,67165.0,-3281918.1066666665,17685,67165,0.20712266666666676,0.21333333333333337
Uniform crossover,45,142,67165.0,-4584693.986666666,17685,67165,0.20750577777777782,0.22666666666666668
Uniform crossover,45,143,67165.0,-3138446.24,17685,67165,0.20519111111111107,0.2533333333333333
Uniform crossover,45,144,67165.0,-2858798.946666667,17685,67165,0.20967111111111117,0.22666666666666668
Uniform crossover,45,145,67165.0,-3229959.013333333,17685,67165,0.2153831111111111,0.2466666666666667
Uniform crossover,45,146,67165.0,-2660533.7133333334,17685,67165,0.21802044444444443,0.21999999999999997
Uniform crossover,45,147,67165.0,-3388106.7,17685,67165,0.22446488888888885,0.2466666666666667
Uniform crossover,45,148,67165.0,-4793043.78,17685,67165,0.22170577777777786,0.28
Uniform crossover,45,149,67165.0,-3372351.506666667,17685,67165,0.2119191111111111,0.24
Uniform crossover,45,150,67165.0,-3646193.8533333335,17685,67165,0.2088586666666667,0.19999999999999996
Uniform crossover,45,151,67165.0,-3371833.553333333,17685,67165,0.21198222222222227,0.21333333333333337
Uniform crossover,45,152,67165.0,-3097257.82,17685,67165,0.19757244444444455,0.21999999999999997
Uniform crossover,45,153,67165.0,-3158032.6333333333,17685,67165,0.20428444444444438,0.21999999999999997
Uniform crossover,45,154,67165.0,-3192233.56,17685,67165,0.19986222222222227,0.2466666666666667
Uniform crossover,45,155,67165.0,-3045935.2933333335,17685,67165,0.20494044444444448,0.19999999999999996
Uniform crossover,45,156,67165.0,-4044152.3933333335,17685,67165,0.20904355555555568,0.2733333333333333
Uniform crossover,45,157,67165.0,-3045988.66,17685,67165,0.20374044444444447,0.21333333333333337
Uniform crossover,45,158,67165.0,-1762541.8,17685,67165,0.20064355555555557,0.16666666666666663
Uniform crossover,45,159,67165.0,-3445183.58,17685,67165,0.20244799999999993,0.21999999999999997
Uniform crossover,45,160,67165.0,-4373833.74,17685,67165,0.2033253333333334,0.2666666666666667
Uniform crossover,45,161,67165.0,-3551692.18,17685,67165,0.20206311111111114,0.2466666666666667
Uniform crossover,45,162,67165.0,-4174638.38,17685,67165,0.20664622222222223,0.22666666666666668
Uniform crossover,45,163,67165.0,-4305381.14,17685,67165,0.21529244444444445,0.26
Uniform crossover,45,164,67165.0,-2939352.533333333,17685,67165,0.22032266666666658,0.22666666666666668
Uniform crossover,45,165,67165.0,-3470925.553333333,17685,67165,0.2199786666666667,0.23333333333333328
Uniform crossover,45,166,67165.0,-2921616.0866666664,17685,67165,0.21840533333333345,0.21999999999999997
Uniform crossover,45,167,67165.0,-2703858.88,17685,67165,0.22503377777777778,0.17333333333333334
Uniform crossover,45,168,67165.0,-3203568.9,17685,67165,0.2210568888888889,0.2466666666666667
Uniform crossover,45,169,67165.0,-3147185.933333333,17685,67165,0.2187093333333333,0.21999999999999997
Uniform crossover,45,170,67165.0,-3878194.993333333,17685,67165,0.21734311111111107,0.2466666666666667
Uniform crossover,45,171,67165.0,-2992676.22,17685,67165,0.2198151111111111,0.24
Uniform crossover,45,172,67165.0,-4833065.093333334,17685,67165,0.2149555555555556,0.30000000000000004
Uniform crossover,45,173,67165.0,-4217150.253333333,17685,67165,0.21509600000000006,0.24
Uniform crossover,45,174,67165.0,-3785212.1733333333,17685,67165,0.20984533333333338,0.2466666666666667
Uniform crossover,45,175,67165.0,-3229222.64,17685,67165,0.20556000000000005,0.2733333333333333
Uniform crossover,45,176,67165.0,-4134606.6333333333,17685,67165,0.204392,0.26
Uniform crossover,45,177,67165.0,-3061848.2333333334,17685,67165,0.21700177777777774,0.21333333333333337
Uniform crossover,45,178,67165.0,-4001986.16,17685,67165,0.21646755555555558,0.2533333333333333
Uniform crossover,45,179,67165.0,-4052789.64,17685,67165,0.2163662222222222,0.2533333333333333
Uniform crossover,45,180,67165.0,-3865615.6666666665,17685,67165,0.2187608888888889,0.22666666666666668
Uniform crossover,45,181,67165.0,-3034137.4066666667,17685,67165,0.2104417777777779,0.20666666666666667
Uniform crossover,45,182,67165.0,-4428663.886666667,17685,67165,0.20028533333333332,0.30000000000000004
Uniform crossover,45,183,67165.0,-2232352.6533333333,17685,67165,0.20069333333333325,0.22666666666666668
Uniform crossover,45,184,67165.0,-2044893.4066666667,17685,67165,0.19182755555555556,0.1466666666666666
Uniform crossover,45,185,67165.0,-2308801.7066666665,17685,67165,0.20062755555555556,0.21999999999999997
Uniform crossover,45,186,67165.0,-3916318.2533333334,17685,67165,0.2041857777777778,0.2666666666666667
Uniform crossover,45,187,67165.0,-3314311.34,17685,67165,0.20673511111111115,0.16666666666666663
Uniform crossover,45,188,67165.0,-3788401.14,17685,67165,0.2109040000000001,0.23333333333333328
Uniform crossover,45,189,67165.0,-4482106.22,17685,67165,0.20616000000000007,0.23333333333333328
Uniform crossover,45,190,67165.0,-2344845.8133333335,17685,67165,0.2122373333333333,0.21333333333333337
Uniform crossover,45,191,67165.0,-1923241.0266666666,17685,67165,0.21801422222222225,0.18666666666666665
Uniform crossover,45,192,67165.0,-4020181.3933333335,17685,67165,0.22784800000000005,0.26
Uniform crossover,45,193,67165.0,-2085350.02,17685,67165,0.21964088888888889,0.18666666666666665
Uniform crossover,45,194,67165.0,-3737539.2266666666,17685,67165,0.2188284444444445,0.2466666666666667
Uniform crossover,45,195,67165.0,-4562951.24,17685,67165,0.22570755555555555,0.30666666666666664
Uniform crossover,45,196,67165.0,-2260217.7133333334,17685,67165,0.2255217777777777,0.14
Uniform crossover,45,197,67165.0,-4796903.666666667,17685,67165,0.22894933333333342,0.28
Uniform crossover,45,198,67165.0,-2846765.1666666665,17685,67165,0.23735111111111112,0.17333333333333334
Uniform crossover,45,199,67165.0,-3295127.433333333,17685,67165,0.23793244444444445,0.18666666666666665
Uniform crossover,45,200,67165.0,-2231973.1533333333,17685,67165,0.24473955555555563,0.19999999999999996
Uniform crossover,46,0,51054.0,-18729384.1,17238,51054,0.4957777777777777,0.5066666666666666
Uniform crossover,46,1,51054.0,-5564985.286666667,17238,51054,0.48616088888888875,0.2866666666666666
Uniform crossover,46,2,52867.0,-5729057.593333334,16539,52867,0.47513777777777777,0.2666666666666667
Uniform crossover,46,3,53611.0,-5510840.786666667,16377,53611,0.464711111111111,0.19999999999999996
Uniform crossover,46,4,58251.0,-3403706.08,16827,58251,0.4496026666666667,0.18666666666666665
Uniform crossover,46,5,58251.0,-1902573.6466666667,16827,58251,0.4394088888888889,0.16666666666666663
Uniform crossover,46,6,58251.0,-4118740.7066666665,16827,58251,0.43547911111111115,0.16000000000000003
Uniform crossover,46,7,59992.0,-4375042.566666666,17604,59992,0.43241511111111125,0.24
Uniform crossover,46,8,59992.0,-4003281.22,17604,59992,0.41671022222222204,0.21999999999999997
Uniform crossover,46,9,59992.0,-4414077.84,17604,59992,0.4006204444444446,0.23333333333333328
Uniform crossover,46,10,60134.0,-3516576.7466666666,17208,60134,0.40432888888888885,0.16666666666666663
Uniform crossover,46,11,61220.0,-3466502.98,17580,61220,0.38932888888888884,0.19333333333333336
Uniform crossover,46,12,61220.0,-3783696.06,17580,61220,0.37650755555555554,0.17333333333333334
Uniform crossover,46,13,62513.0,-3958768.9,17481,62513,0.3657555555555556,0.23333333333333328
Uniform crossover,46,14,62814.0,-5866816.533333333,17598,62814,0.3556826666666664,0.2533333333333333
Uniform crossover,46,15,63883.0,-3062272.44,17061,63883,0.3456888888888889,0.20666666666666667
Uniform crossover,46,16,63883.0,-3152924.513333333,17061,63883,0.3390204444444445,0.18000000000000005
Uniform crossover,46,17,63883.0,-3332350.993333333,17061,63883,0.3353102222222222,0.21999999999999997
Uniform crossover,46,18,63883.0,-3976780.493333333,17061,63883,0.32533155555555543,0.17333333333333334
Uniform crossover,46,19,64403.0,-3121280.68,16461,64403,0.3216391111111112,0.20666666666666667
Uniform crossover,46,20,64538.0,-3428093.82,17466,64538,0.31163377777777773,0.18666666666666665
Uniform crossover,46,21,64550.0,-3191089.0,17220,64550,0.3092524444444444,0.21999999999999997
Uniform crossover,46,22,64798.0,-3836269.02,17166,64798,0.31290844444444454,0.23333333333333328
Uniform crossover,46,23,65335.0,-4513227.746666667,17475,65335,0.3044488888888888,0.28
Uniform crossover,46,24,65701.0,-4795105.746666667,17517,65701,0.2979333333333332,0.2466666666666667
Uniform crossover,46,25,65701.0,-4428400.466666667,17517,65701,0.29103911111111097,0.21333333333333337
Uniform crossover,46,26,65701.0,-3228112.546666667,17517,65701,0.29000799999999993,0.23333333333333328
Uniform crossover,46,27,65701.0,-4154356.533333333,17517,65701,0.2909155555555556,0.2466666666666667
Uniform crossover,46,28,65701.0,-2819102.7266666666,17517,65701,0.29174311111111123,0.1466666666666666
Uniform crossover,46,29,65701.0,-3807346.526666667,17517,65701,0.28319466666666676,0.19333333333333336
Uniform crossover,46,30,65701.0,-1777269.1066666667,17517,65701,0.27453333333333335,0.18000000000000005
Uniform crossover,46,31,65701.0,-6213533.3533333335,17517,65701,0.27244711111111114,0.31999999999999995
Uniform crossover,46,32,65701.0,-3122770.2666666666,17517,65701,0.26995555555555567,0.21333333333333337
Uniform crossover,46,33,65701.0,-4691460.193333333,17517,65701,0.2646808888888889,0.2466666666666667
Uniform crossover,46,34,65701.0,-4384701.3133333335,17517,65701,0.26015555555555553,0.23333333333333328
Uniform crossover,46,35,65701.0,-2642147.2733333334,17517,65701,0.2601093333333333,0.16666666666666663
Uniform crossover,46,36,65701.0,-3877236.9,17517,65701,0.2501475555555555,0.21333333333333337
Uniform crossover,46,37,66067.0,-3882337.046666667,17559,66067,0.24018488888888886,0.2466666666666667
Uniform crossover,46,38,66067.0,-3078004.0866666664,17559,66067,0.24486044444444433,0.2666666666666667
Uniform crossover,46,39,66067.0,-2350253.006666667,17559,66067,0.23781066666666667,0.21333333333333337
Uniform crossover,46,40,66616.0,-4398629.093333334,17622,66616,0.2418462222222223,0.2666666666666667
Uniform crossover,46,41,66616.0,-3083032.38,17622,66616,0.2436924444444445,0.17333333333333334
Uniform crossover,46,42,66616.0,-2934010.36,17622,66616,0.24924622222222217,0.18666666666666665
Uniform crossover,46,43,66616.0,-3628237.98,17622,66616,0.24853688888888886,0.22666666666666668
Uniform crossover,46,44,66616.0,-3123077.62,17622,66616,0.24268177777777777,0.21333333333333337
Uniform crossover,46,45,66616.0,-3449450.4133333336,17622,66616,0.2352044444444445,0.2466666666666667
Uniform crossover,46,46,66616.0,-1699675.5,17622,66616,0.22536177777777777,0.16000000000000003
Uniform crossover,46,47,66616.0,-5587847.266666667,17622,66616,0.22339911111111108,0.2666666666666667
Uniform crossover,46,48,66616.0,-3042687.18,17622,66616,0.2281857777777778,0.22666666666666668
Uniform crossover,46,49,66616.0,-4536022.286666667,17622,66616,0.24541333333333337,0.26
Uniform crossover,46,50,66616.0,-2660101.54,17622,66616,0.2426453333333334,0.20666666666666667
Uniform crossover,46,51,66616.0,-3253051.04,17622,66616,0.23651022222222218,0.23333333333333328
Uniform crossover,46,52,66616.0,-4023178.72,17622,66616,0.22525688888888895,0.22666666666666668
Uniform crossover,46,53,66616.0,-4396427.833333333,17622,66616,0.2290915555555555,0.2733333333333333
Uniform crossover,46,54,66616.0,-2800117.3333333335,17622,66616,0.22563200000000005,0.18000000000000005
Uniform crossover,46,55,66616.0,-4432632.9,17622,66616,0.22699377777777788,0.26
Uniform crossover,46,56,66616.0,-2376711.94,17622,66616,0.21734400000000004,0.16666666666666663
Uniform crossover,46,57,66616.0,-2562422.2266666666,17622,66616,0.2109075555555556,0.2466666666666667
Uniform crossover,46,58,66616.0,-2411916.026666667,17622,66616,0.21673155555555568,0.19999999999999996
Uniform crossover,46,59,66616.0,-2984792.8133333335,17622,66616,0.21441511111111108,0.20666666666666667
Uniform crossover,46,60,66616.0,-3028056.533333333,17622,66616,0.218160888888889,0.24
Uniform crossover,46,61,66681.0,-2834775.8933333335,17547,66681,0.2170657777777778,0.20666666666666667
Uniform crossover,46,62,66681.0,-3960665.6,17547,66681,0.2175484444444444,0.24
Uniform crossover,46,63,66681.0,-2670495.26,17547,66681,0.22018755555555558,0.18000000000000005
Uniform crossover,46,64,66681.0,-3968424.433333333,17547,66681,0.22139911111111116,0.2666666666666667
Uniform crossover,46,65,66681.0,-4470521.98,17547,66681,0.22374844444444444,0.2533333333333333
Uniform crossover,46,66,66681.0,-3568079.0866666664,17547,66681,0.2260604444444444,0.21999999999999997
Uniform crossover,46,67,66681.0,-2123437.1,17547,66681,0.22162222222222205,0.1466666666666666
Uniform crossover,46,68,66681.0,-3203418.8733333335,17547,66681,0.21686755555555545,0.22666666666666668
Uniform crossover,46,69,66681.0,-3778607.2333333334,17547,66681,0.2268977777777778,0.28
Uniform crossover,46,70,66681.0,-3635580.3866666667,17547,66681,0.23034577777777787,0.2533333333333333
Uniform crossover,46,71,66681.0,-2000586.1066666667,17547,66681,0.2301315555555555,0.18000000000000005
Uniform crossover,46,72,66681.0,-1990025.6133333333,17547,66681,0.22864,0.20666666666666667
Uniform crossover,46,73,66681.0,-3552020.6466666665,17547,66681,0.22228355555555568,0.19333333333333336
Uniform crossover,46,74,66982.0,-3489854.8866666667,17664,66982,0.21881600000000012,0.2533333333333333
Uniform crossover,46,75,66982.0,-2932269.24,17664,66982,0.22290755555555553,0.21999999999999997
Uniform crossover,46,76,66982.0,-3518738.5,17664,66982,0.21141066666666664,0.24
Uniform crossover,46,77,66982.0,-3255533.3066666666,17664,66982,0.2150053333333333,0.21333333333333337
Uniform crossover,46,78,66982.0,-3538010.1533333333,17664,66982,0.21777600000000003,0.2533333333333333
Uniform crossover,46,79,66982.0,-3010152.006666667,17664,66982,0.20739644444444444,0.24
Uniform crossover,46,80,66982.0,-3469500.84,17664,66982,0.21660977777777776,0.19999999999999996
Uniform crossover,46,81,66982.0,-2970771.1333333333,17664,66982,0.22309600000000007,0.19333333333333336
Uniform crossover,46,82,66982.0,-2394355.7266666666,17664,66982,0.22942488888888893,0.21999999999999997
Uniform crossover,46,83,66982.0,-2820975.3933333335,17664,66982,0.22313777777777782,0.21333333333333337
Uniform crossover,46,84,66982.0,-2406693.7466666666,17664,66982,0.21978488888888886,0.18666666666666665
Uniform crossover,46,85,66982.0,-3126829.2933333335,17664,66982,0.21336355555555556,0.18666666666666665
Uniform crossover,46,86,66982.0,-1898206.3933333333,17664,66982,0.21983733333333336,0.16666666666666663
Uniform crossover,46,87,66982.0,-3818191.16,17664,66982,0.21700888888888883,0.2533333333333333
Uniform crossover,46,88,66982.0,-4517231.9,17664,66982,0.21661155555555553,0.29333333333333333
Uniform crossover,46,89,66982.0,-2793030.7733333334,17664,66982,0.22183200000000003,0.2666666666666667
Uniform crossover,46,90,66982.0,-2485150.1533333333,17664,66982,0.22880888888888895,0.18000000000000005
Uniform crossover,46,91,66982.0,-3778356.88,17664,66982,0.23556711111111106,0.23333333333333328
Uniform crossover,46,92,66982.0,-3336127.26,17664,66982,0.24204533333333342,0.21999999999999997
Uniform crossover,46,93,66982.0,-2834372.18,17664,66982,0.2395911111111112,0.19333333333333336
Uniform crossover,46,94,66982.0,-2919158.94,17664,66982,0.24089866666666662,0.20666666666666667
Uniform crossover,46,95,66982.0,-3213142.94,17664,66982,0.24196888888888882,0.19999999999999996
Uniform crossover,46,96,66982.0,-3548404.1866666665,17664,66982,0.23739822222222215,0.21333333333333337
Uniform crossover,46,97,66982.0,-5441359.893333334,17664,66982,0.23757777777777778,0.2666666666666667
Uniform crossover,46,98,66982.0,-4129682.98,17664,66982,0.24121955555555558,0.20666666666666667
Uniform crossover,46,99,66982.0,-4532471.3133333335,17664,66982,0.24342844444444445,0.24
Uniform crossover,46,100,66982.0,-3346754.42,17664,66982,0.24689155555555556,0.19999999999999996
Uniform crossover,46,101,66982.0,-5601050.28,17664,66982,0.24444355555555558,0.28
Uniform crossover,46,102,66982.0,-3466297.88,17664,66982,0.24244800000000005,0.19999999999999996
Uniform crossover,46,103,66982.0,-3176317.7533333334,17664,66982,0.2374871111111112,0.21333333333333337
Uniform crossover,46,104,66982.0,-3653475.78,17664,66982,0.22996533333333324,0.19999999999999996
Uniform crossover,46,105,66982.0,-4368558.34,17664,66982,0.22913511111111118,0.32666666666666666
Uniform crossover,46,106,66982.0,-3669541.7866666666,17664,66982,0.23376355555555559,0.24
Uniform crossover,46,107,66982.0,-3386713.1866666665,17664,66982,0.23818577777777775,0.2666666666666667
Uniform crossover,46,108,66982.0,-3405924.22,17664,66982,0.2278115555555557,0.18000000000000005
Uniform crossover,46,109,66982.0,-1806401.4266666668,17664,66982,0.2270115555555554,0.16666666666666663
Uniform crossover,46,110,66982.0,-4076633.6466666665,17664,66982,0.22273955555555555,0.20666666666666667
Uniform crossover,46,111,66982.0,-5401754.1,17664,66982,0.223192888888889,0.32666666666666666
Uniform crossover,46,112,66982.0,-2313241.8933333335,17664,66982,0.22238222222222234,0.20666666666666667
Uniform crossover,46,113,66982.0,-2409482.9133333336,17664,66982,0.21347911111111129,0.18666666666666665
Uniform crossover,46,114,67047.0,-3362322.78,17589,67047,0.2077831111111112,0.20666666666666667
Uniform crossover,46,115,67047.0,-4267652.566666666,17589,67047,0.20592266666666664,0.2666666666666667
Uniform crossover,46,116,67047.0,-2044100.8666666667,17589,67047,0.2030888888888889,0.14
Uniform crossover,46,117,67047.0,-4636255.8533333335,17589,67047,0.19675555555555554,0.2666666666666667
Uniform crossover,46,118,67047.0,-2759644.4,17589,67047,0.2069208888888889,0.19333333333333336
Uniform crossover,46,119,67047.0,-2798837.466666667,17589,67047,0.20605155555555574,0.20666666666666667
Uniform crossover,46,120,67047.0,-2277674.8533333335,17589,67047,0.21071200000000004,0.24
Uniform crossover,46,121,67047.0,-2435526.3066666666,17589,67047,0.21333777777777788,0.16666666666666663
Uniform crossover,46,122,67047.0,-3670367.1533333333,17589,67047,0.2116408888888889,0.2466666666666667
Uniform crossover,46,123,67047.0,-4497748.486666666,17589,67047,0.2137884444444445,0.2666666666666667
Uniform crossover,46,124,67047.0,-3401395.8066666666,17589,67047,0.2091280000000001,0.2466666666666667
Uniform crossover,46,125,67047.0,-3094950.54,17589,67047,0.20571999999999996,0.24
Uniform crossover,46,126,67047.0,-4435885.8,17589,67047,0.2108808888888889,0.2733333333333333
Uniform crossover,46,127,67047.0,-3368031.1,17589,67047,0.2136008888888889,0.24
Uniform crossover,46,128,67047.0,-2667432.96,17589,67047,0.2149351111111111,0.16000000000000003
Uniform crossover,46,129,67047.0,-2894444.2933333335,17589,67047,0.2127635555555555,0.23333333333333328
Uniform crossover,46,130,67047.0,-2672448.6266666665,17589,67047,0.21022044444444452,0.23333333333333328
Uniform crossover,46,131,67047.0,-2788264.5,17589,67047,0.20756533333333327,0.18000000000000005
Uniform crossover,46,132,67047.0,-3895972.6,17589,67047,0.19164177777777777,0.23333333333333328
Uniform crossover,46,133,67047.0,-2539700.1733333333,17589,67047,0.18429777777777775,0.19999999999999996
Uniform crossover,46,134,67047.0,-3226829.7066666665,17589,67047,0.1780737777777778,0.2466666666666667
Uniform crossover,46,135,67047.0,-3554489.053333333,17589,67047,0.18385333333333334,0.23333333333333328
Uniform crossover,46,136,67047.0,-2345193.2533333334,17589,67047,0.18514044444444452,0.16666666666666663
Uniform crossover,46,137,67047.0,-3624095.44,17589,67047,0.18393688888888893,0.2666666666666667
Uniform crossover,46,138,67047.0,-2514479.16,17589,67047,0.18550577777777782,0.19999999999999996
Uniform crossover,46,139,67047.0,-3495714.64,17589,67047,0.1903777777777779,0.22666666666666668
Uniform crossover,46,140,67047.0,-4761165.633333334,17589,67047,0.19809955555555553,0.2733333333333333
Uniform crossover,46,141,67047.0,-4265081.466666667,17589,67047,0.1922257777777778,0.30000000000000004
Uniform crossover,46,142,67047.0,-2400050.44,17589,67047,0.19349333333333338,0.20666666666666667
Uniform crossover,46,143,67047.0,-3519104.74,17589,67047,0.19338755555555562,0.23333333333333328
Uniform crossover,46,144,67047.0,-3415634.6266666665,17589,67047,0.19273333333333334,0.21333333333333337
Uniform crossover,46,145,67047.0,-3406860.4066666667,17589,67047,0.19214666666666677,0.20666666666666667
Uniform crossover,46,146,67047.0,-3315635.8066666666,17589,67047,0.19412266666666664,0.21333333333333337
Uniform crossover,46,147,67047.0,-3425957.2266666666,17589,67047,0.19002488888888883,0.22666666666666668
Uniform crossover,46,148,67047.0,-3465189.9266666668,17589,67047,0.19152800000000006,0.2666666666666667
Uniform crossover,46,149,67047.0,-3228858.02,17589,67047,0.1903022222222223,0.23333333333333328
Uniform crossover,46,150,67047.0,-2491191.486666667,17589,67047,0.1909840000000001,0.20666666666666667
Uniform crossover,46,151,67047.0,-5372991.1866666665,17589,67047,0.18702311111111114,0.2866666666666666
Uniform crossover,46,152,67047.0,-2090982.2333333334,17589,67047,0.18191733333333343,0.16666666666666663
Uniform crossover,46,153,67047.0,-2764760.44,17589,67047,0.18439466666666668,0.18000000000000005
Uniform crossover,46,154,67047.0,-2598368.98,17589,67047,0.1849777777777778,0.24
Uniform crossover,46,155,67047.0,-1801339.2266666666,17589,67047,0.1951173333333333,0.1466666666666666
Uniform crossover,46,156,67047.0,-3397502.1466666665,17589,67047,0.20021777777777777,0.24
Uniform crossover,46,157,67047.0,-2063861.66,17589,67047,0.20432711111111107,0.1333333333333333
Uniform crossover,46,158,67047.0,-4244943.886666667,17589,67047,0.2047795555555555,0.23333333333333328
Uniform crossover,46,159,67047.0,-2815592.66,17589,67047,0.206616,0.18000000000000005
Uniform crossover,46,160,67047.0,-3437063.7266666666,17589,67047,0.2091831111111111,0.2466666666666667
Uniform crossover,46,161,67047.0,-3335272.9266666668,17589,67047,0.20449600000000007,0.21333333333333337
Uniform crossover,46,162,67047.0,-3982558.7866666666,17589,67047,0.18358133333333343,0.21999999999999997
Uniform crossover,46,163,67047.0,-4199880.8533333335,17589,67047,0.1850017777777777,0.2866666666666666
Uniform crossover,46,164,67047.0,-5209244.526666666,17589,67047,0.18524888888888885,0.2466666666666667
Uniform crossover,46,165,67047.0,-3026344.946666667,17589,67047,0.18656888888888892,0.21333333333333337
Uniform crossover,46,166,67047.0,-4047043.2733333334,17589,67047,0.1811493333333333,0.26
Uniform crossover,46,167,67047.0,-3643497.493333333,17589,67047,0.1847351111111112,0.23333333333333328
Uniform crossover,46,168,67047.0,-4126488.52,17589,67047,0.18428266666666676,0.2533333333333333
Uniform crossover,46,169,67047.0,-3500690.1933333334,17589,67047,0.1807084444444444,0.21999999999999997
Uniform crossover,46,170,67047.0,-3536657.2466666666,17589,67047,0.1793582222222223,0.22666666666666668
Uniform crossover,46,171,67047.0,-3290238.16,17589,67047,0.18396000000000004,0.20666666666666667
Uniform crossover,46,172,67047.0,-3534296.2266666666,17589,67047,0.18485955555555564,0.24
Uniform crossover,46,173,67047.0,-2513780.18,17589,67047,0.17408088888888887,0.19333333333333336
Uniform crossover,46,174,67047.0,-3862128.7733333334,17589,67047,0.17799644444444454,0.2533333333333333
Uniform crossover,46,175,67047.0,-3008264.6266666665,17589,67047,0.1900071111111111,0.19999999999999996
Uniform crossover,46,176,67047.0,-3133124.32,17589,67047,0.19934400000000013,0.2466666666666667
Uniform crossover,46,177,67047.0,-3448563.44,17589,67047,0.20127288888888895,0.2533333333333333
Uniform crossover,46,178,67047.0,-2304080.2466666666,17589,67047,0.1994311111111111,0.21999999999999997
Uniform crossover,46,179,67047.0,-4199102.966666667,17589,67047,0.21131822222222227,0.2533333333333333
Uniform crossover,46,180,67047.0,-3393099.933333333,17589,67047,0.21060266666666672,0.20666666666666667
Uniform crossover,46,181,67165.0,-4209348.48,17685,67165,0.2052906666666666,0.23333333333333328
Uniform crossover,46,182,67165.0,-3642872.8866666667,17685,67165,0.19688,0.23333333333333328
Uniform crossover,46,183,67165.0,-3324021.993333333,17685,67165,0.19731644444444446,0.21999999999999997
Uniform crossover,46,184,67165.0,-3133955.64,17685,67165,0.19520444444444446,0.21333333333333337
Uniform crossover,46,185,67165.0,-3579707.86,17685,67165,0.19418488888888888,0.19999999999999996
Uniform crossover,46,186,67165.0,-3979094.4066666667,17685,67165,0.19309866666666667,0.2533333333333333
Uniform crossover,46,187,67165.0,-3396133.8933333335,17685,67165,0.2040284444444444,0.24
Uniform crossover,46,188,67165.0,-3103820.486666667,17685,67165,0.20417333333333343,0.19333333333333336
Uniform crossover,46,189,67165.0,-2654111.6,17685,67165,0.19820977777777785,0.17333333333333334
Uniform crossover,46,190,67165.0,-2437233.466666667,17685,67165,0.19896977777777777,0.1466666666666666
Uniform crossover,46,191,67165.0,-3583530.56,17685,67165,0.2009564444444444,0.24
Uniform crossover,46,192,67165.0,-3943902.8,17685,67165,0.205840888888889,0.22666666666666668
Uniform crossover,46,193,67165.0,-5075591.753333333,17685,67165,0.21336177777777782,0.30000000000000004
Uniform crossover,46,194,67165.0,-1826113.3266666667,17685,67165,0.22582488888888885,0.18000000000000005
Uniform crossover,46,195,67165.0,-5712022.773333333,17685,67165,0.22565866666666665,0.2866666666666666
Uniform crossover,46,196,67165.0,-3045456.433333333,17685,67165,0.22240266666666664,0.19333333333333336
Uniform crossover,46,197,67165.0,-3288008.946666667,17685,67165,0.22010044444444443,0.18666666666666665
Uniform crossover,46,198,67165.0,-2529890.0,17685,67165,0.2189431111111112,0.18000000000000005
Uniform crossover,46,199,67165.0,-4174225.38,17685,67165,0.22136533333333336,0.2466666666666667
Uniform crossover,46,200,67165.0,-2610759.14,17685,67165,0.2239511111111111,0.21999999999999997
pm = 0.01,42,0,50912.0,-17804451.82,17634,50912,0.4963848888888887,0.54
pm = 0.01,42,1,50912.0,-5428350.673333333,17634,50912,0.48982488888888875,0.26
pm = 0.01,42,2,53120.0,-2941044.526666667,17640,53120,0.47835199999999994,0.23333333333333328
pm = 0.01,42,3,53120.0,-3916311.6933333334,17640,53120,0.4670311111111112,0.18666666666666665
pm = 0.01,42,4,53245.0,-3378099.566666667,16335,53245,0.45652088888888875,0.22666666666666668
pm = 0.01,42,5,54319.0,-3320557.7733333334,16953,54319,0.4466782222222221,0.20666666666666667
pm = 0.01,42,6,56043.0,-3407674.986666667,16821,56043,0.432104,0.18666666666666665
pm = 0.01,42,7,58528.0,-1390045.52,17436,58528,0.41354222222222214,0.10666666666666669
pm = 0.01,42,8,58528.0,-3681815.12,17436,58528,0.39262133333333343,0.21999999999999997
pm = 0.01,42,9,59260.0,-2494185.6466666665,17520,59260,0.3653093333333334,0.16666666666666663
pm = 0.01,42,10,60435.0,-2397327.66,17325,60435,0.33043288888888883,0.18666666666666665
pm = 0.01,42,11,60500.0,-2442290.006666667,17250,60500,0.2992488888888888,0.23333333333333328
pm = 0.01,42,12,61598.0,-1917717.4133333333,17376,61598,0.2726177777777778,0.16666666666666663
pm = 0.01,42,13,61976.0,-1726964.74,17172,61976,0.26016977777777783,0.16666666666666663
pm = 0.01,42,14,63411.0,-3432098.9133333336,16677,63411,0.253256888888889,0.22666666666666668
pm = 0.01,42,15,63753.0,-1835251.48,17211,63753,0.24972622222222224,0.16666666666666663
pm = 0.01,42,16,64302.0,-2877992.946666667,17274,64302,0.25352266666666656,0.24
pm = 0.01,42,17,65636.0,-3115319.966666667,17592,65636,0.2537573333333334,0.20666666666666667
pm = 0.01,42,18,65636.0,-2512906.64,17592,65636,0.24633599999999997,0.18000000000000005
pm = 0.01,42,19,65636.0,-1886813.54,17592,65636,0.23376711111111106,0.18666666666666665
pm = 0.01,42,20,65636.0,-1784583.48,17592,65636,0.22129866666666675,0.17333333333333334
pm = 0.01,42,21,65636.0,-1802600.8933333333,17592,65636,0.20172088888888887,0.18000000000000005
pm = 0.01,42,22,66250.0,-2342722.7533333334,17580,66250,0.19007111111111116,0.2533333333333333
pm = 0.01,42,23,66250.0,-1587916.6333333333,17580,66250,0.186464,0.14
pm = 0.01,42,24,66250.0,-1157944.5266666666,17580,66250,0.17123733333333335,0.1466666666666666
pm = 0.01,42,25,66250.0,-1520690.88,17580,66250,0.16428088888888887,0.18000000000000005
pm = 0.01,42,26,66368.0,-2744557.12,17676,66368,0.16817155555555555,0.23333333333333328
pm = 0.01,42,27,66864.0,-3715743.933333333,17568,66864,0.16624444444444447,0.2666666666666667
pm = 0.01,42,28,66864.0,-2064181.5533333332,17568,66864,0.16111288888888894,0.17333333333333334
pm = 0.01,42,29,66864.0,-2300567.986666667,17568,66864,0.16672800000000002,0.22666666666666668
pm = 0.01,42,30,66864.0,-1844049.42,17568,66864,0.16139644444444443,0.21333333333333337
pm = 0.01,42,31,66864.0,-2190943.7333333334,17568,66864,0.15312088888888886,0.19999999999999996
pm = 0.01,42,32,67047.0,-1680633.72,17589,67047,0.14415822222222224,0.18666666666666665
pm = 0.01,42,33,67047.0,-2186904.82,17589,67047,0.13957866666666668,0.21999999999999997
pm = 0.01,42,34,67047.0,-1939877.0666666667,17589,67047,0.13667911111111108,0.18666666666666665
pm = 0.01,42,35,67047.0,-1634258.9266666668,17589,67047,0.12953866666666672,0.19333333333333336
pm = 0.01,42,36,67047.0,-2380673.18,17589,67047,0.12674488888888885,0.19333333333333336
pm = 0.01,42,37,67047.0,-2828934.24,17589,67047,0.1264151111111111,0.21999999999999997
pm = 0.01,42,38,67047.0,-2468489.033333333,17589,67047,0.123168,0.18666666666666665
pm = 0.01,42,39,67047.0,-2424888.46,17589,67047,0.12048266666666668,0.21999999999999997
pm = 0.01,42,40,67047.0,-2634091.6066666665,17589,67047,0.11313511111111112,0.21999999999999997
pm = 0.01,42,41,67047.0,-2289846.6266666665,17589,67047,0.09565155555555553,0.23333333333333328
pm = 0.01,42,42,67047.0,-2217643.14,17589,67047,0.09498311111111113,0.23333333333333328
pm = 0.01,42,43,67165.0,-1993349.34,17685,67165,0.08501688888888889,0.21333333333333337
pm = 0.01,42,44,67165.0,-2177955.8133333335,17685,67165,0.07419111111111115,0.2733333333333333
pm = 0.01,42,45,67165.0,-1194272.2333333334,17685,67165,0.0726,0.16000000000000003
pm = 0.01,42,46,67165.0,-2688493.3466666667,17685,67165,0.07006933333333336,0.20666666666666667
pm = 0.01,42,47,67165.0,-2806024.42,17685,67165,0.0675795555555556,0.2666666666666667
pm = 0.01,42,48,67165.0,-2470977.953333333,17685,67165,0.06841422222222227,0.22666666666666668
pm = 0.01,42,49,67165.0,-1797206.2866666666,17685,67165,0.06602577777777778,0.18000000000000005
pm = 0.01,42,50,67165.0,-2149570.02,17685,67165,0.06583733333333333,0.19999999999999996
pm = 0.01,42,51,67165.0,-1484938.28,17685,67165,0.06443111111111115,0.15333333333333332
pm = 0.01,42,52,67165.0,-2800441.5733333332,17685,67165,0.07327466666666668,0.2533333333333333
pm = 0.01,42,53,67165.0,-1949542.7133333334,17685,67165,0.07075111111111114,0.21333333333333337
pm = 0.01,42,54,67165.0,-1853407.1733333333,17685,67165,0.07676444444444445,0.19999999999999996
pm = 0.01,42,55,67165.0,-2148413.7,17685,67165,0.07376177777777779,0.19333333333333336
pm = 0.01,42,56,67165.0,-2569453.433333333,17685,67165,0.075504,0.22666666666666668
pm = 0.01,42,57,67165.0,-3146847.8533333335,17685,67165,0.08247200000000003,0.24
pm = 0.01,42,58,67165.0,-2889414.16,17685,67165,0.0818097777777778,0.26
pm = 0.01,42,59,67165.0,-3755549.466666667,17685,67165,0.08493244444444448,0.2733333333333333
pm = 0.01,42,60,67165.0,-2737377.046666667,17685,67165,0.0797306666666667,0.22666666666666668
pm = 0.01,42,61,67165.0,-1654730.1266666667,17685,67165,0.08353955555555556,0.15333333333333332
pm = 0.01,42,62,67165.0,-2740280.7933333335,17685,67165,0.08531911111111118,0.20666666666666667
pm = 0.01,42,63,67165.0,-3041554.8733333335,17685,67165,0.08559911111111111,0.26
pm = 0.01,42,64,67165.0,-2536755.8266666667,17685,67165,0.08582044444444442,0.22666666666666668
pm = 0.01,42,65,67165.0,-2971554.033333333,17685,67165,0.08746044444444444,0.2466666666666667
pm = 0.01,42,66,67165.0,-2868921.533333333,17685,67165,0.0937866666666667,0.2733333333333333
pm = 0.01,42,67,67165.0,-2849108.84,17685,67165,0.09840088888888891,0.2666666666666667
pm = 0.01,42,68,67165.0,-3127961.446666667,17685,67165,0.10944088888888892,0.28
pm = 0.01,42,69,67165.0,-3558168.1266666665,17685,67165,0.10887377777777779,0.2533333333333333
pm = 0.01,42,70,67165.0,-3911003.5,17685,67165,0.10008088888888893,0.2666666666666667
pm = 0.01,42,71,67165.0,-2357879.566666667,17685,67165,0.10133777777777776,0.18666666666666665
pm = 0.01,42,72,67165.0,-1425777.6533333333,17685,67165,0.09891644444444449,0.16000000000000003
pm = 0.01,42,73,67165.0,-1990777.0866666667,17685,67165,0.10011733333333332,0.18000000000000005
pm = 0.01,42,74,67165.0,-2800099.8066666666,17685,67165,0.10403111111111109,0.24
pm = 0.01,42,75,67165.0,-3411278.3333333335,17685,67165,0.10769866666666669,0.2666666666666667
pm = 0.01,42,76,67165.0,-3377538.48,17685,67165,0.10634222222222224,0.24
pm = 0.01,42,77,67165.0,-2502592.553333333,17685,67165,0.10445066666666669,0.20666666666666667
pm = 0.01,42,78,67165.0,-2808069.6533333333,17685,67165,0.11281244444444444,0.2666666666666667
pm = 0.01,42,79,67165.0,-3400587.053333333,17685,67165,0.11225155555555562,0.2533333333333333
pm = 0.01,42,80,67165.0,-2107106.493333333,17685,67165,0.11365155555555553,0.20666666666666667
pm = 0.01,42,81,67165.0,-2964531.88,17685,67165,0.10604888888888889,0.26
pm = 0.01,42,82,67165.0,-2222366.8466666667,17685,67165,0.10425955555555555,0.21333333333333337
pm = 0.01,42,83,67165.0,-2619986.9,17685,67165,0.10046488888888884,0.21333333333333337
pm = 0.01,42,84,67165.0,-3019265.54,17685,67165,0.1037857777777778,0.2466666666666667
pm = 0.01,42,85,67165.0,-3181591.6133333333,17685,67165,0.10520711111111114,0.23333333333333328
pm = 0.01,42,86,67165.0,-3598748.5933333333,17685,67165,0.10992711111111107,0.28
pm = 0.01,42,87,67165.0,-3378397.6,17685,67165,0.11347733333333342,0.22666666666666668
pm = 0.01,42,88,67165.0,-3797894.6333333333,17685,67165,0.11650400000000007,0.2466666666666667
pm = 0.01,42,89,67165.0,-2566304.1733333333,17685,67165,0.11702133333333332,0.20666666666666667
pm = 0.01,42,90,67165.0,-2490724.12,17685,67165,0.11642933333333336,0.23333333333333328
pm = 0.01,42,91,67165.0,-3443066.3333333335,17685,67165,0.11252177777777779,0.26
pm = 0.01,42,92,67165.0,-2896457.566666667,17685,67165,0.11501155555555558,0.2533333333333333
pm = 0.01,42,93,67165.0,-2777717.053333333,17685,67165,0.11440533333333336,0.20666666666666667
pm = 0.01,42,94,67165.0,-2236886.8133333335,17685,67165,0.11271466666666669,0.22666666666666668
pm = 0.01,42,95,67165.0,-3201965.2066666665,17685,67165,0.11381600000000003,0.21999999999999997
pm = 0.01,42,96,67165.0,-4404684.306666667,17685,67165,0.11794577777777775,0.2733333333333333
pm = 0.01,42,97,67165.0,-3587438.2066666665,17685,67165,0.12092977777777776,0.2733333333333333
pm = 0.01,42,98,67165.0,-2427510.12,17685,67165,0.11280088888888887,0.18666666666666665
pm = 0.01,42,99,67165.0,-5075658.86,17685,67165,0.11437066666666668,0.28
pm = 0.01,42,100,67165.0,-2901047.513333333,17685,67165,0.11222844444444444,0.21333333333333337
pm = 0.01,42,101,67165.0,-3121604.513333333,17685,67165,0.11108711111111112,0.2666666666666667
pm = 0.01,42,102,67165.0,-3310198.1733333333,17685,67165,0.11960355555555557,0.23333333333333328
pm = 0.01,42,103,67165.0,-2885959.78,17685,67165,0.11917511111111115,0.21333333333333337
pm = 0.01,42,104,67165.0,-2199668.66,17685,67165,0.12659911111111108,0.16000000000000003
pm = 0.01,42,105,67165.0,-2802579.7733333334,17685,67165,0.13036,0.18666666666666665
pm = 0.01,42,106,67165.0,-2300257.52,17685,67165,0.12735199999999997,0.21333333333333337
pm = 0.01,42,107,67165.0,-2249336.9066666667,17685,67165,0.13412177777777776,0.21999999999999997
pm = 0.01,42,108,67165.0,-2802762.8,17685,67165,0.1271511111111112,0.2666666666666667
pm = 0.01,42,109,67165.0,-1576168.7,17685,67165,0.13088711111111115,0.16000000000000003
pm = 0.01,42,110,67165.0,-2250557.966666667,17685,67165,0.13598400000000002,0.2533333333333333
pm = 0.01,42,111,67165.0,-2886222.04,17685,67165,0.13898311111111114,0.2666666666666667
pm = 0.01,42,112,67165.0,-2930797.446666667,17685,67165,0.13472088888888892,0.2466666666666667
pm = 0.01,42,113,67165.0,-2371093.1,17685,67165,0.1407866666666667,0.2466666666666667
pm = 0.01,42,114,67165.0,-1827988.2133333334,17685,67165,0.1315493333333334,0.22666666666666668
pm = 0.01,42,115,67165.0,-2595508.8733333335,17685,67165,0.12239644444444447,0.2666666666666667
pm = 0.01,42,116,67165.0,-1724630.2066666668,17685,67165,0.11875822222222228,0.14
pm = 0.01,42,117,67165.0,-2325125.52,17685,67165,0.11493688888888892,0.19333333333333336
pm = 0.01,42,118,67165.0,-1943442.1,17685,67165,0.10734933333333334,0.20666666666666667
pm = 0.01,42,119,67165.0,-2784733.553333333,17685,67165,0.11411466666666667,0.21333333333333337
pm = 0.01,42,120,67165.0,-2912484.1933333334,17685,67165,0.11487022222222225,0.17333333333333334
pm = 0.01,42,121,67165.0,-2790620.513333333,17685,67165,0.10896444444444447,0.21333333333333337
pm = 0.01,42,122,67165.0,-3377677.1466666665,17685,67165,0.10969422222222225,0.2666666666666667
pm = 0.01,42,123,67165.0,-3026154.6933333334,17685,67165,0.11315644444444448,0.23333333333333328
pm = 0.01,42,124,67165.0,-2575324.2266666666,17685,67165,0.11758577777777778,0.19333333333333336
pm = 0.01,42,125,67165.0,-2030399.7,17685,67165,0.11839822222222221,0.17333333333333334
pm = 0.01,42,126,67165.0,-2132952.033333333,17685,67165,0.11168888888888891,0.19333333333333336
pm = 0.01,42,127,67165.0,-2413914.026666667,17685,67165,0.11257333333333337,0.19333333333333336
pm = 0.01,42,128,67165.0,-2241688.0733333332,17685,67165,0.11210755555555557,0.19999999999999996
pm = 0.01,42,129,67165.0,-2284643.1533333333,17685,67165,0.11247822222222222,0.19999999999999996
pm = 0.01,42,130,67165.0,-3771043.9266666668,17685,67165,0.11086044444444441,0.2733333333333333
pm = 0.01,42,131,67165.0,-1675466.9666666666,17685,67165,0.10914933333333332,0.15333333333333332
pm = 0.01,42,132,67165.0,-3226050.053333333,17685,67165,0.10926755555555555,0.20666666666666667
pm = 0.01,42,133,67165.0,-4152519.6466666665,17685,67165,0.1130026666666667,0.2666666666666667
pm = 0.01,42,134,67165.0,-2929075.6266666665,17685,67165,0.11053777777777779,0.22666666666666668
pm = 0.01,42,135,67165.0,-3914797.3066666666,17685,67165,0.11993688888888893,0.2533333333333333
pm = 0.01,42,136,67165.0,-2381663.8533333335,17685,67165,0.11649866666666674,0.20666666666666667
pm = 0.01,42,137,67165.0,-3270209.5933333333,17685,67165,0.11294400000000002,0.23333333333333328
pm = 0.01,42,138,67165.0,-2280306.953333333,17685,67165,0.11848000000000003,0.21999999999999997
pm = 0.01,42,139,67165.0,-2320428.066666667,17685,67165,0.11913511111111111,0.18000000000000005
pm = 0.01,42,140,67165.0,-2736015.566666667,17685,67165,0.11517600000000006,0.18666666666666665
pm = 0.01,42,141,67165.0,-2938935.2933333335,17685,67165,0.11400622222222219,0.2533333333333333
pm = 0.01,42,142,67165.0,-2223129.053333333,17685,67165,0.11949599999999999,0.23333333333333328
pm = 0.01,42,143,67165.0,-2962536.473333333,17685,67165,0.11978133333333339,0.23333333333333328
pm = 0.01,42,144,67165.0,-2931788.7666666666,17685,67165,0.12119644444444441,0.2466666666666667
pm = 0.01,42,145,67165.0,-2093299.3133333332,17685,67165,0.11598399999999998,0.21333333333333337
pm = 0.01,42,146,67165.0,-2761677.7266666666,17685,67165,0.12427466666666662,0.24
pm = 0.01,42,147,67165.0,-2783303.98,17685,67165,0.11819733333333333,0.23333333333333328
pm = 0.01,42,148,67165.0,-1895386.82,17685,67165,0.12011644444444443,0.19333333333333336
pm = 0.01,42,149,67165.0,-3049512.553333333,17685,67165,0.12070666666666666,0.24
pm = 0.01,42,150,67165.0,-2305048.7266666666,17685,67165,0.11508977777777779,0.21999999999999997
pm = 0.01,42,151,67165.0,-1795476.84,17685,67165,0.10883288888888894,0.17333333333333334
pm = 0.01,42,152,67165.0,-2525436.7133333334,17685,67165,0.1034968888888889,0.20666666666666667
pm = 0.01,42,153,67165.0,-2850729.22,17685,67165,0.09815822222222222,0.20666666666666667
pm = 0.01,42,154,67165.0,-2826934.02,17685,67165,0.09846311111111115,0.2466666666666667
pm = 0.01,42,155,67165.0,-2369853.96,17685,67165,0.10862400000000004,0.21333333333333337
pm = 0.01,42,156,67165.0,-4045800.08,17685,67165,0.11450844444444438,0.29333333333333333
pm = 0.01,42,157,67165.0,-3280044.6266666665,17685,67165,0.1143422222222222,0.24
pm = 0.01,42,158,67165.0,-2661514.14,17685,67165,0.11955466666666668,0.21333333333333337
pm = 0.01,42,159,67165.0,-2597427.9266666668,17685,67165,0.11995644444444446,0.21999999999999997
pm = 0.01,42,160,67165.0,-2327123.78,17685,67165,0.11712711111111115,0.20666666666666667
pm = 0.01,42,161,67165.0,-3643710.1133333333,17685,67165,0.12164266666666668,0.31333333333333335
pm = 0.01,42,162,67165.0,-2952493.466666667,17685,67165,0.1261048888888889,0.24
pm = 0.01,42,163,67165.0,-3067962.4266666668,17685,67165,0.12250755555555556,0.21333333333333337
pm = 0.01,42,164,67165.0,-2234079.5,17685,67165,0.12181422222222223,0.21999999999999997
pm = 0.01,42,165,67165.0,-3522280.36,17685,67165,0.12255555555555551,0.2866666666666666
pm = 0.01,42,166,67165.0,-2746360.62,17685,67165,0.11432622222222222,0.21999999999999997
pm = 0.01,42,167,67165.0,-3687150.7533333334,17685,67165,0.11030844444444442,0.2733333333333333
pm = 0.01,42,168,67165.0,-3333832.04,17685,67165,0.10603466666666668,0.28
pm = 0.01,42,169,67165.0,-2906015.68,17685,67165,0.10786488888888894,0.20666666666666667
pm = 0.01,42,170,67165.0,-3515606.3133333335,17685,67165,0.10810933333333335,0.2666666666666667
pm = 0.01,42,171,67165.0,-2314971.6,17685,67165,0.11479200000000002,0.21999999999999997
pm = 0.01,42,172,67165.0,-2840322.72,17685,67165,0.11249422222222222,0.20666666666666667
pm = 0.01,42,173,67165.0,-2356629.046666667,17685,67165,0.11503111111111114,0.23333333333333328
pm = 0.01,42,174,67165.0,-2195590.98,17685,67165,0.11222044444444444,0.19333333333333336
pm = 0.01,42,175,67165.0,-2923074.5733333332,17685,67165,0.12015288888888892,0.2733333333333333
pm = 0.01,42,176,67165.0,-2836389.8933333335,17685,67165,0.12302577777777776,0.24
pm = 0.01,42,177,67165.0,-1943096.9866666666,17685,67165,0.11625155555555555,0.20666666666666667
pm = 0.01,42,178,67165.0,-2153736.1933333334,17685,67165,0.11840711111111116,0.21333333333333337
pm = 0.01,42,179,67165.0,-3332819.22,17685,67165,0.11403022222222227,0.23333333333333328
pm = 0.01,42,180,67165.0,-2455871.64,17685,67165,0.11530222222222224,0.21999999999999997
pm = 0.01,42,181,67165.0,-2228852.533333333,17685,67165,0.11893333333333335,0.2533333333333333
pm = 0.01,42,182,67165.0,-3250795.7733333334,17685,67165,0.12677955555555556,0.26
pm = 0.01,42,183,67165.0,-2780087.8933333335,17685,67165,0.12486488888888887,0.2533333333333333
pm = 0.01,42,184,67165.0,-2567740.046666667,17685,67165,0.12590400000000002,0.21333333333333337
pm = 0.01,42,185,67165.0,-2205584.8933333335,17685,67165,0.12073066666666668,0.16666666666666663
pm = 0.01,42,186,67165.0,-2483096.7866666666,17685,67165,0.10945422222222222,0.2666666666666667
pm = 0.01,42,187,67165.0,-2810390.5,17685,67165,0.10397777777777784,0.20666666666666667
pm = 0.01,42,188,67165.0,-2597526.62,17685,67165,0.1006311111111111,0.19333333333333336
pm = 0.01,42,189,67165.0,-2160931.8466666667,17685,67165,0.10539111111111116,0.21333333333333337
pm = 0.01,42,190,67165.0,-2331525.22,17685,67165,0.10877244444444445,0.23333333333333328
pm = 0.01,42,191,67165.0,-2076576.1266666667,17685,67165,0.11482933333333335,0.19333333333333336
pm = 0.01,42,192,67165.0,-2645698.42,17685,67165,0.11847733333333338,0.24
pm = 0.01,42,193,67165.0,-3754731.453333333,17685,67165,0.11668444444444447,0.29333333333333333
pm = 0.01,42,194,67165.0,-2704507.933333333,17685,67165,0.12049066666666673,0.2466666666666667
pm = 0.01,42,195,67165.0,-2271716.12,17685,67165,0.12275822222222228,0.2466666666666667
pm = 0.01,42,196,67165.0,-2109475.3466666667,17685,67165,0.12353066666666666,0.21333333333333337
pm = 0.01,42,197,67165.0,-1751093.96,17685,67165,0.11576977777777778,0.23333333333333328
pm = 0.01,42,198,67165.0,-2687530.8666666667,17685,67165,0.11361422222222224,0.26
pm = 0.01,42,199,67165.0,-2277782.2066666665,17685,67165,0.11859022222222222,0.21333333333333337
pm = 0.01,42,200,67165.0,-2621627.473333333,17685,67165,0.12370133333333333,0.26
pm = 0.01,43,0,47659.0,-17477563.38,17673,47659,0.4971146666666663,0.4666666666666667
pm = 0.01,43,1,52087.0,-4556606.8533333335,17439,52087,0.4902755555555555,0.22666666666666668
pm = 0.01,43,2,52087.0,-3322240.0933333333,17439,52087,0.48275644444444443,0.19999999999999996
pm = 0.01,43,3,53847.0,-1997388.6,16569,53847,0.47145244444444445,0.1333333333333333
pm = 0.01,43,4,53847.0,-1948841.06,16569,53847,0.4495075555555554,0.15333333333333332
pm = 0.01,43,5,57105.0,-2015057.4066666667,17685,57105,0.4275884444444445,0.16000000000000003
pm = 0.01,43,6,58841.0,-2315664.7133333334,17307,58841,0.41548088888888884,0.18666666666666665
pm = 0.01,43,7,58841.0,-2447320.3933333335,17307,58841,0.3963297777777779,0.19333333333333336
pm = 0.01,43,8,58841.0,-2407900.453333333,17307,58841,0.3770951111111111,0.18666666666666665
pm = 0.01,43,9,59650.0,-2619135.2066666665,17070,59650,0.35681066666666644,0.17333333333333334
pm = 0.01,43,10,59650.0,-3423130.9133333336,17070,59650,0.3319857777777777,0.24
pm = 0.01,43,11,62212.0,-1871130.96,17364,62212,0.3079955555555556,0.17333333333333334
pm = 0.01,43,12,62212.0,-3520415.2,17364,62212,0.2761688888888889,0.21333333333333337
pm = 0.01,43,13,63310.0,-2022479.24,17490,63310,0.24986755555555573,0.17333333333333334
pm = 0.01,43,14,63676.0,-2368581.6933333334,17532,63676,0.2391617777777777,0.17333333333333334
pm = 0.01,43,15,64172.0,-2325262.8733333335,17424,64172,0.23135288888888894,0.16666666666666663
pm = 0.01,43,16,64172.0,-2890776.8066666666,17424,64172,0.21691822222222218,0.23333333333333328
pm = 0.01,43,17,64863.0,-1892031.7666666666,17091,64863,0.19659200000000002,0.19999999999999996
pm = 0.01,43,18,64863.0,-2631599.6733333333,17091,64863,0.193887111111111,0.19999999999999996
pm = 0.01,43,19,65571.0,-2014916.4,17667,65571,0.19027199999999997,0.18000000000000005
pm = 0.01,43,20,65571.0,-2644073.6866666665,17667,65571,0.1782035555555556,0.19333333333333336
pm = 0.01,43,21,65571.0,-2277402.92,17667,65571,0.16944799999999996,0.24
pm = 0.01,43,22,66197.0,-1754265.8933333333,17409,66197,0.164808,0.18666666666666665
pm = 0.01,43,23,66616.0,-2079779.6266666667,17622,66616,0.16321688888888894,0.22666666666666668
pm = 0.01,43,24,66616.0,-2363762.3333333335,17622,66616,0.16482933333333338,0.21999999999999997
pm = 0.01,43,25,66616.0,-2427212.24,17622,66616,0.159296,0.22666666666666668
pm = 0.01,43,26,66616.0,-2435179.6466666665,17622,66616,0.14265688888888894,0.23333333333333328
pm = 0.01,43,27,66616.0,-2067566.7533333334,17622,66616,0.13475199999999998,0.19333333333333336
pm = 0.01,43,28,66864.0,-2541094.6266666665,17568,66864,0.13535377777777782,0.24
pm = 0.01,43,29,66864.0,-1915396.24,17568,66864,0.13417866666666667,0.18000000000000005
pm = 0.01,43,30,66864.0,-1628889.64,17568,66864,0.12889599999999996,0.18666666666666665
pm = 0.01,43,31,66864.0,-1776100.54,17568,66864,0.12649155555555555,0.18666666666666665
pm = 0.01,43,32,66864.0,-2368976.2866666666,17568,66864,0.12419022222222226,0.2466666666666667
pm = 0.01,43,33,66982.0,-2596615.3,17664,66982,0.12319377777777776,0.18666666666666665
pm = 0.01,43,34,66982.0,-1425954.0333333334,17664,66982,0.12673155555555554,0.16666666666666663
pm = 0.01,43,35,66982.0,-2027726.58,17664,66982,0.124232,0.19999999999999996
pm = 0.01,43,36,66982.0,-2548870.6066666665,17664,66982,0.12697333333333335,0.20666666666666667
pm = 0.01,43,37,66982.0,-1873762.18,17664,66982,0.12022666666666672,0.2533333333333333
pm = 0.01,43,38,66982.0,-1923449.3466666667,17664,66982,0.12410133333333341,0.21333333333333337
pm = 0.01,43,39,66982.0,-2655715.8066666666,17664,66982,0.11124177777777776,0.20666666666666667
pm = 0.01,43,40,66982.0,-1609706.8533333333,17664,66982,0.11465777777777776,0.15333333333333332
pm = 0.01,43,41,66982.0,-2044965.22,17664,66982,0.10660888888888892,0.20666666666666667
pm = 0.01,43,42,67047.0,-1402358.7266666666,17589,67047,0.10683911111111108,0.19999999999999996
pm = 0.01,43,43,67047.0,-2272521.28,17589,67047,0.10707555555555562,0.2466666666666667
pm = 0.01,43,44,67047.0,-2830415.7533333334,17589,67047,0.10783822222222222,0.2533333333333333
pm = 0.01,43,45,67047.0,-1978083.58,17589,67047,0.11175200000000002,0.21333333333333337
pm = 0.01,43,46,67047.0,-1602895.4933333334,17589,67047,0.1122835555555556,0.18000000000000005
pm = 0.01,43,47,67047.0,-2646221.446666667,17589,67047,0.11575111111111112,0.2466666666666667
pm = 0.01,43,48,67047.0,-1831528.1466666667,17589,67047,0.11711911111111109,0.21999999999999997
pm = 0.01,43,49,67047.0,-2045611.86,17589,67047,0.11933333333333328,0.19999999999999996
pm = 0.01,43,50,67165.0,-1783043.7466666666,17685,67165,0.11836800000000001,0.20666666666666667
pm = 0.01,43,51,67165.0,-1994922.62,17685,67165,0.12154311111111113,0.21333333333333337
pm = 0.01,43,52,67165.0,-2239932.72,17685,67165,0.1214071111111111,0.23333333333333328
pm = 0.01,43,53,67165.0,-1865561.6,17685,67165,0.11634844444444443,0.2466666666666667
pm = 0.01,43,54,67165.0,-2619271.68,17685,67165,0.11294222222222217,0.26
pm = 0.01,43,55,67165.0,-1988593.7,17685,67165,0.1078871111111111,0.20666666666666667
pm = 0.01,43,56,67165.0,-1791703.18,17685,67165,0.09976800000000002,0.24
pm = 0.01,43,57,67165.0,-1740547.06,17685,67165,0.10195555555555552,0.16000000000000003
pm = 0.01,43,58,67165.0,-3101103.6133333333,17685,67165,0.10452622222222226,0.2666666666666667
pm = 0.01,43,59,67165.0,-2578528.466666667,17685,67165,0.10640533333333335,0.21999999999999997
pm = 0.01,43,60,67165.0,-1965882.3533333333,17685,67165,0.10624622222222219,0.21999999999999997
pm = 0.01,43,61,67165.0,-1707220.34,17685,67165,0.10489422222222222,0.17333333333333334
pm = 0.01,43,62,67165.0,-2189139.2466666666,17685,67165,0.10184088888888887,0.21333333333333337
pm = 0.01,43,63,67165.0,-2327889.0733333332,17685,67165,0.10090222222222218,0.21333333333333337
pm = 0.01,43,64,67165.0,-1986322.4133333333,17685,67165,0.09961333333333332,0.19333333333333336
pm = 0.01,43,65,67165.0,-2641375.9133333336,17685,67165,0.09718755555555555,0.2733333333333333
pm = 0.01,43,66,67165.0,-2056377.42,17685,67165,0.10078311111111113,0.19999999999999996
pm = 0.01,43,67,67165.0,-2458427.5866666664,17685,67165,0.10236711111111108,0.24
pm = 0.01,43,68,67165.0,-2413633.9066666667,17685,67165,0.10217333333333334,0.2533333333333333
pm = 0.01,43,69,67165.0,-2153004.3666666667,17685,67165,0.10522222222222226,0.24
pm = 0.01,43,70,67165.0,-2257259.52,17685,67165,0.10425600000000002,0.2466666666666667
pm = 0.01,43,71,67165.0,-1356080.2466666666,17685,67165,0.10260000000000004,0.18666666666666665
pm = 0.01,43,72,67165.0,-2147333.1333333333,17685,67165,0.09540622222222225,0.19333333333333336
pm = 0.01,43,73,67165.0,-1385907.5933333333,17685,67165,0.0931271111111111,0.16666666666666663
pm = 0.01,43,74,67165.0,-1597356.8733333333,17685,67165,0.096584,0.19999999999999996
pm = 0.01,43,75,67165.0,-2257031.86,17685,67165,0.10159288888888891,0.21999999999999997
pm = 0.01,43,76,67165.0,-1745142.8666666667,17685,67165,0.09841155555555557,0.19999999999999996
pm = 0.01,43,77,67165.0,-2269377.6666666665,17685,67165,0.08967288888888887,0.21333333333333337
pm = 0.01,43,78,67165.0,-2050961.4266666668,17685,67165,0.09491377777777776,0.19333333333333336
pm = 0.01,43,79,67165.0,-2072530.26,17685,67165,0.0955226666666667,0.24
pm = 0.01,43,80,67165.0,-1908545.84,17685,67165,0.09475200000000003,0.18666666666666665
pm = 0.01,43,81,67165.0,-1934926.7133333334,17685,67165,0.08969333333333335,0.21333333333333337
pm = 0.01,43,82,67165.0,-2524102.44,17685,67165,0.08393422222222222,0.2466666666666667
pm = 0.01,43,83,67165.0,-2672373.8,17685,67165,0.09155555555555557,0.30666666666666664
pm = 0.01,43,84,67165.0,-1152784.2933333332,17685,67165,0.09670933333333334,0.16666666666666663
pm = 0.01,43,85,67165.0,-2166153.8266666667,17685,67165,0.1011848888888889,0.2666666666666667
pm = 0.01,43,86,67165.0,-2325620.066666667,17685,67165,0.10374488888888889,0.19999999999999996
pm = 0.01,43,87,67165.0,-1945240.0666666667,17685,67165,0.10068444444444445,0.19999999999999996
pm = 0.01,43,88,67165.0,-2559714.933333333,17685,67165,0.0975635555555556,0.19333333333333336
pm = 0.01,43,89,67165.0,-1660056.1066666667,17685,67165,0.09952622222222221,0.18000000000000005
pm = 0.01,43,90,67165.0,-2239980.12,17685,67165,0.10011022222222224,0.18666666666666665
pm = 0.01,43,91,67165.0,-2866885.446666667,17685,67165,0.10242044444444445,0.2533333333333333
pm = 0.01,43,92,67165.0,-3456079.966666667,17685,67165,0.10417777777777777,0.28
pm = 0.01,43,93,67165.0,-2015616.3,17685,67165,0.10158488888888886,0.20666666666666667
pm = 0.01,43,94,67165.0,-2635334.2933333335,17685,67165,0.10026933333333334,0.28
pm = 0.01,43,95,67165.0,-1605524.1666666667,17685,67165,0.10325066666666666,0.20666666666666667
pm = 0.01,43,96,67165.0,-1429635.1666666667,17685,67165,0.09997866666666667,0.19999999999999996
pm = 0.01,43,97,67165.0,-1711857.1533333333,17685,67165,0.09475644444444445,0.22666666666666668
pm = 0.01,43,98,67165.0,-1929156.4933333334,17685,67165,0.0952648888888889,0.2666666666666667
pm = 0.01,43,99,67165.0,-1813965.5,17685,67165,0.09910577777777782,0.18666666666666665
pm = 0.01,43,100,67165.0,-2349847.973333333,17685,67165,0.09787555555555562,0.21999999999999997
pm = 0.01,43,101,67165.0,-1187920.4866666666,17685,67165,0.09562577777777777,0.18000000000000005
pm = 0.01,43,102,67165.0,-1599673.66,17685,67165,0.09043199999999998,0.19333333333333336
pm = 0.01,43,103,67165.0,-2122355.9,17685,67165,0.09861777777777775,0.19333333333333336
pm = 0.01,43,104,67165.0,-2578440.74,17685,67165,0.09668977777777778,0.2466666666666667
pm = 0.01,43,105,67165.0,-1655518.3333333333,17685,67165,0.09376622222222224,0.19333333333333336
pm = 0.01,43,106,67165.0,-1450286.8933333333,17685,67165,0.08840355555555558,0.18000000000000005
pm = 0.01,43,107,67165.0,-2667400.94,17685,67165,0.09010222222222224,0.2866666666666666
pm = 0.01,43,108,67165.0,-1667890.76,17685,67165,0.0923937777777778,0.2533333333333333
pm = 0.01,43,109,67165.0,-1462904.9666666666,17685,67165,0.08942133333333338,0.17333333333333334
pm = 0.01,43,110,67165.0,-2973101.8,17685,67165,0.0877946666666667,0.2666666666666667
pm = 0.01,43,111,67165.0,-2695372.84,17685,67165,0.08833422222222222,0.2533333333333333
pm = 0.01,43,112,67165.0,-2409193.9066666667,17685,67165,0.09167199999999999,0.2466666666666667
pm = 0.01,43,113,67165.0,-2254003.8333333335,17685,67165,0.09581244444444444,0.19999999999999996
pm = 0.01,43,114,67165.0,-2430023.32,17685,67165,0.09525955555555556,0.28
pm = 0.01,43,115,67165.0,-1656049.1733333333,17685,67165,0.09588177777777782,0.16666666666666663
pm = 0.01,43,116,67165.0,-1546716.6733333333,17685,67165,0.08769511111111114,0.21333333333333337
pm = 0.01,43,117,67165.0,-1421755.26,17685,67165,0.08593688888888891,0.16000000000000003
pm = 0.01,43,118,67165.0,-2127347.9266666668,17685,67165,0.08325155555555558,0.21333333333333337
pm = 0.01,43,119,67165.0,-1838118.6866666668,17685,67165,0.08616533333333332,0.18000000000000005
pm = 0.01,43,120,67165.0,-2799124.38,17685,67165,0.09029688888888888,0.28
pm = 0.01,43,121,67165.0,-2360325.1533333333,17685,67165,0.09014133333333334,0.2666666666666667
pm = 0.01,43,122,67165.0,-2247388.8933333335,17685,67165,0.0949831111111111,0.2466666666666667
pm = 0.01,43,123,67165.0,-2399463.24,17685,67165,0.09488800000000003,0.23333333333333328
pm = 0.01,43,124,67165.0,-2856510.433333333,17685,67165,0.0972364444444445,0.26
pm = 0.01,43,125,67165.0,-2046060.9333333333,17685,67165,0.10164977777777777,0.21999999999999997
pm = 0.01,43,126,67165.0,-1599308.0666666667,17685,67165,0.1056933333333334,0.21333333333333337
pm = 0.01,43,127,67165.0,-2813171.8466666667,17685,67165,0.11502755555555552,0.26
pm = 0.01,43,128,67165.0,-1783354.0,17685,67165,0.12193600000000002,0.1466666666666666
pm = 0.01,43,129,67165.0,-3161590.7133333334,17685,67165,0.11805066666666669,0.2866666666666666
pm = 0.01,43,130,67165.0,-1933090.7733333334,17685,67165,0.11318844444444448,0.20666666666666667
pm = 0.01,43,131,67165.0,-2138235.506666667,17685,67165,0.10370133333333331,0.18000000000000005
pm = 0.01,43,132,67165.0,-1598289.5933333333,17685,67165,0.09889955555555559,0.19999999999999996
pm = 0.01,43,133,67165.0,-2381784.2,17685,67165,0.09694755555555558,0.2533333333333333
pm = 0.01,43,134,67165.0,-2277230.8,17685,67165,0.09757333333333337,0.21999999999999997
pm = 0.01,43,135,67165.0,-2402519.56,17685,67165,0.09617777777777776,0.23333333333333328
pm = 0.01,43,136,67165.0,-1978520.54,17685,67165,0.09869066666666666,0.2466666666666667
pm = 0.01,43,137,67165.0,-1886581.4266666668,17685,67165,0.10450311111111116,0.20666666666666667
pm = 0.01,43,138,67165.0,-2254816.7133333334,17685,67165,0.10156533333333333,0.2466666666666667
pm = 0.01,43,139,67165.0,-2131616.6066666665,17685,67165,0.10271644444444444,0.18000000000000005
pm = 0.01,43,140,67165.0,-1523044.2,17685,67165,0.09904533333333328,0.17333333333333334
pm = 0.01,43,141,67165.0,-1843226.58,17685,67165,0.10263022222222222,0.19333333333333336
pm = 0.01,43,142,67165.0,-1817818.1733333333,17685,67165,0.10003733333333338,0.19999999999999996
pm = 0.01,43,143,67165.0,-1581296.16,17685,67165,0.10160088888888893,0.16666666666666663
pm = 0.01,43,144,67165.0,-2985490.5,17685,67165,0.09955466666666667,0.2666666666666667
pm = 0.01,43,145,67165.0,-1795703.6333333333,17685,67165,0.10073333333333336,0.21333333333333337
pm = 0.01,43,146,67165.0,-2269360.466666667,17685,67165,0.1085635555555556,0.2666666666666667
pm = 0.01,43,147,67165.0,-1610741.84,17685,67165,0.11022222222222222,0.19999999999999996
pm = 0.01,43,148,67165.0,-2324303.9066666667,17685,67165,0.10725066666666666,0.26
pm = 0.01,43,149,67165.0,-2255983.14,17685,67165,0.10847555555555555,0.2533333333333333
pm = 0.01,43,150,67165.0,-1468618.2866666666,17685,67165,0.10795022222222225,0.18666666666666665
pm = 0.01,43,151,67165.0,-2086921.0133333334,17685,67165,0.1125484444444445,0.22666666666666668
pm = 0.01,43,152,67165.0,-1596811.0733333332,17685,67165,0.12125777777777777,0.17333333333333334
pm = 0.01,43,153,67165.0,-1219385.8,17685,67165,0.11755288888888887,0.18000000000000005
pm = 0.01,43,154,67165.0,-1349129.52,17685,67165,0.10901511111111109,0.18000000000000005
pm = 0.01,43,155,67165.0,-2205268.64,17685,67165,0.11005244444444451,0.19333333333333336
pm = 0.01,43,156,67165.0,-1473488.1466666667,17685,67165,0.11519466666666667,0.19333333333333336
pm = 0.01,43,157,67165.0,-1831110.8333333333,17685,67165,0.12245866666666666,0.15333333333333332
pm = 0.01,43,158,67165.0,-3279362.88,17685,67165,0.12140266666666669,0.2466666666666667
pm = 0.01,43,159,67165.0,-1764928.4,17685,67165,0.12325066666666666,0.22666666666666668
pm = 0.01,43,160,67165.0,-1397935.2933333332,17685,67165,0.12218222222222222,0.14
pm = 0.01,43,161,67165.0,-1101873.62,17685,67165,0.12013066666666669,0.1466666666666666
pm = 0.01,43,162,67165.0,-1301764.6866666668,17685,67165,0.11986577777777775,0.18000000000000005
pm = 0.01,43,163,67165.0,-1206126.0733333332,17685,67165,0.11850222222222218,0.16000000000000003
pm = 0.01,43,164,67165.0,-1887481.64,17685,67165,0.11356177777777773,0.19999999999999996
pm = 0.01,43,165,67165.0,-2281009.16,17685,67165,0.11783022222222223,0.19999999999999996
pm = 0.01,43,166,67165.0,-1651421.4066666667,17685,67165,0.10922666666666664,0.19999999999999996
pm = 0.01,43,167,67165.0,-1356183.8066666666,17685,67165,0.10241688888888892,0.19333333333333336
pm = 0.01,43,168,67165.0,-1537072.04,17685,67165,0.10239555555555559,0.21999999999999997
pm = 0.01,43,169,67165.0,-1696703.1866666668,17685,67165,0.09724000000000002,0.2466666666666667
pm = 0.01,43,170,67165.0,-2263951.3,17685,67165,0.10043200000000006,0.23333333333333328
pm = 0.01,43,171,67165.0,-3197953.5733333332,17685,67165,0.10344355555555557,0.2733333333333333
pm = 0.01,43,172,67165.0,-2084648.3266666667,17685,67165,0.10201066666666668,0.19999999999999996
pm = 0.01,43,173,67165.0,-2807160.54,17685,67165,0.09856622222222222,0.2666666666666667
pm = 0.01,43,174,67165.0,-2307238.046666667,17685,67165,0.09946666666666669,0.21999999999999997
pm = 0.01,43,175,67165.0,-1254472.88,17685,67165,0.09952888888888892,0.17333333333333334
pm = 0.01,43,176,67165.0,-2644098.053333333,17685,67165,0.10593600000000002,0.2533333333333333
pm = 0.01,43,177,67165.0,-1963697.9066666667,17685,67165,0.10817066666666665,0.16000000000000003
pm = 0.01,43,178,67165.0,-2318084.486666667,17685,67165,0.10783199999999997,0.26
pm = 0.01,43,179,67165.0,-2114632.026666667,17685,67165,0.10396266666666666,0.29333333333333333
pm = 0.01,43,180,67165.0,-2151298.18,17685,67165,0.09881244444444447,0.21333333333333337
pm = 0.01,43,181,67165.0,-1894337.38,17685,67165,0.09422133333333335,0.19333333333333336
pm = 0.01,43,182,67165.0,-2249112.7466666666,17685,67165,0.09447288888888888,0.26
pm = 0.01,43,183,67165.0,-3633166.433333333,17685,67165,0.09921244444444445,0.30666666666666664
pm = 0.01,43,184,67165.0,-2142488.993333333,17685,67165,0.09706133333333337,0.2733333333333333
pm = 0.01,43,185,67165.0,-2149938.046666667,17685,67165,0.09781866666666666,0.21333333333333337
pm = 0.01,43,186,67165.0,-1849813.7333333334,17685,67165,0.09455733333333333,0.24
pm = 0.01,43,187,67165.0,-2016271.7866666666,17685,67165,0.09382844444444446,0.21999999999999997
pm = 0.01,43,188,67165.0,-2381926.966666667,17685,67165,0.09969511111111112,0.24
pm = 0.01,43,189,67165.0,-2281976.8866666667,17685,67165,0.09914044444444442,0.22666666666666668
pm = 0.01,43,190,67165.0,-1763175.8866666667,17685,67165,0.10472177777777775,0.22666666666666668
pm = 0.01,43,191,67165.0,-1517855.32,17685,67165,0.10523111111111111,0.19333333333333336
pm = 0.01,43,192,67165.0,-2217733.9266666668,17685,67165,0.10917688888888887,0.23333333333333328
pm = 0.01,43,193,67165.0,-2574112.066666667,17685,67165,0.11121600000000001,0.24
pm = 0.01,43,194,67165.0,-1796510.7733333334,17685,67165,0.11106399999999997,0.21333333333333337
pm = 0.01,43,195,67165.0,-1470558.6466666667,17685,67165,0.10774933333333339,0.18000000000000005
pm = 0.01,43,196,67165.0,-1508424.8666666667,17685,67165,0.10705511111111107,0.17333333333333334
pm = 0.01,43,197,67165.0,-2549061.8066666666,17685,67165,0.10340088888888888,0.23333333333333328
pm = 0.01,43,198,67165.0,-2137161.6266666665,17685,67165,0.1057048888888889,0.21333333333333337
pm = 0.01,43,199,67165.0,-2150641.9266666668,17685,67165,0.10880088888888892,0.18000000000000005
pm = 0.01,43,200,67165.0,-1505749.3533333333,17685,67165,0.10514933333333337,0.19999999999999996
pm = 0.01,44,0,51993.0,-14890690.52,16851,51993,0.4965537777777776,0.4866666666666667
pm = 0.01,44,1,52217.0,-3904548.5,17289,52217,0.4862808888888888,0.19333333333333336
pm = 0.01,44,2,52335.0,-2812715.026666667,17385,52335,0.4731484444444446,0.20666666666666667
pm = 0.01,44,3,53847.0,-2973115.8866666667,16569,53847,0.45138044444444453,0.21333333333333337
pm = 0.01,44,4,55624.0,-3413208.0933333333,16608,55624,0.4090648888888889,0.21999999999999997
pm = 0.01,44,5,56433.0,-1945809.6866666668,16371,56433,0.3797831111111111,0.14
pm = 0.01,44,6,59626.0,-2244068.8533333335,17562,59626,0.3659955555555557,0.19333333333333336
pm = 0.01,44,7,59626.0,-2877652.526666667,17562,59626,0.3563155555555555,0.20666666666666667
pm = 0.01,44,8,59626.0,-3094868.3933333335,17562,59626,0.3649866666666668,0.20666666666666667
pm = 0.01,44,9,60093.0,-3770923.7266666666,16791,60093,0.3652933333333334,0.22666666666666668
pm = 0.01,44,10,60919.0,-4138628.1066666665,17463,60919,0.34690577777777776,0.2533333333333333
pm = 0.01,44,11,60919.0,-2430122.8866666667,17463,60919,0.3249084444444445,0.17333333333333334
pm = 0.01,44,12,63570.0,-2360158.6333333333,17190,63570,0.3150408888888889,0.17333333333333334
pm = 0.01,44,13,63570.0,-1868457.7133333334,17190,63570,0.30300444444444447,0.18000000000000005
pm = 0.01,44,14,63794.0,-2485126.046666667,17628,63794,0.2905191111111111,0.18666666666666665
pm = 0.01,44,15,63794.0,-2427879.1333333333,17628,63794,0.28334311111111116,0.23333333333333328
pm = 0.01,44,16,64379.0,-2659455.1733333333,16953,64379,0.2806906666666667,0.21333333333333337
pm = 0.01,44,17,64408.0,-2528624.3533333335,17616,64408,0.269800888888889,0.19333333333333336
pm = 0.01,44,18,64408.0,-2662814.72,17616,64408,0.25518044444444443,0.21333333333333337
pm = 0.01,44,19,64733.0,-2573981.933333333,17241,64733,0.23621155555555542,0.19999999999999996
pm = 0.01,44,20,64733.0,-2980881.506666667,17241,64733,0.22992088888888887,0.21999999999999997
pm = 0.01,44,21,65046.0,-3983300.553333333,17112,65046,0.22772088888888892,0.21333333333333337
pm = 0.01,44,22,65046.0,-2259486.466666667,17112,65046,0.22714044444444428,0.18000000000000005
pm = 0.01,44,23,65123.0,-3890511.7866666666,16791,65123,0.21687199999999993,0.19999999999999996
pm = 0.01,44,24,65518.0,-3537366.54,17496,65518,0.21552177777777776,0.24
pm = 0.01,44,25,66067.0,-3109513.5866666664,17559,66067,0.2113831111111112,0.19333333333333336
pm = 0.01,44,26,66067.0,-3646606.8733333335,17559,66067,0.21093688888888887,0.24
pm = 0.01,44,27,66067.0,-2343654.1866666665,17559,66067,0.21081511111111115,0.22666666666666668
pm = 0.01,44,28,66315.0,-2791119.1066666665,17505,66315,0.20403111111111114,0.24
pm = 0.01,44,29,66315.0,-2174731.3333333335,17505,66315,0.18608711111111112,0.18666666666666665
pm = 0.01,44,30,66315.0,-2728881.32,17505,66315,0.16382666666666668,0.2533333333333333
pm = 0.01,44,31,66498.0,-1891129.6333333333,17526,66498,0.15170311111111112,0.18666666666666665
pm = 0.01,44,32,66498.0,-2512870.66,17526,66498,0.14349955555555557,0.2733333333333333
pm = 0.01,44,33,66498.0,-2317969.5866666664,17526,66498,0.13461688888888884,0.26
pm = 0.01,44,34,66498.0,-2638687.22,17526,66498,0.13416533333333333,0.23333333333333328
pm = 0.01,44,35,66498.0,-2764815.52,17526,66498,0.13823999999999997,0.26
pm = 0.01,44,36,66681.0,-3620657.3666666667,17547,66681,0.14292799999999997,0.2466666666666667
pm = 0.01,44,37,66681.0,-2642235.046666667,17547,66681,0.14202311111111107,0.2533333333333333
pm = 0.01,44,38,66681.0,-1621168.0466666666,17547,66681,0.1369315555555555,0.17333333333333334
pm = 0.01,44,39,66799.0,-2990327.2666666666,17643,66799,0.13834222222222223,0.2666666666666667
pm = 0.01,44,40,66799.0,-3059512.54,17643,66799,0.13048355555555552,0.26
pm = 0.01,44,41,66799.0,-2061632.76,17643,66799,0.13413244444444447,0.16666666666666663
pm = 0.01,44,42,66929.0,-1905813.0333333334,17493,66929,0.1374115555555556,0.24
pm = 0.01,44,43,66929.0,-3063329.16,17493,66929,0.1404008888888888,0.2666666666666667
pm = 0.01,44,44,67047.0,-2215381.68,17589,67047,0.13161066666666663,0.2466666666666667
pm = 0.01,44,45,67165.0,-1635960.46,17685,67165,0.12061333333333334,0.18666666666666665
pm = 0.01,44,46,67165.0,-1952618.1933333334,17685,67165,0.11056799999999999,0.19333333333333336
pm = 0.01,44,47,67165.0,-1696105.26,17685,67165,0.11154222222222224,0.19999999999999996
pm = 0.01,44,48,67165.0,-1804137.6733333333,17685,67165,0.12279555555555557,0.21333333333333337
pm = 0.01,44,49,67165.0,-2716639.1666666665,17685,67165,0.13166044444444444,0.24
pm = 0.01,44,50,67165.0,-3526845.78,17685,67165,0.1304035555555556,0.30000000000000004
pm = 0.01,44,51,67165.0,-2038123.3533333333,17685,67165,0.1253591111111111,0.18666666666666665
pm = 0.01,44,52,67165.0,-2635537.8066666666,17685,67165,0.11916977777777778,0.23333333333333328
pm = 0.01,44,53,67165.0,-2482362.28,17685,67165,0.10764088888888886,0.19333333333333336
pm = 0.01,44,54,67165.0,-1930231.18,17685,67165,0.0989626666666667,0.19999999999999996
pm = 0.01,44,55,67165.0,-1589673.8933333333,17685,67165,0.08378577777777778,0.19999999999999996
pm = 0.01,44,56,67165.0,-1941516.0266666666,17685,67165,0.08032444444444446,0.18666666666666665
pm = 0.01,44,57,67165.0,-1862308.56,17685,67165,0.08030844444444446,0.19999999999999996
pm = 0.01,44,58,67165.0,-2082024.08,17685,67165,0.08516000000000004,0.17333333333333334
pm = 0.01,44,59,67165.0,-1316368.82,17685,67165,0.08892800000000001,0.15333333333333332
pm = 0.01,44,60,67165.0,-1933705.5,17685,67165,0.08289600000000004,0.21333333333333337
pm = 0.01,44,61,67165.0,-2264237.7533333334,17685,67165,0.07171644444444447,0.23333333333333328
pm = 0.01,44,62,67165.0,-2516193.72,17685,67165,0.06745422222222222,0.22666666666666668
pm = 0.01,44,63,67165.0,-3250791.9266666668,17685,67165,0.06801688888888892,0.28
pm = 0.01,44,64,67165.0,-2169413.9133333336,17685,67165,0.0708533333333334,0.20666666666666667
pm = 0.01,44,65,67165.0,-2828647.2066666665,17685,67165,0.0729146666666667,0.2733333333333333
pm = 0.01,44,66,67165.0,-2598853.66,17685,67165,0.06869244444444444,0.2533333333333333
pm = 0.01,44,67,67165.0,-2174671.013333333,17685,67165,0.06791911111111111,0.19333333333333336
pm = 0.01,44,68,67165.0,-2233335.4,17685,67165,0.06905866666666668,0.23333333333333328
pm = 0.01,44,69,67165.0,-2247215.3733333335,17685,67165,0.07286933333333337,0.18666666666666665
pm = 0.01,44,70,67165.0,-1658775.4533333334,17685,67165,0.07320800000000002,0.16000000000000003
pm = 0.01,44,71,67165.0,-2574655.42,17685,67165,0.0739217777777778,0.22666666666666668
pm = 0.01,44,72,67165.0,-1225058.4733333334,17685,67165,0.06563555555555557,0.17333333333333334
pm = 0.01,44,73,67165.0,-2615197.2266666666,17685,67165,0.05993511111111111,0.26
pm = 0.01,44,74,67165.0,-1941096.4,17685,67165,0.06512711111111111,0.22666666666666668
pm = 0.01,44,75,67165.0,-2050381.3666666667,17685,67165,0.06585777777777778,0.18000000000000005
pm = 0.01,44,76,67165.0,-1352827.7133333334,17685,67165,0.05762755555555557,0.16666666666666663
pm = 0.01,44,77,67165.0,-2669446.2266666666,17685,67165,0.05063733333333334,0.19999999999999996
pm = 0.01,44,78,67165.0,-2558142.2266666666,17685,67165,0.046481777777777775,0.24
pm = 0.01,44,79,67165.0,-2631144.9266666668,17685,67165,0.04473155555555557,0.24
pm = 0.01,44,80,67165.0,-2770997.7733333334,17685,67165,0.046124444444444454,0.18666666666666665
pm = 0.01,44,81,67165.0,-2367430.92,17685,67165,0.052432,0.22666666666666668
pm = 0.01,44,82,67165.0,-2901767.3533333335,17685,67165,0.058673777777777776,0.2466666666666667
pm = 0.01,44,83,67165.0,-1453247.3333333333,17685,67165,0.05696444444444444,0.1333333333333333
pm = 0.01,44,84,67165.0,-2279068.28,17685,67165,0.05815111111111111,0.17333333333333334
pm = 0.01,44,85,67165.0,-2080975.74,17685,67165,0.05583111111111113,0.19333333333333336
pm = 0.01,44,86,67165.0,-1810251.06,17685,67165,0.05357155555555556,0.18000000000000005
pm = 0.01,44,87,67165.0,-2157223.32,17685,67165,0.05327377777777778,0.24
pm = 0.01,44,88,67165.0,-2180678.5933333333,17685,67165,0.05011466666666667,0.21999999999999997
pm = 0.01,44,89,67165.0,-1690287.8933333333,17685,67165,0.04996355555555557,0.19333333333333336
pm = 0.01,44,90,67165.0,-2458268.993333333,17685,67165,0.048571555555555576,0.23333333333333328
pm = 0.01,44,91,67165.0,-2442026.0733333332,17685,67165,0.047570666666666685,0.24
pm = 0.01,44,92,67165.0,-2487434.6,17685,67165,0.045629333333333355,0.23333333333333328
pm = 0.01,44,93,67165.0,-1863192.0333333334,17685,67165,0.03780266666666669,0.18000000000000005
pm = 0.01,44,94,67165.0,-2119724.986666667,17685,67165,0.03909600000000003,0.21999999999999997
pm = 0.01,44,95,67165.0,-2722577.2266666666,17685,67165,0.042120000000000025,0.19999999999999996
pm = 0.01,44,96,67165.0,-2293315.8733333335,17685,67165,0.041179555555555566,0.19999999999999996
pm = 0.01,44,97,67165.0,-1694749.44,17685,67165,0.040714666666666684,0.15333333333333332
pm = 0.01,44,98,67165.0,-2355629.2666666666,17685,67165,0.040001777777777796,0.22666666666666668
pm = 0.01,44,99,67165.0,-1668292.9466666668,17685,67165,0.03833511111111114,0.19333333333333336
pm = 0.01,44,100,67165.0,-2517544.493333333,17685,67165,0.03989955555555557,0.18666666666666665
pm = 0.01,44,101,67165.0,-2294838.52,17685,67165,0.0406897777777778,0.19333333333333336
pm = 0.01,44,102,67165.0,-1789495.68,17685,67165,0.046232000000000016,0.21999999999999997
pm = 0.01,44,103,67165.0,-2316626.1133333333,17685,67165,0.04698400000000003,0.21333333333333337
pm = 0.01,44,104,67165.0,-2282401.7066666665,17685,67165,0.043881777777777804,0.21333333333333337
pm = 0.01,44,105,67165.0,-2707175.04,17685,67165,0.04189333333333336,0.2533333333333333
pm = 0.01,44,106,67165.0,-2087423.4466666668,17685,67165,0.04850400000000003,0.18000000000000005
pm = 0.01,44,107,67165.0,-1942750.6333333333,17685,67165,0.049248,0.18666666666666665
pm = 0.01,44,108,67165.0,-2189018.3866666667,17685,67165,0.05047377777777776,0.17333333333333334
pm = 0.01,44,109,67165.0,-2767930.66,17685,67165,0.048980444444444445,0.21333333333333337
pm = 0.01,44,110,67165.0,-2489047.52,17685,67165,0.050760000000000034,0.21999999999999997
pm = 0.01,44,111,67165.0,-2485871.54,17685,67165,0.05047111111111111,0.2466666666666667
pm = 0.01,44,112,67165.0,-1631779.3466666667,17685,67165,0.048078222222222224,0.19999999999999996
pm = 0.01,44,113,67165.0,-1274876.3933333333,17685,67165,0.04622844444444446,0.16000000000000003
pm = 0.01,44,114,67165.0,-2990201.86,17685,67165,0.041349333333333356,0.23333333333333328
pm = 0.01,44,115,67165.0,-2429711.02,17685,67165,0.03826933333333336,0.2466666666666667
pm = 0.01,44,116,67165.0,-2825534.1,17685,67165,0.04358133333333334,0.2666666666666667
pm = 0.01,44,117,67165.0,-2116046.44,17685,67165,0.04623466666666668,0.20666666666666667
pm = 0.01,44,118,67165.0,-2197684.7933333335,17685,67165,0.04643466666666668,0.16666666666666663
pm = 0.01,44,119,67165.0,-2255827.66,17685,67165,0.04482133333333335,0.19999999999999996
pm = 0.01,44,120,67165.0,-1918391.3866666667,17685,67165,0.04619466666666669,0.19999999999999996
pm = 0.01,44,121,67165.0,-1919587.3133333332,17685,67165,0.045176888888888905,0.17333333333333334
pm = 0.01,44,122,67165.0,-1467292.9933333334,17685,67165,0.044289777777777796,0.16666666666666663
pm = 0.01,44,123,67165.0,-2329732.6866666665,17685,67165,0.04547111111111112,0.23333333333333328
pm = 0.01,44,124,67165.0,-2453583.006666667,17685,67165,0.045664000000000024,0.20666666666666667
pm = 0.01,44,125,67165.0,-2977098.7266666666,17685,67165,0.0473528888888889,0.24
pm = 0.01,44,126,67165.0,-2864794.6533333333,17685,67165,0.049379555555555565,0.2533333333333333
pm = 0.01,44,127,67165.0,-1886790.8733333333,17685,67165,0.05355111111111116,0.20666666666666667
pm = 0.01,44,128,67165.0,-1901879.66,17685,67165,0.05287911111111112,0.20666666666666667
pm = 0.01,44,129,67165.0,-1990161.0133333334,17685,67165,0.05491644444444444,0.18666666666666665
pm = 0.01,44,130,67165.0,-2449896.493333333,17685,67165,0.05000888888888889,0.2533333333333333
pm = 0.01,44,131,67165.0,-2279043.24,17685,67165,0.05504977777777781,0.21999999999999997
pm = 0.01,44,132,67165.0,-2231391.1333333333,17685,67165,0.05743200000000002,0.21999999999999997
pm = 0.01,44,133,67165.0,-2641638.6933333334,17685,67165,0.0549857777777778,0.24
pm = 0.01,44,134,67165.0,-2532622.446666667,17685,67165,0.05165422222222224,0.21333333333333337
pm = 0.01,44,135,67165.0,-2803536.8533333335,17685,67165,0.05717955555555558,0.24
pm = 0.01,44,136,67165.0,-2528235.1333333333,17685,67165,0.056963555555555566,0.24
pm = 0.01,44,137,67165.0,-1451283.5666666667,17685,67165,0.05767555555555555,0.17333333333333334
pm = 0.01,44,138,67165.0,-2499923.7466666666,17685,67165,0.05808177777777778,0.21999999999999997
pm = 0.01,44,139,67165.0,-2230090.64,17685,67165,0.06057333333333337,0.26
pm = 0.01,44,140,67165.0,-2102256.56,17685,67165,0.058973333333333364,0.23333333333333328
pm = 0.01,44,141,67165.0,-2100833.7666666666,17685,67165,0.05695111111111111,0.21333333333333337
pm = 0.01,44,142,67165.0,-2487580.8133333335,17685,67165,0.06400888888888889,0.24
pm = 0.01,44,143,67165.0,-1196074.6333333333,17685,67165,0.0665031111111111,0.16000000000000003
pm = 0.01,44,144,67165.0,-2172926.2666666666,17685,67165,0.0657768888888889,0.22666666666666668
pm = 0.01,44,145,67165.0,-1970746.72,17685,67165,0.06430044444444444,0.21333333333333337
pm = 0.01,44,146,67165.0,-1695496.92,17685,67165,0.06677422222222223,0.19999999999999996
pm = 0.01,44,147,67165.0,-2283021.2133333334,17685,67165,0.06643022222222222,0.21999999999999997
pm = 0.01,44,148,67165.0,-1611547.1133333333,17685,67165,0.06097066666666669,0.18666666666666665
pm = 0.01,44,149,67165.0,-2695775.1933333334,17685,67165,0.05593066666666667,0.2466666666666667
pm = 0.01,44,150,67165.0,-2505624.96,17685,67165,0.05894844444444446,0.20666666666666667
pm = 0.01,44,151,67165.0,-1927705.9666666666,17685,67165,0.06218577777777779,0.19999999999999996
pm = 0.01,44,152,67165.0,-1797409.44,17685,67165,0.06023733333333335,0.23333333333333328
pm = 0.01,44,153,67165.0,-2363045.04,17685,67165,0.05779911111111111,0.22666666666666668
pm = 0.01,44,154,67165.0,-1625274.9866666666,17685,67165,0.05940355555555556,0.18000000000000005
pm = 0.01,44,155,67165.0,-1828417.4266666668,17685,67165,0.05753688888888891,0.18666666666666665
pm = 0.01,44,156,67165.0,-2863828.0933333333,17685,67165,0.05441600000000002,0.2733333333333333
pm = 0.01,44,157,67165.0,-1819735.92,17685,67165,0.05462755555555561,0.18000000000000005
pm = 0.01,44,158,67165.0,-2562217.36,17685,67165,0.05397511111111112,0.24
pm = 0.01,44,159,67165.0,-2471542.3,17685,67165,0.05672177777777779,0.21999999999999997
pm = 0.01,44,160,67165.0,-2212696.6666666665,17685,67165,0.052453333333333345,0.26
pm = 0.01,44,161,67165.0,-2019144.6733333333,17685,67165,0.060969777777777796,0.18666666666666665
pm = 0.01,44,162,67165.0,-3342799.7933333335,17685,67165,0.06359022222222224,0.2666666666666667
pm = 0.01,44,163,67165.0,-1629944.74,17685,67165,0.06525066666666668,0.17333333333333334
pm = 0.01,44,164,67165.0,-2169807.14,17685,67165,0.06962666666666668,0.21999999999999997
pm = 0.01,44,165,67165.0,-2192206.68,17685,67165,0.06538044444444446,0.19999999999999996
pm = 0.01,44,166,67165.0,-2738471.3133333335,17685,67165,0.05887911111111113,0.2533333333333333
pm = 0.01,44,167,67165.0,-2980677.013333333,17685,67165,0.06092888888888891,0.21999999999999997
pm = 0.01,44,168,67165.0,-2506247.68,17685,67165,0.059240888888888905,0.22666666666666668
pm = 0.01,44,169,67165.0,-1615622.34,17685,67165,0.060111111111111136,0.19999999999999996
pm = 0.01,44,170,67165.0,-2172890.58,17685,67165,0.06049955555555557,0.21333333333333337
pm = 0.01,44,171,67165.0,-1881323.1666666667,17685,67165,0.06688533333333335,0.20666666666666667
pm = 0.01,44,172,67165.0,-2523993.98,17685,67165,0.06944533333333337,0.2533333333333333
pm = 0.01,44,173,67165.0,-2424558.1466666665,17685,67165,0.07048177777777778,0.23333333333333328
pm = 0.01,44,174,67165.0,-1673397.1066666667,17685,67165,0.06872444444444448,0.18666666666666665
pm = 0.01,44,175,67165.0,-2264409.1266666665,17685,67165,0.062244444444444484,0.21333333333333337
pm = 0.01,44,176,67165.0,-2428357.86,17685,67165,0.0587546666666667,0.22666666666666668
pm = 0.01,44,177,67165.0,-2104423.3933333335,17685,67165,0.05900533333333333,0.19999999999999996
pm = 0.01,44,178,67165.0,-2259800.5933333333,17685,67165,0.05536088888888891,0.21999999999999997
pm = 0.01,44,179,67165.0,-2401165.88,17685,67165,0.05460266666666671,0.24
pm = 0.01,44,180,67165.0,-1459626.38,17685,67165,0.04762222222222223,0.16666666666666663
pm = 0.01,44,181,67165.0,-2586542.2066666665,17685,67165,0.049040000000000014,0.21999999999999997
pm = 0.01,44,182,67165.0,-1791332.18,17685,67165,0.04652444444444446,0.18000000000000005
pm = 0.01,44,183,67165.0,-1955906.34,17685,67165,0.0444186666666667,0.21999999999999997
pm = 0.01,44,184,67165.0,-2349228.86,17685,67165,0.041811555555555595,0.20666666666666667
pm = 0.01,44,185,67165.0,-2061917.0066666666,17685,67165,0.04674222222222227,0.17333333333333334
pm = 0.01,44,186,67165.0,-1954405.42,17685,67165,0.04057955555555557,0.18000000000000005
pm = 0.01,44,187,67165.0,-1566023.38,17685,67165,0.03913422222222223,0.16666666666666663
pm = 0.01,44,188,67165.0,-1988485.3733333333,17685,67165,0.0385146666666667,0.21333333333333337
pm = 0.01,44,189,67165.0,-1969142.1466666667,17685,67165,0.037435555555555576,0.19333333333333336
pm = 0.01,44,190,67165.0,-2790670.9266666668,17685,67165,0.041049777777777796,0.2466666666666667
pm = 0.01,44,191,67165.0,-2037128.2266666666,17685,67165,0.040318222222222234,0.16666666666666663
pm = 0.01,44,192,67165.0,-1666599.9,17685,67165,0.03860888888888892,0.17333333333333334
pm = 0.01,44,193,67165.0,-2159787.0866666664,17685,67165,0.038850666666666686,0.19333333333333336
pm = 0.01,44,194,67165.0,-1623300.7933333332,17685,67165,0.043182222222222254,0.18000000000000005
pm = 0.01,44,195,67165.0,-2256399.486666667,17685,67165,0.03954133333333336,0.21333333333333337
pm = 0.01,44,196,67165.0,-1505351.9533333334,17685,67165,0.03605244444444447,0.1333333333333333
pm = 0.01,44,197,67165.0,-2175228.7933333335,17685,67165,0.040144,0.21333333333333337
pm = 0.01,44,198,67165.0,-2847258.066666667,17685,67165,0.03969955555555557,0.24
pm = 0.01,44,199,67165.0,-2580755.9,17685,67165,0.0392897777777778,0.2666666666666667
pm = 0.01,44,200,67165.0,-2300409.0,17685,67165,0.044057777777777786,0.26
pm = 0.01,45,0,51191.0,-22634740.36,15687,51191,0.49700977777777744,0.5933333333333333
pm = 0.01,45,1,53322.0,-7156556.32,16014,53322,0.491456,0.3466666666666667
pm = 0.01,45,2,54661.0,-2067743.6933333334,17487,54661,0.4798968888888889,0.1266666666666667
pm = 0.01,45,3,54661.0,-2153080.5,17487,54661,0.44356977777777806,0.14
pm = 0.01,45,4,56734.0,-1928021.5,16488,56734,0.4037502222222224,0.1333333333333333
pm = 0.01,45,5,60984.0,-2027640.9533333334,17388,60984,0.3767617777777776,0.11333333333333329
pm = 0.01,45,6,60984.0,-1460963.5266666666,17388,60984,0.34378133333333344,0.1266666666666667
pm = 0.01,45,7,61716.0,-3171365.12,17472,61716,0.3238551111111111,0.16666666666666663
pm = 0.01,45,8,61716.0,-1858250.3666666667,17472,61716,0.3023297777777778,0.18000000000000005
pm = 0.01,45,9,63204.0,-1463574.4666666666,17148,63204,0.2763946666666667,0.12
pm = 0.01,45,10,64249.0,-1313254.76,17103,64249,0.24553866666666674,0.12
pm = 0.01,45,11,64249.0,-2074590.58,17103,64249,0.23146133333333324,0.16000000000000003
pm = 0.01,45,12,64603.0,-1450220.3266666667,17391,64603,0.22070222222222216,0.1266666666666667
pm = 0.01,45,13,64733.0,-1331943.92,17241,64733,0.19599111111111103,0.15333333333333332
pm = 0.01,45,14,65896.0,-1646232.8933333333,17292,65896,0.1734755555555555,0.18666666666666665
pm = 0.01,45,15,65896.0,-1428136.1866666668,17292,65896,0.1712737777777778,0.16000000000000003
pm = 0.01,45,16,66811.0,-2275091.0933333333,17397,66811,0.16456888888888885,0.21999999999999997
pm = 0.01,45,17,66811.0,-1531845.7733333334,17397,66811,0.15096355555555546,0.16666666666666663
pm = 0.01,45,18,67047.0,-1974351.5466666666,17589,67047,0.14430933333333335,0.19333333333333336
pm = 0.01,45,19,67165.0,-1595327.6266666667,17685,67165,0.13590666666666665,0.1466666666666666
pm = 0.01,45,20,67165.0,-1197277.4666666666,17685,67165,0.12588888888888888,0.15333333333333332
pm = 0.01,45,21,67165.0,-2213778.34,17685,67165,0.109096,0.2533333333333333
pm = 0.01,45,22,67165.0,-1377837.34,17685,67165,0.10198311111111114,0.21333333333333337
pm = 0.01,45,23,67165.0,-2452749.2066666665,17685,67165,0.10090133333333333,0.20666666666666667
pm = 0.01,45,24,67165.0,-2308253.053333333,17685,67165,0.09229066666666669,0.23333333333333328
pm = 0.01,45,25,67165.0,-1427500.9133333333,17685,67165,0.09407022222222224,0.18666666666666665
pm = 0.01,45,26,67165.0,-2201306.78,17685,67165,0.09457333333333334,0.24
pm = 0.01,45,27,67165.0,-2721932.7133333334,17685,67165,0.0942871111111111,0.22666666666666668
pm = 0.01,45,28,67165.0,-1543452.8266666667,17685,67165,0.08726577777777779,0.20666666666666667
pm = 0.01,45,29,67165.0,-2216445.54,17685,67165,0.07799466666666668,0.18000000000000005
pm = 0.01,45,30,67165.0,-1971368.8933333333,17685,67165,0.08180800000000003,0.21333333333333337
pm = 0.01,45,31,67165.0,-1924024.9,17685,67165,0.07801777777777782,0.24
pm = 0.01,45,32,67165.0,-2381290.946666667,17685,67165,0.0813368888888889,0.29333333333333333
pm = 0.01,45,33,67165.0,-1726267.44,17685,67165,0.08251111111111112,0.18000000000000005
pm = 0.01,45,34,67165.0,-1824732.3466666667,17685,67165,0.0741395555555556,0.16666666666666663
pm = 0.01,45,35,67165.0,-1766354.3266666667,17685,67165,0.06843644444444447,0.2466666666666667
pm = 0.01,45,36,67165.0,-2771724.033333333,17685,67165,0.0693831111111111,0.29333333333333333
pm = 0.01,45,37,67165.0,-2119071.033333333,17685,67165,0.06473422222222223,0.22666666666666668
pm = 0.01,45,38,67165.0,-1730955.7266666666,17685,67165,0.060165333333333335,0.18000000000000005
pm = 0.01,45,39,67165.0,-1889732.4466666668,17685,67165,0.06094755555555556,0.20666666666666667
pm = 0.01,45,40,67165.0,-1826120.1533333333,17685,67165,0.05895022222222223,0.17333333333333334
pm = 0.01,45,41,67165.0,-2427180.0,17685,67165,0.06138666666666668,0.2666666666666667
pm = 0.01,45,42,67165.0,-2560382.8533333335,17685,67165,0.05808444444444445,0.2466666666666667
pm = 0.01,45,43,67165.0,-2545721.04,17685,67165,0.055957333333333345,0.2733333333333333
pm = 0.01,45,44,67165.0,-1331749.3933333333,17685,67165,0.05745866666666668,0.15333333333333332
pm = 0.01,45,45,67165.0,-2630887.76,17685,67165,0.053825777777777806,0.2533333333333333
pm = 0.01,45,46,67165.0,-2812994.2266666666,17685,67165,0.049992000000000016,0.24
pm = 0.01,45,47,67165.0,-1450034.2733333334,17685,67165,0.045768888888888914,0.14
pm = 0.01,45,48,67165.0,-2139897.3133333335,17685,67165,0.04288444444444446,0.20666666666666667
pm = 0.01,45,49,67165.0,-1972761.36,17685,67165,0.04160533333333336,0.21999999999999997
pm = 0.01,45,50,67165.0,-1741719.9866666666,17685,67165,0.042240000000000014,0.17333333333333334
pm = 0.01,45,51,67165.0,-2019906.76,17685,67165,0.04153333333333334,0.20666666666666667
pm = 0.01,45,52,67165.0,-2079950.5,17685,67165,0.0401128888888889,0.20666666666666667
pm = 0.01,45,53,67165.0,-2077498.9333333333,17685,67165,0.041219555555555586,0.21999999999999997
pm = 0.01,45,54,67165.0,-1789059.2,17685,67165,0.04436533333333335,0.18666666666666665
pm = 0.01,45,55,67165.0,-2483634.8,17685,67165,0.045465777777777806,0.20666666666666667
pm = 0.01,45,56,67165.0,-1102691.1666666667,17685,67165,0.05035822222222222,0.1466666666666666
pm = 0.01,45,57,67165.0,-2192341.566666667,17685,67165,0.05208622222222225,0.2466666666666667
pm = 0.01,45,58,67165.0,-2941639.8666666667,17685,67165,0.05497955555555558,0.24
pm = 0.01,45,59,67165.0,-2419199.44,17685,67165,0.05572533333333335,0.2666666666666667
pm = 0.01,45,60,67165.0,-1981260.8866666667,17685,67165,0.05447466666666669,0.21333333333333337
pm = 0.01,45,61,67165.0,-1981880.4133333333,17685,67165,0.05177066666666669,0.23333333333333328
pm = 0.01,45,62,67165.0,-2633298.3666666667,17685,67165,0.04806488888888889,0.20666666666666667
pm = 0.01,45,63,67165.0,-1988026.5733333332,17685,67165,0.047813333333333354,0.23333333333333328
pm = 0.01,45,64,67165.0,-2055767.3933333333,17685,67165,0.04592355555555555,0.18000000000000005
pm = 0.01,45,65,67165.0,-2811987.526666667,17685,67165,0.039896888888888905,0.28
pm = 0.01,45,66,67165.0,-2744762.6933333334,17685,67165,0.03970488888888891,0.2466666666666667
pm = 0.01,45,67,67165.0,-1661359.68,17685,67165,0.039316444444444466,0.19999999999999996
pm = 0.01,45,68,67165.0,-2234163.493333333,17685,67165,0.04000888888888891,0.21999999999999997
pm = 0.01,45,69,67165.0,-1760132.6333333333,17685,67165,0.0372088888888889,0.16000000000000003
pm = 0.01,45,70,67165.0,-2877113.8,17685,67165,0.037944888888888896,0.23333333333333328
pm = 0.01,45,71,67165.0,-2134680.58,17685,67165,0.03911555555555556,0.22666666666666668
pm = 0.01,45,72,67165.0,-2456518.7266666666,17685,67165,0.0438657777777778,0.26
pm = 0.01,45,73,67165.0,-2410452.16,17685,67165,0.04824977777777781,0.23333333333333328
pm = 0.01,45,74,67165.0,-2110635.026666667,17685,67165,0.04974577777777782,0.21999999999999997
pm = 0.01,45,75,67165.0,-2341489.453333333,17685,67165,0.05372355555555556,0.21333333333333337
pm = 0.01,45,76,67165.0,-2339977.94,17685,67165,0.053961777777777796,0.21333333333333337
pm = 0.01,45,77,67165.0,-1510997.6533333333,17685,67165,0.055045333333333384,0.17333333333333334
pm = 0.01,45,78,67165.0,-1693419.36,17685,67165,0.059434666666666684,0.16666666666666663
pm = 0.01,45,79,67165.0,-2118500.5933333333,17685,67165,0.053067555555555576,0.20666666666666667
pm = 0.01,45,80,67165.0,-1942387.82,17685,67165,0.05319288888888893,0.21333333333333337
pm = 0.01,45,81,67165.0,-1808281.7266666666,17685,67165,0.05260800000000001,0.16666666666666663
pm = 0.01,45,82,67165.0,-1935414.4466666668,17685,67165,0.050284444444444444,0.20666666666666667
pm = 0.01,45,83,67165.0,-2272661.52,17685,67165,0.04909244444444446,0.21999999999999997
pm = 0.01,45,84,67165.0,-3114523.56,17685,67165,0.050635555555555566,0.2733333333333333
pm = 0.01,45,85,67165.0,-1893970.9,17685,67165,0.057114666666666675,0.2466666666666667
pm = 0.01,45,86,67165.0,-2647507.8266666667,17685,67165,0.0580711111111111,0.22666666666666668
pm = 0.01,45,87,67165.0,-2322755.96,17685,67165,0.062308444444444444,0.21333333333333337
pm = 0.01,45,88,67165.0,-1513974.58,17685,67165,0.06244444444444448,0.16000000000000003
pm = 0.01,45,89,67165.0,-1817382.7466666666,17685,67165,0.055003555555555576,0.18000000000000005
pm = 0.01,45,90,67165.0,-2255808.6133333333,17685,67165,0.054084444444444435,0.21999999999999997
pm = 0.01,45,91,67165.0,-2407117.82,17685,67165,0.05402311111111113,0.23333333333333328
pm = 0.01,45,92,67165.0,-2188423.34,17685,67165,0.04786311111111113,0.23333333333333328
pm = 0.01,45,93,67165.0,-1619328.9866666666,17685,67165,0.04643111111111113,0.21333333333333337
pm = 0.01,45,94,67165.0,-2234406.68,17685,67165,0.048856888888888915,0.24
pm = 0.01,45,95,67165.0,-2411670.6133333333,17685,67165,0.04647822222222224,0.21999999999999997
pm = 0.01,45,96,67165.0,-2520238.526666667,17685,67165,0.04649333333333334,0.23333333333333328
pm = 0.01,45,97,67165.0,-1623892.26,17685,67165,0.04483733333333334,0.16000000000000003
pm = 0.01,45,98,67165.0,-1907496.5133333334,17685,67165,0.04113866666666669,0.20666666666666667
pm = 0.01,45,99,67165.0,-1878132.2466666666,17685,67165,0.04355111111111115,0.18000000000000005
pm = 0.01,45,100,67165.0,-2943513.1466666665,17685,67165,0.043345777777777796,0.2533333333333333
pm = 0.01,45,101,67165.0,-2499233.6133333333,17685,67165,0.04504000000000001,0.2533333333333333
pm = 0.01,45,102,67165.0,-2573018.546666667,17685,67165,0.050687111111111155,0.2466666666666667
pm = 0.01,45,103,67165.0,-1417954.4533333334,17685,67165,0.05424888888888891,0.19333333333333336
pm = 0.01,45,104,67165.0,-2371855.8466666667,17685,67165,0.05430133333333335,0.24
pm = 0.01,45,105,67165.0,-3219984.86,17685,67165,0.05515733333333334,0.30666666666666664
pm = 0.01,45,106,67165.0,-3121929.5,17685,67165,0.06127822222222225,0.2733333333333333
pm = 0.01,45,107,67165.0,-2326414.026666667,17685,67165,0.06986400000000004,0.24
pm = 0.01,45,108,67165.0,-1553583.44,17685,67165,0.06693155555555556,0.18000000000000005
pm = 0.01,45,109,67165.0,-1594134.0666666667,17685,67165,0.06107555555555556,0.19333333333333336
pm = 0.01,45,110,67165.0,-1551669.9533333334,17685,67165,0.05955644444444449,0.18666666666666665
pm = 0.01,45,111,67165.0,-2184155.28,17685,67165,0.05989777777777781,0.19333333333333336
pm = 0.01,45,112,67165.0,-1550828.7,17685,67165,0.05439911111111113,0.17333333333333334
pm = 0.01,45,113,67165.0,-2485704.026666667,17685,67165,0.05533511111111111,0.24
pm = 0.01,45,114,67165.0,-1729671.8,17685,67165,0.05694222222222225,0.19999999999999996
pm = 0.01,45,115,67165.0,-2838421.72,17685,67165,0.060046222222222244,0.23333333333333328
pm = 0.01,45,116,67165.0,-2435244.953333333,17685,67165,0.055792888888888933,0.24
pm = 0.01,45,117,67165.0,-1963616.5866666667,17685,67165,0.05647733333333337,0.21333333333333337
pm = 0.01,45,118,67165.0,-2307953.6,17685,67165,0.0545768888888889,0.21333333333333337
pm = 0.01,45,119,67165.0,-1663196.9666666666,17685,67165,0.05435644444444446,0.18666666666666665
pm = 0.01,45,120,67165.0,-2564135.486666667,17685,67165,0.054428444444444474,0.21333333333333337
pm = 0.01,45,121,67165.0,-2095797.2266666666,17685,67165,0.05748177777777779,0.22666666666666668
pm = 0.01,45,122,67165.0,-2549651.7,17685,67165,0.063392,0.2866666666666666
pm = 0.01,45,123,67165.0,-1725746.2733333334,17685,67165,0.059773333333333366,0.21333333333333337
pm = 0.01,45,124,67165.0,-2402508.9266666668,17685,67165,0.05756088888888893,0.20666666666666667
pm = 0.01,45,125,67165.0,-1303492.0266666666,17685,67165,0.05186044444444448,0.1466666666666666
pm = 0.01,45,126,67165.0,-1657889.5333333334,17685,67165,0.05054488888888892,0.17333333333333334
pm = 0.01,45,127,67165.0,-1789719.4666666666,17685,67165,0.04879288888888892,0.22666666666666668
pm = 0.01,45,128,67165.0,-2039380.6,17685,67165,0.04759377777777779,0.21999999999999997
pm = 0.01,45,129,67165.0,-1754725.66,17685,67165,0.046709333333333374,0.21999999999999997
pm = 0.01,45,130,67165.0,-2315499.6733333333,17685,67165,0.04497777777777781,0.21333333333333337
pm = 0.01,45,131,67165.0,-1995570.8066666666,17685,67165,0.05017955555555559,0.21999999999999997
pm = 0.01,45,132,67165.0,-2355211.06,17685,67165,0.05309244444444446,0.19999999999999996
pm = 0.01,45,133,67165.0,-1991744.7933333332,17685,67165,0.050985777777777797,0.19333333333333336
pm = 0.01,45,134,67165.0,-1201912.98,17685,67165,0.052746666666666685,0.19999999999999996
pm = 0.01,45,135,67165.0,-1814053.4133333333,17685,67165,0.05090666666666669,0.20666666666666667
pm = 0.01,45,136,67165.0,-1920648.5133333334,17685,67165,0.051488000000000034,0.2533333333333333
pm = 0.01,45,137,67165.0,-1674837.5533333332,17685,67165,0.05528800000000001,0.20666666666666667
pm = 0.01,45,138,67165.0,-2822462.52,17685,67165,0.052391111111111145,0.2466666666666667
pm = 0.01,45,139,67165.0,-2238718.046666667,17685,67165,0.048328000000000045,0.2666666666666667
pm = 0.01,45,140,67165.0,-2169641.1066666665,17685,67165,0.05535911111111116,0.21333333333333337
pm = 0.01,45,141,67165.0,-1966353.7,17685,67165,0.05260000000000004,0.19999999999999996
pm = 0.01,45,142,67165.0,-2730150.3133333335,17685,67165,0.0496586666666667,0.2533333333333333
pm = 0.01,45,143,67165.0,-1891451.9333333333,17685,67165,0.05606933333333336,0.21999999999999997
pm = 0.01,45,144,67165.0,-1851132.9533333334,17685,67165,0.050721777777777796,0.21333333333333337
pm = 0.01,45,145,67165.0,-3208795.44,17685,67165,0.05315022222222224,0.29333333333333333
pm = 0.01,45,146,67165.0,-2156202.88,17685,67165,0.051520888888888915,0.21999999999999997
pm = 0.01,45,147,67165.0,-2659270.553333333,17685,67165,0.04884088888888893,0.26
pm = 0.01,45,148,67165.0,-2324243.066666667,17685,67165,0.04752444444444447,0.23333333333333328
pm = 0.01,45,149,67165.0,-2194040.6333333333,17685,67165,0.04279822222222226,0.19333333333333336
pm = 0.01,45,150,67165.0,-1750439.8066666666,17685,67165,0.040740444444444475,0.23333333333333328
pm = 0.01,45,151,67165.0,-1882046.0266666666,17685,67165,0.04084800000000002,0.23333333333333328
pm = 0.01,45,152,67165.0,-1813214.0866666667,17685,67165,0.04059555555555558,0.1333333333333333
pm = 0.01,45,153,67165.0,-2650073.1666666665,17685,67165,0.042671111111111125,0.26
pm = 0.01,45,154,67165.0,-2485809.7733333334,17685,67165,0.041645333333333354,0.24
pm = 0.01,45,155,67165.0,-1514396.4733333334,17685,67165,0.04538488888888888,0.18000000000000005
pm = 0.01,45,156,67165.0,-1622122.7733333334,17685,67165,0.04196711111111115,0.18666666666666665
pm = 0.01,45,157,67165.0,-2285179.2133333334,17685,67165,0.04536444444444448,0.21333333333333337
pm = 0.01,45,158,67165.0,-1570680.76,17685,67165,0.046083555555555586,0.18000000000000005
pm = 0.01,45,159,67165.0,-2133633.6866666665,17685,67165,0.04277777777777778,0.20666666666666667
pm = 0.01,45,160,67165.0,-2101680.986666667,17685,67165,0.04469955555555557,0.22666666666666668
pm = 0.01,45,161,67165.0,-2197145.4133333336,17685,67165,0.03878222222222225,0.18666666666666665
pm = 0.01,45,162,67165.0,-2537562.4066666667,17685,67165,0.038563555555555566,0.2466666666666667
pm = 0.01,45,163,67165.0,-2344172.8866666667,17685,67165,0.03645333333333336,0.2533333333333333
pm = 0.01,45,164,67165.0,-2057453.4266666668,17685,67165,0.04149244444444447,0.19333333333333336
pm = 0.01,45,165,67165.0,-1774207.0533333332,17685,67165,0.04139555555555557,0.19333333333333336
pm = 0.01,45,166,67165.0,-1795682.5333333334,17685,67165,0.04195822222222225,0.21333333333333337
pm = 0.01,45,167,67165.0,-2211990.66,17685,67165,0.041094222222222226,0.19333333333333336
pm = 0.01,45,168,67165.0,-1661246.6733333333,17685,67165,0.04071822222222223,0.19333333333333336
pm = 0.01,45,169,67165.0,-1920775.0733333332,17685,67165,0.04623022222222223,0.20666666666666667
pm = 0.01,45,170,67165.0,-2159370.7733333334,17685,67165,0.04271911111111113,0.2666666666666667
pm = 0.01,45,171,67165.0,-1200296.7333333334,17685,67165,0.04173244444444447,0.1466666666666666
pm = 0.01,45,172,67165.0,-1538388.5333333334,17685,67165,0.04206044444444446,0.19999999999999996
pm = 0.01,45,173,67165.0,-1273995.5466666666,17685,67165,0.04100977777777779,0.16666666666666663
pm = 0.01,45,174,67165.0,-2735305.1133333333,17685,67165,0.04204711111111114,0.2466666666666667
pm = 0.01,45,175,67165.0,-2667181.8133333335,17685,67165,0.0421048888888889,0.23333333333333328
pm = 0.01,45,176,67165.0,-2718156.6533333333,17685,67165,0.048983111111111144,0.26
pm = 0.01,45,177,67165.0,-1379895.2,17685,67165,0.05094755555555557,0.18000000000000005
pm = 0.01,45,178,67165.0,-1719888.3933333333,17685,67165,0.05375466666666667,0.16000000000000003
pm = 0.01,45,179,67165.0,-1493788.28,17685,67165,0.050761777777777795,0.15333333333333332
pm = 0.01,45,180,67165.0,-2030919.78,17685,67165,0.048039111111111144,0.17333333333333334
pm = 0.01,45,181,67165.0,-1776897.0466666666,17685,67165,0.04734400000000003,0.19333333333333336
pm = 0.01,45,182,67165.0,-1753324.0266666666,17685,67165,0.04366311111111112,0.17333333333333334
pm = 0.01,45,183,67165.0,-2584467.7466666666,17685,67165,0.048280888888888915,0.19999999999999996
pm = 0.01,45,184,67165.0,-2529284.0933333333,17685,67165,0.052676444444444435,0.24
pm = 0.01,45,185,67165.0,-3112996.7933333335,17685,67165,0.05422844444444447,0.30000000000000004
pm = 0.01,45,186,67165.0,-1629650.08,17685,67165,0.057991111111111125,0.22666666666666668
pm = 0.01,45,187,67165.0,-2073687.08,17685,67165,0.060535111111111144,0.19999999999999996
pm = 0.01,45,188,67165.0,-2465733.466666667,17685,67165,0.05474755555555558,0.20666666666666667
pm = 0.01,45,189,67165.0,-1581031.1,17685,67165,0.05266222222222225,0.18000000000000005
pm = 0.01,45,190,67165.0,-2524418.62,17685,67165,0.043533333333333354,0.21333333333333337
pm = 0.01,45,191,67165.0,-1742487.8266666667,17685,67165,0.03979555555555557,0.19999999999999996
pm = 0.01,45,192,67165.0,-2057409.9066666667,17685,67165,0.042984000000000015,0.16666666666666663
pm = 0.01,45,193,67165.0,-2645794.7933333335,17685,67165,0.04485688888888889,0.20666666666666667
pm = 0.01,45,194,67165.0,-2344894.9133333336,17685,67165,0.04560266666666669,0.21333333333333337
pm = 0.01,45,195,67165.0,-1762591.9066666667,17685,67165,0.04582933333333335,0.18000000000000005
pm = 0.01,45,196,67165.0,-2049219.04,17685,67165,0.04914755555555558,0.19333333333333336
pm = 0.01,45,197,67165.0,-2046824.3,17685,67165,0.04610222222222224,0.15333333333333332
pm = 0.01,45,198,67165.0,-1946782.0466666666,17685,67165,0.04653688888888892,0.21333333333333337
pm = 0.01,45,199,67165.0,-1389477.5866666667,17685,67165,0.046762666666666675,0.16000000000000003
pm = 0.01,45,200,67165.0,-2436703.92,17685,67165,0.04725155555555558,0.22666666666666668
pm = 0.01,46,0,51054.0,-18729384.1,17238,51054,0.4957777777777777,0.5066666666666666
pm = 0.01,46,1,51054.0,-4628445.233333333,17238,51054,0.48552177777777766,0.2533333333333333
pm = 0.01,46,2,52347.0,-2732350.3466666667,17139,52347,0.46658311111111095,0.16666666666666663
pm = 0.01,46,3,53404.0,-3643108.4,16848,53404,0.4380524444444444,0.18666666666666665
pm = 0.01,46,4,53640.0,-1812022.92,17040,53640,0.4184960000000001,0.1466666666666666
pm = 0.01,46,5,56043.0,-3255263.7733333334,16821,56043,0.4098071111111113,0.21999999999999997
pm = 0.01,46,6,56686.0,-3773301.94,17472,56686,0.40008000000000005,0.23333333333333328
pm = 0.01,46,7,58381.0,-3502364.08,16677,58381,0.3859724444444443,0.22666666666666668
pm = 0.01,46,8,58802.0,-3210380.973333333,14334,58802,0.36813155555555577,0.18000000000000005
pm = 0.01,46,9,61256.0,-3508147.74,16842,61256,0.34809599999999996,0.17333333333333334
pm = 0.01,46,10,61256.0,-2039013.2,16842,61256,0.3285768888888889,0.15333333333333332
pm = 0.01,46,11,62696.0,-2265261.946666667,17502,62696,0.3045555555555558,0.14
pm = 0.01,46,12,62696.0,-1303156.66,17502,62696,0.28039111111111115,0.11333333333333329
pm = 0.01,46,13,64721.0,-934405.48,17487,64721,0.25789600000000007,0.1266666666666667
pm = 0.01,46,14,64721.0,-3033346.6466666665,17487,64721,0.2394453333333332,0.18000000000000005
pm = 0.01,46,15,65819.0,-2039471.6733333333,17613,65819,0.21947111111111117,0.15333333333333332
pm = 0.01,46,16,65819.0,-1882784.8066666666,17613,65819,0.2181537777777778,0.1466666666666666
pm = 0.01,46,17,65819.0,-1562863.18,17613,65819,0.20583822222222226,0.15333333333333332
pm = 0.01,46,18,65949.0,-1778775.36,17463,65949,0.19359822222222217,0.16000000000000003
pm = 0.01,46,19,65949.0,-2339289.1466666665,17463,65949,0.18904444444444443,0.21333333333333337
pm = 0.01,46,20,66132.0,-2314543.8466666667,17484,66132,0.1874302222222221,0.18000000000000005
pm = 0.01,46,21,66132.0,-2439783.0733333332,17484,66132,0.19799200000000006,0.20666666666666667
pm = 0.01,46,22,66616.0,-3260117.566666667,17622,66616,0.1908133333333333,0.22666666666666668
pm = 0.01,46,23,66616.0,-2856655.2066666665,17622,66616,0.20217333333333337,0.21333333333333337
pm = 0.01,46,24,66799.0,-2240580.7666666666,17643,66799,0.19671111111111106,0.18666666666666665
pm = 0.01,46,25,66799.0,-3040214.8466666667,17643,66799,0.1930871111111111,0.22666666666666668
pm = 0.01,46,26,66799.0,-2546097.953333333,17643,66799,0.18624888888888885,0.22666666666666668
pm = 0.01,46,27,66799.0,-2779650.5866666664,17643,66799,0.18603288888888891,0.21999999999999997
pm = 0.01,46,28,66799.0,-3534612.2666666666,17643,66799,0.18726577777777773,0.2466666666666667
pm = 0.01,46,29,66799.0,-2277328.553333333,17643,66799,0.18354044444444448,0.21333333333333337
pm = 0.01,46,30,66982.0,-1240987.9533333334,17664,66982,0.17393866666666663,0.16000000000000003
pm = 0.01,46,31,66982.0,-2643173.34,17664,66982,0.16738133333333327,0.19999999999999996
pm = 0.01,46,32,66982.0,-1955528.0,17664,66982,0.16736622222222222,0.19333333333333336
pm = 0.01,46,33,66982.0,-1778830.1266666667,17664,66982,0.1694435555555556,0.21999999999999997
pm = 0.01,46,34,66982.0,-2914143.54,17664,66982,0.17085066666666662,0.28
pm = 0.01,46,35,66982.0,-3031910.5866666664,17664,66982,0.16888622222222224,0.19999999999999996
pm = 0.01,46,36,66982.0,-3243127.0733333332,17664,66982,0.1623902222222223,0.24
pm = 0.01,46,37,66982.0,-2687242.7266666666,17664,66982,0.15891466666666665,0.22666666666666668
pm = 0.01,46,38,67165.0,-1649258.0133333334,17685,67165,0.1620933333333333,0.1466666666666666
pm = 0.01,46,39,67165.0,-2524797.8333333335,17685,67165,0.1560542222222222,0.19333333333333336
pm = 0.01,46,40,67165.0,-2172944.7466666666,17685,67165,0.16476000000000002,0.18000000000000005
pm = 0.01,46,41,67165.0,-2124806.2,17685,67165,0.15875555555555554,0.21999999999999997
pm = 0.01,46,42,67165.0,-2876338.84,17685,67165,0.159128,0.2533333333333333
pm = 0.01,46,43,67165.0,-2268446.54,17685,67165,0.15679733333333334,0.26
pm = 0.01,46,44,67165.0,-3060945.7133333334,17685,67165,0.1597173333333334,0.2666666666666667
pm = 0.01,46,45,67165.0,-2128943.72,17685,67165,0.15152,0.19333333333333336
pm = 0.01,46,46,67165.0,-3069501.1466666665,17685,67165,0.1485786666666667,0.21999999999999997
pm = 0.01,46,47,67165.0,-3912513.4066666667,17685,67165,0.14438488888888892,0.2866666666666666
pm = 0.01,46,48,67165.0,-2271012.7133333334,17685,67165,0.13033777777777783,0.20666666666666667
pm = 0.01,46,49,67165.0,-1871974.4866666666,17685,67165,0.11472533333333336,0.16666666666666663
pm = 0.01,46,50,67165.0,-1907186.56,17685,67165,0.11263022222222226,0.19333333333333336
pm = 0.01,46,51,67165.0,-3362355.2533333334,17685,67165,0.1125208888888889,0.32666666666666666
pm = 0.01,46,52,67165.0,-3217565.64,17685,67165,0.104672,0.28
pm = 0.01,46,53,67165.0,-2980310.8133333335,17685,67165,0.10458044444444446,0.24
pm = 0.01,46,54,67165.0,-2750862.1533333333,17685,67165,0.10274844444444448,0.2533333333333333
pm = 0.01,46,55,67165.0,-3199531.986666667,17685,67165,0.08624444444444448,0.31333333333333335
pm = 0.01,46,56,67165.0,-1549626.7866666666,17685,67165,0.08288177777777779,0.21999999999999997
pm = 0.01,46,57,67165.0,-2441445.3,17685,67165,0.07134933333333335,0.19333333333333336
pm = 0.01,46,58,67165.0,-3523688.7933333335,17685,67165,0.07194577777777778,0.2666666666666667
pm = 0.01,46,59,67165.0,-1836242.5266666666,17685,67165,0.08233688888888889,0.20666666666666667
pm = 0.01,46,60,67165.0,-2034497.3933333333,17685,67165,0.07928266666666667,0.16666666666666663
pm = 0.01,46,61,67165.0,-2366587.3333333335,17685,67165,0.07409066666666667,0.22666666666666668
pm = 0.01,46,62,67165.0,-1966742.04,17685,67165,0.06321955555555558,0.19333333333333336
pm = 0.01,46,63,67165.0,-2454321.02,17685,67165,0.060006222222222225,0.24
pm = 0.01,46,64,67165.0,-2580785.8133333335,17685,67165,0.05728177777777779,0.2466666666666667
pm = 0.01,46,65,67165.0,-2492470.9266666668,17685,67165,0.055648000000000024,0.2666666666666667
pm = 0.01,46,66,67165.0,-1416734.2266666666,17685,67165,0.06291555555555557,0.18000000000000005
pm = 0.01,46,67,67165.0,-1959074.7466666666,17685,67165,0.06617422222222225,0.21999999999999997
pm = 0.01,46,68,67165.0,-1888453.16,17685,67165,0.06574311111111113,0.22666666666666668
pm = 0.01,46,69,67165.0,-1454679.18,17685,67165,0.059656888888888905,0.15333333333333332
pm = 0.01,46,70,67165.0,-2436840.5,17685,67165,0.05611999999999999,0.2533333333333333
pm = 0.01,46,71,67165.0,-2053808.84,17685,67165,0.054693333333333344,0.19333333333333336
pm = 0.01,46,72,67165.0,-1954802.8133333332,17685,67165,0.05310666666666666,0.24
pm = 0.01,46,73,67165.0,-2385961.0933333333,17685,67165,0.05138222222222222,0.21333333333333337
pm = 0.01,46,74,67165.0,-1678532.34,17685,67165,0.049936888888888885,0.19333333333333336
pm = 0.01,46,75,67165.0,-2943972.52,17685,67165,0.04709066666666668,0.2533333333333333
pm = 0.01,46,76,67165.0,-1383910.8666666667,17685,67165,0.045744000000000035,0.17333333333333334
pm = 0.01,46,77,67165.0,-1632009.7333333334,17685,67165,0.04335288888888891,0.18666666666666665
pm = 0.01,46,78,67165.0,-2747278.2333333334,17685,67165,0.042656000000000006,0.23333333333333328
pm = 0.01,46,79,67165.0,-1771285.9866666666,17685,67165,0.04340800000000001,0.19333333333333336
pm = 0.01,46,80,67165.0,-2149058.2266666666,17685,67165,0.038157333333333356,0.20666666666666667
pm = 0.01,46,81,67165.0,-2557413.3666666667,17685,67165,0.04158044444444446,0.2466666666666667
pm = 0.01,46,82,67165.0,-1957815.42,17685,67165,0.04094844444444445,0.18000000000000005
pm = 0.01,46,83,67165.0,-2904716.7666666666,17685,67165,0.04139911111111113,0.2666666666666667
pm = 0.01,46,84,67165.0,-1933255.3333333333,17685,67165,0.04473777777777779,0.24
pm = 0.01,46,85,67165.0,-3156060.8666666667,17685,67165,0.04948800000000003,0.30000000000000004
pm = 0.01,46,86,67165.0,-2089001.3133333332,17685,67165,0.04768622222222223,0.19999999999999996
pm = 0.01,46,87,67165.0,-2409084.2133333334,17685,67165,0.04109777777777778,0.19333333333333336
pm = 0.01,46,88,67165.0,-2573612.7866666666,17685,67165,0.042170666666666676,0.22666666666666668
pm = 0.01,46,89,67165.0,-2854030.3866666667,17685,67165,0.042474666666666695,0.19999999999999996
pm = 0.01,46,90,67165.0,-2077639.3333333333,17685,67165,0.037498666666666694,0.21999999999999997
pm = 0.01,46,91,67165.0,-2417072.32,17685,67165,0.041511111111111144,0.21999999999999997
pm = 0.01,46,92,67165.0,-2354410.7733333334,17685,67165,0.04494933333333335,0.2533333333333333
pm = 0.01,46,93,67165.0,-2544575.8933333335,17685,67165,0.04961155555555559,0.30000000000000004
pm = 0.01,46,94,67165.0,-2269017.566666667,17685,67165,0.05392622222222223,0.20666666666666667
pm = 0.01,46,95,67165.0,-2390067.8733333335,17685,67165,0.04819822222222224,0.20666666666666667
pm = 0.01,46,96,67165.0,-2208454.526666667,17685,67165,0.051522666666666696,0.30666666666666664
pm = 0.01,46,97,67165.0,-1871509.18,17685,67165,0.051884444444444455,0.18000000000000005
pm = 0.01,46,98,67165.0,-1663718.68,17685,67165,0.05051822222222224,0.17333333333333334
pm = 0.01,46,99,67165.0,-2540937.0933333333,17685,67165,0.05124711111111114,0.2733333333333333
pm = 0.01,46,100,67165.0,-2047262.2533333334,17685,67165,0.04852177777777778,0.21333333333333337
pm = 0.01,46,101,67165.0,-2202999.7933333335,17685,67165,0.047414222222222246,0.24
pm = 0.01,46,102,67165.0,-2754305.14,17685,67165,0.05012355555555558,0.28
pm = 0.01,46,103,67165.0,-1742111.38,17685,67165,0.05331911111111115,0.18666666666666665
pm = 0.01,46,104,67165.0,-1634533.4866666666,17685,67165,0.05443555555555556,0.19999999999999996
pm = 0.01,46,105,67165.0,-1804250.0733333332,17685,67165,0.05579288888888891,0.18666666666666665
pm = 0.01,46,106,67165.0,-1443998.9266666668,17685,67165,0.052436444444444445,0.19333333333333336
pm = 0.01,46,107,67165.0,-2329241.2533333334,17685,67165,0.05006133333333336,0.20666666666666667
pm = 0.01,46,108,67165.0,-2218925.566666667,17685,67165,0.04727733333333334,0.21333333333333337
pm = 0.01,46,109,67165.0,-2192524.7466666666,17685,67165,0.048875555555555554,0.24
pm = 0.01,46,110,67165.0,-2264258.26,17685,67165,0.05138844444444447,0.21333333333333337
pm = 0.01,46,111,67165.0,-2023423.6266666667,17685,67165,0.05031466666666669,0.17333333333333334
pm = 0.01,46,112,67165.0,-1950722.6,17685,67165,0.04848977777777781,0.23333333333333328
pm = 0.01,46,113,67165.0,-1826294.66,17685,67165,0.05273155555555559,0.16000000000000003
pm = 0.01,46,114,67165.0,-2332992.82,17685,67165,0.05269333333333335,0.18000000000000005
pm = 0.01,46,115,67165.0,-1817712.9333333333,17685,67165,0.049959111111111135,0.19999999999999996
pm = 0.01,46,116,67165.0,-2329781.7533333334,17685,67165,0.049441777777777814,0.21333333333333337
pm = 0.01,46,117,67165.0,-3348005.68,17685,67165,0.04973333333333335,0.30000000000000004
pm = 0.01,46,118,67165.0,-1584122.2466666666,17685,67165,0.05075377777777778,0.19333333333333336
pm = 0.01,46,119,67165.0,-1934664.68,17685,67165,0.051535111111111115,0.26
pm = 0.01,46,120,67165.0,-2862698.566666667,17685,67165,0.054602666666666674,0.23333333333333328
pm = 0.01,46,121,67165.0,-1751884.2133333334,17685,67165,0.053392888888888906,0.18000000000000005
pm = 0.01,46,122,67165.0,-2349194.3133333335,17685,67165,0.05116622222222223,0.19333333333333336
pm = 0.01,46,123,67165.0,-2095299.5266666666,17685,67165,0.05337066666666668,0.21333333333333337
pm = 0.01,46,124,67165.0,-2766979.3133333335,17685,67165,0.06280266666666667,0.29333333333333333
pm = 0.01,46,125,67165.0,-3126105.78,17685,67165,0.06740444444444446,0.28
pm = 0.01,46,126,67165.0,-2402517.46,17685,67165,0.0669617777777778,0.21999999999999997
pm = 0.01,46,127,67165.0,-2182859.1,17685,67165,0.0676968888888889,0.22666666666666668
pm = 0.01,46,128,67165.0,-1733396.3,17685,67165,0.07330666666666669,0.19333333333333336
pm = 0.01,46,129,67165.0,-1473661.1266666667,17685,67165,0.07037600000000001,0.19999999999999996
pm = 0.01,46,130,67165.0,-2596531.8333333335,17685,67165,0.07054755555555554,0.2466666666666667
pm = 0.01,46,131,67165.0,-2436777.7133333334,17685,67165,0.07345511111111112,0.24
pm = 0.01,46,132,67165.0,-2155468.2,17685,67165,0.06987822222222223,0.21999999999999997
pm = 0.01,46,133,67165.0,-1980597.7133333334,17685,67165,0.06780622222222225,0.21333333333333337
pm = 0.01,46,134,67165.0,-2238844.32,17685,67165,0.0682888888888889,0.19999999999999996
pm = 0.01,46,135,67165.0,-1958504.1466666667,17685,67165,0.06219911111111112,0.19333333333333336
pm = 0.01,46,136,67165.0,-2250719.6133333333,17685,67165,0.06339377777777781,0.19999999999999996
pm = 0.01,46,137,67165.0,-2123837.34,17685,67165,0.059978666666666694,0.21333333333333337
pm = 0.01,46,138,67165.0,-1680329.62,17685,67165,0.06054666666666666,0.19333333333333336
pm = 0.01,46,139,67165.0,-2280662.26,17685,67165,0.05875111111111113,0.23333333333333328
pm = 0.01,46,140,67165.0,-1667085.2666666666,17685,67165,0.06378933333333332,0.16666666666666663
pm = 0.01,46,141,67165.0,-1983759.5,17685,67165,0.0693751111111111,0.22666666666666668
pm = 0.01,46,142,67165.0,-1291910.2733333334,17685,67165,0.06513777777777777,0.18666666666666665
pm = 0.01,46,143,67165.0,-2473319.76,17685,67165,0.06591022222222222,0.24
pm = 0.01,46,144,67165.0,-1689401.7666666666,17685,67165,0.06808800000000001,0.18666666666666665
pm = 0.01,46,145,67165.0,-2548360.62,17685,67165,0.06523822222222223,0.21999999999999997
pm = 0.01,46,146,67165.0,-1660987.0,17685,67165,0.06226933333333333,0.21333333333333337
pm = 0.01,46,147,67165.0,-2570185.453333333,17685,67165,0.059673777777777805,0.26
pm = 0.01,46,148,67165.0,-1967016.4133333333,17685,67165,0.06303200000000002,0.19333333333333336
pm = 0.01,46,149,67165.0,-2521575.033333333,17685,67165,0.057931555555555576,0.23333333333333328
pm = 0.01,46,150,67165.0,-2405383.62,17685,67165,0.05691200000000002,0.2466666666666667
pm = 0.01,46,151,67165.0,-1470406.5333333334,17685,67165,0.05728977777777779,0.15333333333333332
pm = 0.01,46,152,67165.0,-1643368.6133333333,17685,67165,0.05343200000000002,0.19333333333333336
pm = 0.01,46,153,67165.0,-2621023.6066666665,17685,67165,0.06088711111111112,0.2533333333333333
pm = 0.01,46,154,67165.0,-1564152.2933333332,17685,67165,0.06771377777777778,0.18000000000000005
pm = 0.01,46,155,67165.0,-3069817.8266666667,17685,67165,0.06827822222222223,0.2866666666666666
pm = 0.01,46,156,67165.0,-2376353.7866666666,17685,67165,0.07005333333333333,0.22666666666666668
pm = 0.01,46,157,67165.0,-2277891.6866666665,17685,67165,0.07712177777777782,0.2533333333333333
pm = 0.01,46,158,67165.0,-2733542.473333333,17685,67165,0.07854755555555558,0.26
pm = 0.01,46,159,67165.0,-1233683.4533333334,17685,67165,0.08078933333333334,0.18666666666666665
pm = 0.01,46,160,67165.0,-1719716.8066666666,17685,67165,0.08039911111111113,0.14
pm = 0.01,46,161,67165.0,-1663715.0533333332,17685,67165,0.07904177777777782,0.19333333333333336
pm = 0.01,46,162,67165.0,-1976315.4333333333,17685,67165,0.07608888888888886,0.2466666666666667
pm = 0.01,46,163,67165.0,-2429340.02,17685,67165,0.07096622222222224,0.2533333333333333
pm = 0.01,46,164,67165.0,-1789278.8066666666,17685,67165,0.06638666666666668,0.20666666666666667
pm = 0.01,46,165,67165.0,-1851367.38,17685,67165,0.06098755555555556,0.19333333333333336
pm = 0.01,46,166,67165.0,-3092002.88,17685,67165,0.060082666666666645,0.2466666666666667
pm = 0.01,46,167,67165.0,-3040912.053333333,17685,67165,0.06237422222222223,0.2666666666666667
pm = 0.01,46,168,67165.0,-1852974.6533333333,17685,67165,0.06126400000000002,0.20666666666666667
pm = 0.01,46,169,67165.0,-2271720.22,17685,67165,0.0520177777777778,0.2466666666666667
pm = 0.01,46,170,67165.0,-2337212.26,17685,67165,0.04620533333333337,0.23333333333333328
pm = 0.01,46,171,67165.0,-1197484.4866666666,17685,67165,0.0426506666666667,0.15333333333333332
pm = 0.01,46,172,67165.0,-2145542.993333333,17685,67165,0.042975111111111124,0.24
pm = 0.01,46,173,67165.0,-2242594.566666667,17685,67165,0.04117066666666669,0.23333333333333328
pm = 0.01,46,174,67165.0,-2182553.3333333335,17685,67165,0.047152888888888904,0.22666666666666668
pm = 0.01,46,175,67165.0,-2232572.9133333336,17685,67165,0.050776000000000016,0.22666666666666668
pm = 0.01,46,176,67165.0,-2315685.38,17685,67165,0.04378400000000002,0.19999999999999996
pm = 0.01,46,177,67165.0,-1665115.1666666667,17685,67165,0.04274844444444446,0.17333333333333334
pm = 0.01,46,178,67165.0,-2397381.02,17685,67165,0.041735111111111126,0.2733333333333333
pm = 0.01,46,179,67165.0,-1941443.5533333332,17685,67165,0.041878222222222226,0.19999999999999996
pm = 0.01,46,180,67165.0,-2178457.3,17685,67165,0.042937777777777776,0.19333333333333336
pm = 0.01,46,181,67165.0,-2013355.1533333333,17685,67165,0.04295822222222226,0.20666666666666667
pm = 0.01,46,182,67165.0,-2437595.6266666665,17685,67165,0.04555288888888891,0.22666666666666668
pm = 0.01,46,183,67165.0,-2142081.7533333334,17685,67165,0.04381333333333335,0.21333333333333337
pm = 0.01,46,184,67165.0,-2221309.1066666665,17685,67165,0.04666488888888891,0.2466666666666667
pm = 0.01,46,185,67165.0,-2213170.1466666665,17685,67165,0.052714666666666694,0.21999999999999997
pm = 0.01,46,186,67165.0,-1839394.48,17685,67165,0.05886488888888891,0.19333333333333336
pm = 0.01,46,187,67165.0,-2679923.32,17685,67165,0.06293422222222224,0.23333333333333328
pm = 0.01,46,188,67165.0,-2360277.1666666665,17685,67165,0.06887555555555562,0.22666666666666668
pm = 0.01,46,189,67165.0,-1916840.84,17685,67165,0.06352533333333335,0.18000000000000005
pm = 0.01,46,190,67165.0,-2520445.2066666665,17685,67165,0.06097955555555559,0.20666666666666667
pm = 0.01,46,191,67165.0,-1817398.4933333334,17685,67165,0.06337066666666667,0.20666666666666667
pm = 0.01,46,192,67165.0,-2705455.3133333335,17685,67165,0.06940444444444444,0.21999999999999997
pm = 0.01,46,193,67165.0,-1882417.0666666667,17685,67165,0.07349066666666665,0.18666666666666665
pm = 0.01,46,194,67165.0,-1506913.8466666667,17685,67165,0.07244711111111113,0.1466666666666666
pm = 0.01,46,195,67165.0,-2347047.446666667,17685,67165,0.07117066666666667,0.22666666666666668
pm = 0.01,46,196,67165.0,-2790498.493333333,17685,67165,0.06531022222222223,0.2866666666666666
pm = 0.01,46,197,67165.0,-2466277.0933333333,17685,67165,0.0701377777777778,0.19999999999999996
pm = 0.01,46,198,67165.0,-1764895.04,17685,67165,0.0667351111111111,0.21999999999999997
pm = 0.01,46,199,67165.0,-2101681.7066666665,17685,67165,0.06921333333333336,0.19999999999999996
pm = 0.01,46,200,67165.0,-2261283.28,17685,67165,0.07052266666666665,0.22666666666666668
pm = 0.05,42,0,50912.0,-17804451.82,17634,50912,0.4963848888888887,0.54
pm = 0.05,42,1,50912.0,-5660461.906666666,17634,50912,0.48996444444444437,0.2533333333333333
pm = 0.05,42,2,51095.0,-6039643.013333334,17655,51095,0.4843288888888887,0.29333333333333333
pm = 0.05,42,3,52477.0,-3939906.3733333335,16989,52477,0.47678044444444445,0.20666666666666667
pm = 0.05,42,4,53587.0,-4126547.0,16869,53587,0.4709199999999999,0.19999999999999996
pm = 0.05,42,5,57177.0,-5197870.88,16209,57177,0.4594640000000001,0.26
pm = 0.05,42,6,57177.0,-3394612.7266666666,16209,57177,0.4503102222222221,0.2466666666666667
pm = 0.05,42,7,59077.0,-3882555.993333333,17499,59077,0.42636800000000014,0.18000000000000005
pm = 0.05,42,8,59077.0,-4460538.06,17499,59077,0.4206960000000003,0.21999999999999997
pm = 0.05,42,9,59077.0,-4379060.266666667,17499,59077,0.41479288888888893,0.23333333333333328
pm = 0.05,42,10,59077.0,-3104352.8666666667,17499,59077,0.41584799999999994,0.21999999999999997
pm = 0.05,42,11,59898.0,-3255728.92,17016,59898,0.4136506666666666,0.19999999999999996
pm = 0.05,42,12,60890.0,-3307424.2133333334,16800,60890,0.40992977777777767,0.23333333333333328
pm = 0.05,42,13,60967.0,-3659754.58,16479,60967,0.4074808888888888,0.26
pm = 0.05,42,14,60967.0,-4167385.84,16479,60967,0.3989342222222223,0.26
pm = 0.05,42,15,60967.0,-2492460.26,16479,60967,0.3973804444444445,0.15333333333333332
pm = 0.05,42,16,60967.0,-2898251.12,16479,60967,0.381144,0.16000000000000003
pm = 0.05,42,17,60967.0,-3505364.7133333334,16479,60967,0.3647315555555557,0.21333333333333337
pm = 0.05,42,18,60967.0,-3148599.506666667,16479,60967,0.35410933333333333,0.18666666666666665
pm = 0.05,42,19,61167.0,-2852932.48,17409,61167,0.3454462222222222,0.19999999999999996
pm = 0.05,42,20,61663.0,-3181037.56,17301,61663,0.3562915555555554,0.19999999999999996
pm = 0.05,42,21,61899.0,-3740921.2066666665,17493,61899,0.36219999999999986,0.21333333333333337
pm = 0.05,42,22,61899.0,-4039756.2133333334,17493,61899,0.36788799999999994,0.23333333333333328
pm = 0.05,42,23,62407.0,-5679020.366666666,17139,62407,0.372408888888889,0.2466666666666667
pm = 0.05,42,24,62407.0,-3699921.453333333,17139,62407,0.3757280000000002,0.19333333333333336
pm = 0.05,42,25,62407.0,-4564954.453333333,17139,62407,0.3753582222222223,0.2533333333333333
pm = 0.05,42,26,62407.0,-3739234.506666667,17139,62407,0.3823084444444443,0.2533333333333333
pm = 0.05,42,27,62407.0,-2968131.1,17139,62407,0.3820782222222223,0.14
pm = 0.05,42,28,63493.0,-3251730.78,17511,63493,0.3783297777777779,0.2466666666666667
pm = 0.05,42,29,63493.0,-5205624.793333333,17511,63493,0.386495111111111,0.23333333333333328
pm = 0.05,42,30,63493.0,-4646751.413333333,17511,63493,0.39628177777777795,0.2533333333333333
pm = 0.05,42,31,63493.0,-4317810.84,17511,63493,0.3922773333333333,0.28
pm = 0.05,42,32,63765.0,-5799083.493333333,16965,63765,0.38922755555555577,0.30666666666666664
pm = 0.05,42,33,63765.0,-4167041.8533333335,16965,63765,0.38877422222222235,0.20666666666666667
pm = 0.05,42,34,63765.0,-3315785.7266666666,16965,63765,0.3829360000000001,0.18000000000000005
pm = 0.05,42,35,63765.0,-2689716.446666667,16965,63765,0.37118755555555544,0.18000000000000005
pm = 0.05,42,36,63765.0,-2865504.8933333335,16965,63765,0.38247111111111104,0.18666666666666665
pm = 0.05,42,37,63765.0,-4376104.32,16965,63765,0.39086488888888893,0.2466666666666667
pm = 0.05,42,38,63765.0,-4559001.633333334,16965,63765,0.3889519999999999,0.24
pm = 0.05,42,39,63765.0,-4662351.873333333,16965,63765,0.38029955555555545,0.18666666666666665
pm = 0.05,42,40,63765.0,-3473541.38,16965,63765,0.36464266666666667,0.20666666666666667
pm = 0.05,42,41,63818.0,-4818197.513333334,17136,63818,0.3578079999999999,0.21999999999999997
pm = 0.05,42,42,64615.0,-3466591.7,17145,64615,0.35312088888888893,0.19999999999999996
pm = 0.05,42,43,64615.0,-3621355.493333333,17145,64615,0.35325333333333353,0.18000000000000005
pm = 0.05,42,44,64615.0,-2273969.6333333333,17145,64615,0.35107911111111123,0.21333333333333337
pm = 0.05,42,45,64615.0,-3820813.446666667,17145,64615,0.34814044444444453,0.22666666666666668
pm = 0.05,42,46,64615.0,-3112144.6266666665,17145,64615,0.3480826666666666,0.26
pm = 0.05,42,47,64615.0,-5884417.833333333,17145,64615,0.34581511111111113,0.28
pm = 0.05,42,48,64615.0,-4421691.44,17145,64615,0.353423111111111,0.26
pm = 0.05,42,49,64615.0,-2966994.36,17145,64615,0.3519351111111111,0.19999999999999996
pm = 0.05,42,50,64615.0,-2644213.48,17145,64615,0.35996888888888884,0.19333333333333336
pm = 0.05,42,51,64615.0,-2703061.4133333336,17145,64615,0.36051022222222234,0.20666666666666667
pm = 0.05,42,52,64615.0,-4416349.82,17145,64615,0.3631022222222221,0.20666666666666667
pm = 0.05,42,53,64615.0,-4038271.1266666665,17145,64615,0.3713013333333334,0.24
pm = 0.05,42,54,64615.0,-4221452.6,17145,64615,0.38285688888888897,0.2533333333333333
pm = 0.05,42,55,64615.0,-5762910.32,17145,64615,0.38949244444444436,0.30666666666666664
pm = 0.05,42,56,64615.0,-4074567.44,17145,64615,0.37805511111111106,0.20666666666666667
pm = 0.05,42,57,64615.0,-2940436.48,17145,64615,0.3743857777777778,0.19333333333333336
pm = 0.05,42,58,64615.0,-5284619.32,17145,64615,0.37156266666666676,0.2866666666666666
pm = 0.05,42,59,64615.0,-4247288.48,17145,64615,0.3702248888888888,0.2533333333333333
pm = 0.05,42,60,64615.0,-4085764.8266666667,17145,64615,0.368471111111111,0.19999999999999996
pm = 0.05,42,61,64615.0,-3822503.6666666665,17145,64615,0.3682782222222221,0.20666666666666667
pm = 0.05,42,62,64615.0,-3385035.92,17145,64615,0.37506933333333337,0.22666666666666668
pm = 0.05,42,63,64615.0,-4402060.433333334,17145,64615,0.37361599999999995,0.2533333333333333
pm = 0.05,42,64,64615.0,-4586175.02,17145,64615,0.3805671111111111,0.2533333333333333
pm = 0.05,42,65,64615.0,-4135771.7,17145,64615,0.3778755555555557,0.21999999999999997
pm = 0.05,42,66,64615.0,-3053055.3266666667,17145,64615,0.3686088888888888,0.16000000000000003
pm = 0.05,42,67,64615.0,-3361215.3533333335,17145,64615,0.3619493333333334,0.21999999999999997
pm = 0.05,42,68,64615.0,-3362882.62,17145,64615,0.3489662222222223,0.19999999999999996
pm = 0.05,42,69,64615.0,-3937181.7466666666,17145,64615,0.35087466666666667,0.22666666666666668
pm = 0.05,42,70,64798.0,-3446281.62,17166,64798,0.3361475555555556,0.16666666666666663
pm = 0.05,42,71,64798.0,-3870573.1733333333,17166,64798,0.34296711111111094,0.23333333333333328
pm = 0.05,42,72,64798.0,-3767888.546666667,17166,64798,0.34420622222222236,0.2533333333333333
pm = 0.05,42,73,64957.0,-3375260.94,17679,64957,0.35702488888888867,0.23333333333333328
pm = 0.05,42,74,64957.0,-4256640.633333334,17679,64957,0.35892799999999986,0.21333333333333337
pm = 0.05,42,75,64957.0,-1526937.8733333333,17679,64957,0.36664799999999986,0.1266666666666667
pm = 0.05,42,76,64957.0,-5841375.273333333,17679,64957,0.355288888888889,0.30000000000000004
pm = 0.05,42,77,64957.0,-4787637.886666667,17679,64957,0.35304977777777785,0.30666666666666664
pm = 0.05,42,78,65713.0,-5074976.673333333,17271,65713,0.35920977777777774,0.28
pm = 0.05,42,79,65713.0,-3229019.6866666665,17271,65713,0.36142933333333316,0.20666666666666667
pm = 0.05,42,80,65713.0,-3796647.7733333334,17271,65713,0.3638124444444446,0.21333333333333337
pm = 0.05,42,81,65713.0,-3818826.2666666666,17271,65713,0.36379199999999995,0.23333333333333328
pm = 0.05,42,82,65713.0,-3474960.0933333333,17271,65713,0.36594933333333346,0.18000000000000005
pm = 0.05,42,83,65713.0,-6462972.633333334,17271,65713,0.36693600000000015,0.30000000000000004
pm = 0.05,42,84,65713.0,-4203116.033333333,17271,65713,0.36825066666666667,0.22666666666666668
pm = 0.05,42,85,65713.0,-3525401.006666667,17271,65713,0.36439288888888866,0.20666666666666667
pm = 0.05,42,86,65713.0,-3318581.2733333334,17271,65713,0.3612613333333334,0.21999999999999997
pm = 0.05,42,87,65713.0,-3487490.0866666664,17271,65713,0.35743288888888886,0.19999999999999996
pm = 0.05,42,88,65713.0,-3677356.553333333,17271,65713,0.35286666666666666,0.22666666666666668
pm = 0.05,42,89,65713.0,-5488144.68,17271,65713,0.33254933333333336,0.2733333333333333
pm = 0.05,42,90,65713.0,-3946623.9066666667,17271,65713,0.3427039999999999,0.19333333333333336
pm = 0.05,42,91,65713.0,-3031522.3466666667,17271,65713,0.3281546666666667,0.22666666666666668
pm = 0.05,42,92,65713.0,-3688904.5,17271,65713,0.3243795555555555,0.19333333333333336
pm = 0.05,42,93,65713.0,-3485150.2,17271,65713,0.3171733333333334,0.22666666666666668
pm = 0.05,42,94,65713.0,-2633674.1866666665,17271,65713,0.3194195555555554,0.17333333333333334
pm = 0.05,42,95,65713.0,-2877578.2533333334,17271,65713,0.3197484444444444,0.23333333333333328
pm = 0.05,42,96,65713.0,-3511485.26,17271,65713,0.32566133333333325,0.19999999999999996
pm = 0.05,42,97,65713.0,-4202060.886666667,17271,65713,0.32798844444444447,0.22666666666666668
pm = 0.05,42,98,65949.0,-3347842.1866666665,17463,65949,0.3345600000000001,0.23333333333333328
pm = 0.05,42,99,65949.0,-3101838.2733333334,17463,65949,0.3313920000000002,0.19999999999999996
pm = 0.05,42,100,65949.0,-4341257.46,17463,65949,0.3400782222222221,0.2533333333333333
pm = 0.05,42,101,65949.0,-3739735.6133333333,17463,65949,0.34985511111111117,0.2466666666666667
pm = 0.05,42,102,65949.0,-4537971.4,17463,65949,0.34922666666666663,0.2533333333333333
pm = 0.05,42,103,65949.0,-4564498.426666667,17463,65949,0.3549777777777777,0.26
pm = 0.05,42,104,65949.0,-4139527.96,17463,65949,0.36274844444444443,0.22666666666666668
pm = 0.05,42,105,66014.0,-3988004.966666667,17388,66014,0.35374755555555554,0.22666666666666668
pm = 0.05,42,106,66014.0,-4238559.56,17388,66014,0.3572622222222222,0.23333333333333328
pm = 0.05,42,107,66014.0,-3696180.7,17388,66014,0.36071555555555557,0.19999999999999996
pm = 0.05,42,108,66014.0,-4564903.253333333,17388,66014,0.365566222222222,0.20666666666666667
pm = 0.05,42,109,66014.0,-3725299.1933333334,17388,66014,0.3611457777777777,0.19999999999999996
pm = 0.05,42,110,66014.0,-4535108.966666667,17388,66014,0.3518622222222222,0.2533333333333333
pm = 0.05,42,111,66014.0,-4651795.58,17388,66014,0.35570222222222225,0.2666666666666667
pm = 0.05,42,112,66014.0,-4477818.1,17388,66014,0.3682888888888891,0.21999999999999997
pm = 0.05,42,113,66014.0,-3031350.3066666666,17388,66014,0.3679377777777777,0.16666666666666663
pm = 0.05,42,114,66014.0,-3518514.553333333,17388,66014,0.3611884444444445,0.16666666666666663
pm = 0.05,42,115,66014.0,-4348811.74,17388,66014,0.3538177777777778,0.24
pm = 0.05,42,116,66014.0,-4289413.306666667,17388,66014,0.35003822222222203,0.26
pm = 0.05,42,117,66014.0,-3479329.9066666667,17388,66014,0.34687111111111124,0.2466666666666667
pm = 0.05,42,118,66014.0,-3479468.62,17388,66014,0.3399582222222222,0.21333333333333337
pm = 0.05,42,119,66014.0,-4703323.5,17388,66014,0.3437066666666666,0.28
pm = 0.05,42,120,66014.0,-4641329.173333333,17388,66014,0.33928533333333327,0.2466666666666667
pm = 0.05,42,121,66067.0,-4301942.713333333,17559,66067,0.33126133333333335,0.2866666666666666
pm = 0.05,42,122,66067.0,-3346800.62,17559,66067,0.34630133333333335,0.21333333333333337
pm = 0.05,42,123,66067.0,-3420240.2733333334,17559,66067,0.34979822222222223,0.19999999999999996
pm = 0.05,42,124,66067.0,-3405902.84,17559,66067,0.35021777777777785,0.2466666666666667
pm = 0.05,42,125,66067.0,-3633703.92,17559,66067,0.35344533333333333,0.21999999999999997
pm = 0.05,42,126,66067.0,-2096607.9066666667,17559,66067,0.3411244444444445,0.18000000000000005
pm = 0.05,42,127,66067.0,-3782847.4266666668,17559,66067,0.34458311111111106,0.23333333333333328
pm = 0.05,42,128,66067.0,-3300553.5733333332,17559,66067,0.34789511111111127,0.22666666666666668
pm = 0.05,42,129,66067.0,-3077860.7466666666,17559,66067,0.3471324444444446,0.21333333333333337
pm = 0.05,42,130,66067.0,-4572847.106666666,17559,66067,0.34870399999999996,0.24
pm = 0.05,42,131,66067.0,-2790154.0933333333,17559,66067,0.334224,0.18000000000000005
pm = 0.05,42,132,66067.0,-3345350.066666667,17559,66067,0.33743466666666677,0.21333333333333337
pm = 0.05,42,133,66067.0,-3058955.0733333332,17559,66067,0.3322400000000001,0.18000000000000005
pm = 0.05,42,134,66067.0,-2737243.2933333335,17559,66067,0.3112666666666667,0.18666666666666665
pm = 0.05,42,135,66067.0,-3280343.4266666668,17559,66067,0.31420800000000004,0.30000000000000004
pm = 0.05,42,136,66067.0,-2235610.3066666666,17559,66067,0.3279386666666668,0.19999999999999996
pm = 0.05,42,137,66067.0,-3777984.1466666665,17559,66067,0.3299831111111112,0.22666666666666668
pm = 0.05,42,138,66067.0,-4527575.066666666,17559,66067,0.3379066666666667,0.2466666666666667
pm = 0.05,42,139,66250.0,-2883474.8933333335,17580,66250,0.33671822222222225,0.22666666666666668
pm = 0.05,42,140,66250.0,-3882558.5866666664,17580,66250,0.3434613333333334,0.22666666666666668
pm = 0.05,42,141,66250.0,-3649101.38,17580,66250,0.3555688888888888,0.24
pm = 0.05,42,142,66250.0,-4379970.453333333,17580,66250,0.3635751111111112,0.24
pm = 0.05,42,143,66250.0,-4466004.406666666,17580,66250,0.36353777777777796,0.2466666666666667
pm = 0.05,42,144,66250.0,-3866925.4266666668,17580,66250,0.3593342222222223,0.21333333333333337
pm = 0.05,42,145,66250.0,-4388235.533333333,17580,66250,0.37030577777777784,0.23333333333333328
pm = 0.05,42,146,66250.0,-3221431.993333333,17580,66250,0.36487999999999987,0.26
pm = 0.05,42,147,66250.0,-4414241.226666667,17580,66250,0.3718017777777778,0.2733333333333333
pm = 0.05,42,148,66250.0,-3065685.8666666667,17580,66250,0.3825866666666668,0.19999999999999996
pm = 0.05,42,149,66250.0,-2766584.3733333335,17580,66250,0.38522311111111124,0.20666666666666667
pm = 0.05,42,150,66250.0,-3429590.3066666666,17580,66250,0.38446844444444445,0.19333333333333336
pm = 0.05,42,151,66250.0,-4478885.626666667,17580,66250,0.368534222222222,0.22666666666666668
pm = 0.05,42,152,66250.0,-3359561.66,17580,66250,0.36416977777777787,0.21999999999999997
pm = 0.05,42,153,66250.0,-4877089.24,17580,66250,0.36129244444444447,0.2866666666666666
pm = 0.05,42,154,66250.0,-4143874.513333333,17580,66250,0.3666346666666667,0.21999999999999997
pm = 0.05,42,155,66250.0,-2924727.026666667,17580,66250,0.3670373333333333,0.18000000000000005
pm = 0.05,42,156,66250.0,-3135730.6666666665,17580,66250,0.3676720000000001,0.21999999999999997
pm = 0.05,42,157,66250.0,-3254162.8133333335,17580,66250,0.3580017777777778,0.21999999999999997
pm = 0.05,42,158,66250.0,-3696493.3133333335,17580,66250,0.36156533333333335,0.21333333333333337
pm = 0.05,42,159,66250.0,-3350019.3733333335,17580,66250,0.355343111111111,0.22666666666666668
pm = 0.05,42,160,66250.0,-4567993.653333333,17580,66250,0.3546577777777778,0.24
pm = 0.05,42,161,66250.0,-3753294.546666667,17580,66250,0.35719733333333326,0.22666666666666668
pm = 0.05,42,162,66250.0,-4758833.506666667,17580,66250,0.36097244444444454,0.2533333333333333
pm = 0.05,42,163,66250.0,-3034299.0866666664,17580,66250,0.36331288888888885,0.23333333333333328
pm = 0.05,42,164,66250.0,-4192824.473333333,17580,66250,0.35702488888888895,0.20666666666666667
pm = 0.05,42,165,66250.0,-3301143.053333333,17580,66250,0.34541422222222223,0.18000000000000005
pm = 0.05,42,166,66250.0,-5211956.906666666,17580,66250,0.3510551111111112,0.24
pm = 0.05,42,167,66250.0,-4105966.14,17580,66250,0.3550417777777779,0.23333333333333328
pm = 0.05,42,168,66250.0,-4398282.653333333,17580,66250,0.3564053333333333,0.2666666666666667
pm = 0.05,42,169,66250.0,-4442915.226666667,17580,66250,0.3503342222222222,0.2666666666666667
pm = 0.05,42,170,66250.0,-4719823.133333334,17580,66250,0.34818311111111117,0.29333333333333333
pm = 0.05,42,171,66250.0,-2845174.2466666666,17580,66250,0.349200888888889,0.21333333333333337
pm = 0.05,42,172,66250.0,-2844324.066666667,17580,66250,0.35390222222222223,0.16666666666666663
pm = 0.05,42,173,66250.0,-3955197.1666666665,17580,66250,0.3490231111111111,0.24
pm = 0.05,42,174,66250.0,-2450085.02,17580,66250,0.3501964444444445,0.16000000000000003
pm = 0.05,42,175,66250.0,-3746548.1333333333,17580,66250,0.3517182222222223,0.23333333333333328
pm = 0.05,42,176,66250.0,-3652930.2533333334,17580,66250,0.3499271111111111,0.21999999999999997
pm = 0.05,42,177,66250.0,-4808485.08,17580,66250,0.3416684444444445,0.30666666666666664
pm = 0.05,42,178,66250.0,-3213461.506666667,17580,66250,0.35046133333333335,0.21333333333333337
pm = 0.05,42,179,66250.0,-4823953.113333333,17580,66250,0.34923377777777787,0.29333333333333333
pm = 0.05,42,180,66250.0,-4467296.96,17580,66250,0.36192266666666667,0.21999999999999997
pm = 0.05,42,181,66250.0,-3667301.54,17580,66250,0.36418933333333336,0.21999999999999997
pm = 0.05,42,182,66250.0,-3143624.1266666665,17580,66250,0.35823377777777765,0.19999999999999996
pm = 0.05,42,183,66250.0,-3823400.9266666668,17580,66250,0.3492924444444445,0.18000000000000005
pm = 0.05,42,184,66250.0,-2768215.78,17580,66250,0.3535573333333334,0.19333333333333336
pm = 0.05,42,185,66250.0,-3947258.0733333332,17580,66250,0.35207111111111106,0.21999999999999997
pm = 0.05,42,186,66250.0,-3082130.4133333336,17580,66250,0.35629244444444447,0.21333333333333337
pm = 0.05,42,187,66250.0,-5892192.906666666,17580,66250,0.3543208888888889,0.29333333333333333
pm = 0.05,42,188,66250.0,-2872353.3466666667,17580,66250,0.35067199999999993,0.19333333333333336
pm = 0.05,42,189,66250.0,-5092723.453333333,17580,66250,0.3543466666666666,0.28
pm = 0.05,42,190,66250.0,-3798351.6666666665,17580,66250,0.3667795555555556,0.19999999999999996
pm = 0.05,42,191,66250.0,-4878761.573333333,17580,66250,0.3626871111111109,0.30666666666666664
pm = 0.05,42,192,66250.0,-3485973.26,17580,66250,0.3671537777777776,0.23333333333333328
pm = 0.05,42,193,66250.0,-4187020.02,17580,66250,0.3643084444444444,0.2666666666666667
pm = 0.05,42,194,66250.0,-4006504.7,17580,66250,0.3625146666666667,0.21999999999999997
pm = 0.05,42,195,66250.0,-3188055.2266666666,17580,66250,0.3555902222222222,0.20666666666666667
pm = 0.05,42,196,66250.0,-3889353.94,17580,66250,0.3509493333333333,0.22666666666666668
pm = 0.05,42,197,66250.0,-4615552.113333333,17580,66250,0.3453155555555555,0.29333333333333333
pm = 0.05,42,198,66250.0,-3520075.2,17580,66250,0.34986133333333336,0.20666666666666667
pm = 0.05,42,199,66250.0,-5010438.06,17580,66250,0.3412257777777778,0.26
pm = 0.05,42,200,66250.0,-3471522.48,17580,66250,0.33977777777777773,0.21999999999999997
pm = 0.05,43,0,47659.0,-17477563.38,17673,47659,0.4971146666666663,0.4666666666666667
pm = 0.05,43,1,51969.0,-5088446.473333334,17343,51969,0.490648,0.2533333333333333
pm = 0.05,43,2,52306.0,-3389046.1466666665,16722,52306,0.4841306666666666,0.21999999999999997
pm = 0.05,43,3,52306.0,-3534028.506666667,16722,52306,0.47565244444444454,0.21333333333333337
pm = 0.05,43,4,54779.0,-2213230.013333333,17583,54779,0.46480888888888894,0.18000000000000005
pm = 0.05,43,5,54779.0,-3879276.7933333335,17583,54779,0.4538577777777779,0.2666666666666667
pm = 0.05,43,6,55889.0,-2504124.0733333332,17463,55889,0.4508746666666666,0.19999999999999996
pm = 0.05,43,7,55889.0,-4003003.066666667,17463,55889,0.44286844444444445,0.22666666666666668
pm = 0.05,43,8,57454.0,-2627937.6666666665,16818,57454,0.42778400000000005,0.17333333333333334
pm = 0.05,43,9,57454.0,-3678619.953333333,16818,57454,0.42126755555555545,0.22666666666666668
pm = 0.05,43,10,57454.0,-2816760.7066666665,16818,57454,0.4208097777777777,0.17333333333333334
pm = 0.05,43,11,58723.0,-2371726.053333333,17211,58723,0.4136106666666667,0.17333333333333334
pm = 0.05,43,12,59060.0,-3367136.4,16590,59060,0.40627022222222214,0.21999999999999997
pm = 0.05,43,13,60235.0,-4399065.3,16395,60235,0.4052106666666668,0.21999999999999997
pm = 0.05,43,14,61769.0,-4992965.413333333,17643,61769,0.4024977777777778,0.23333333333333328
pm = 0.05,43,15,61769.0,-3371776.1,17643,61769,0.3963111111111112,0.20666666666666667
pm = 0.05,43,16,61769.0,-3288239.0733333332,17643,61769,0.39905422222222225,0.21333333333333337
pm = 0.05,43,17,61769.0,-3234858.993333333,17643,61769,0.3985635555555557,0.18666666666666665
pm = 0.05,43,18,61769.0,-3789421.513333333,17643,61769,0.3851066666666667,0.2733333333333333
pm = 0.05,43,19,62537.0,-4095078.7333333334,16989,62537,0.38014577777777786,0.2666666666666667
pm = 0.05,43,20,62537.0,-3004890.2133333334,16989,62537,0.36962488888888884,0.17333333333333334
pm = 0.05,43,21,63794.0,-3937655.546666667,17628,63794,0.3735119999999999,0.26
pm = 0.05,43,22,63794.0,-5756633.2,17628,63794,0.37276266666666663,0.22666666666666668
pm = 0.05,43,23,63794.0,-3912673.1733333333,17628,63794,0.378536888888889,0.19999999999999996
pm = 0.05,43,24,63794.0,-2653829.6266666665,17628,63794,0.3684782222222222,0.18666666666666665
pm = 0.05,43,25,63794.0,-3761151.92,17628,63794,0.37475555555555545,0.24
pm = 0.05,43,26,63794.0,-4919719.933333334,17628,63794,0.3768142222222222,0.26
pm = 0.05,43,27,63794.0,-2472713.6533333333,17628,63794,0.37277777777777776,0.14
pm = 0.05,43,28,63794.0,-3088972.9133333336,17628,63794,0.36504088888888886,0.20666666666666667
pm = 0.05,43,29,65453.0,-3558214.4,17571,65453,0.36656355555555564,0.18000000000000005
pm = 0.05,43,30,65453.0,-3400566.7733333334,17571,65453,0.36450311111111106,0.2466666666666667
pm = 0.05,43,31,65453.0,-3441907.473333333,17571,65453,0.3607839999999999,0.21333333333333337
pm = 0.05,43,32,65453.0,-2710611.8,17571,65453,0.3613706666666667,0.18666666666666665
pm = 0.05,43,33,65453.0,-3852634.28,17571,65453,0.3584426666666667,0.2666666666666667
pm = 0.05,43,34,65453.0,-4121019.4,17571,65453,0.3648835555555554,0.22666666666666668
pm = 0.05,43,35,65453.0,-2736817.8733333335,17571,65453,0.36245511111111106,0.18666666666666665
pm = 0.05,43,36,65453.0,-3872885.1066666665,17571,65453,0.3699493333333334,0.19999999999999996
pm = 0.05,43,37,65453.0,-5649598.293333333,17571,65453,0.3674782222222221,0.31999999999999995
pm = 0.05,43,38,65453.0,-3689355.566666667,17571,65453,0.371264,0.2533333333333333
pm = 0.05,43,39,65453.0,-4498733.753333333,17571,65453,0.359775111111111,0.28
pm = 0.05,43,40,65453.0,-4760567.88,17571,65453,0.36326933333333306,0.26
pm = 0.05,43,41,65453.0,-4592460.8133333335,17571,65453,0.3598586666666668,0.23333333333333328
pm = 0.05,43,42,65453.0,-5801211.593333334,17571,65453,0.3574417777777778,0.26
pm = 0.05,43,43,65453.0,-3548836.3266666667,17571,65453,0.3548897777777779,0.22666666666666668
pm = 0.05,43,44,65453.0,-4156836.64,17571,65453,0.3496177777777777,0.23333333333333328
pm = 0.05,43,45,65453.0,-2953563.28,17571,65453,0.3402915555555556,0.2466666666666667
pm = 0.05,43,46,65453.0,-3256866.453333333,17571,65453,0.34017688888888875,0.24
pm = 0.05,43,47,65453.0,-4202203.946666666,17571,65453,0.35511111111111104,0.2533333333333333
pm = 0.05,43,48,65453.0,-3147026.2066666665,17571,65453,0.3504924444444445,0.16666666666666663
pm = 0.05,43,49,65453.0,-4977471.58,17571,65453,0.35228266666666663,0.26
pm = 0.05,43,50,65453.0,-3709824.2266666666,17571,65453,0.35378933333333334,0.20666666666666667
pm = 0.05,43,51,65453.0,-3731582.7866666666,17571,65453,0.35473866666666665,0.20666666666666667
pm = 0.05,43,52,65453.0,-4733833.446666666,17571,65453,0.3607902222222223,0.29333333333333333
pm = 0.05,43,53,65453.0,-3583278.3933333335,17571,65453,0.3704951111111111,0.23333333333333328
pm = 0.05,43,54,65453.0,-3941359.8933333335,17571,65453,0.3724577777777778,0.2866666666666666
pm = 0.05,43,55,65453.0,-4238553.053333334,17571,65453,0.37022222222222223,0.26
pm = 0.05,43,56,65453.0,-4619976.673333333,17571,65453,0.37057511111111113,0.26
pm = 0.05,43,57,65453.0,-4407806.033333333,17571,65453,0.3678897777777778,0.23333333333333328
pm = 0.05,43,58,65453.0,-3295904.1933333334,17571,65453,0.3710311111111112,0.21999999999999997
pm = 0.05,43,59,65453.0,-4608787.013333334,17571,65453,0.37017955555555565,0.24
pm = 0.05,43,60,65453.0,-4915140.053333334,17571,65453,0.37085688888888896,0.2466666666666667
pm = 0.05,43,61,65453.0,-2097666.0866666664,17571,65453,0.3799626666666667,0.1466666666666666
pm = 0.05,43,62,65453.0,-2668652.12,17571,65453,0.376624888888889,0.17333333333333334
pm = 0.05,43,63,65453.0,-5574177.106666666,17571,65453,0.37454399999999993,0.2533333333333333
pm = 0.05,43,64,65453.0,-3540508.533333333,17571,65453,0.3771733333333333,0.21333333333333337
pm = 0.05,43,65,65453.0,-2879063.26,17571,65453,0.37434666666666666,0.18000000000000005
pm = 0.05,43,66,65453.0,-5138352.653333333,17571,65453,0.36933066666666675,0.26
pm = 0.05,43,67,65453.0,-4720030.606666666,17571,65453,0.3624346666666667,0.28
pm = 0.05,43,68,65453.0,-4192270.02,17571,65453,0.367553777777778,0.24
pm = 0.05,43,69,65453.0,-4367571.586666667,17571,65453,0.36872000000000005,0.2666666666666667
pm = 0.05,43,70,65453.0,-5174913.833333333,17571,65453,0.36638577777777803,0.26
pm = 0.05,43,71,65453.0,-2615991.7533333334,17571,65453,0.3722071111111111,0.17333333333333334
pm = 0.05,43,72,65453.0,-4096761.16,17571,65453,0.36621333333333317,0.23333333333333328
pm = 0.05,43,73,65453.0,-3259189.0933333333,17571,65453,0.36574666666666666,0.2533333333333333
pm = 0.05,43,74,65453.0,-3751927.8333333335,17571,65453,0.3562551111111112,0.20666666666666667
pm = 0.05,43,75,65453.0,-5385915.713333333,17571,65453,0.355007111111111,0.24
pm = 0.05,43,76,65453.0,-5807096.8133333335,17571,65453,0.36160711111111093,0.30000000000000004
pm = 0.05,43,77,65453.0,-4824900.273333333,17571,65453,0.3545884444444444,0.26
pm = 0.05,43,78,65453.0,-3256334.34,17571,65453,0.35463555555555554,0.2533333333333333
pm = 0.05,43,79,65453.0,-2131282.033333333,17571,65453,0.34819466666666676,0.19999999999999996
pm = 0.05,43,80,65453.0,-3499310.84,17571,65453,0.3480008888888888,0.19999999999999996
pm = 0.05,43,81,65453.0,-2356089.486666667,17571,65453,0.3521048888888888,0.21333333333333337
pm = 0.05,43,82,65453.0,-2403669.953333333,17571,65453,0.34646755555555564,0.14
pm = 0.05,43,83,65453.0,-4484772.56,17571,65453,0.33086044444444446,0.2466666666666667
pm = 0.05,43,84,65453.0,-2862672.18,17571,65453,0.33863288888888904,0.19333333333333336
pm = 0.05,43,85,65453.0,-3216751.7666666666,17571,65453,0.3381893333333334,0.23333333333333328
pm = 0.05,43,86,65453.0,-3775934.7933333335,17571,65453,0.34179644444444435,0.22666666666666668
pm = 0.05,43,87,65453.0,-6062479.893333334,17571,65453,0.33274755555555574,0.29333333333333333
pm = 0.05,43,88,65453.0,-2483329.28,17571,65453,0.32187911111111106,0.21333333333333337
pm = 0.05,43,89,65453.0,-3279259.98,17571,65453,0.3113137777777778,0.19999999999999996
pm = 0.05,43,90,65453.0,-4247480.873333333,17571,65453,0.3248702222222224,0.2466666666666667
pm = 0.05,43,91,65453.0,-3821487.433333333,17571,65453,0.3275075555555555,0.2533333333333333
pm = 0.05,43,92,65453.0,-4405613.593333334,17571,65453,0.3307013333333333,0.24
pm = 0.05,43,93,65453.0,-3497113.966666667,17571,65453,0.33620533333333336,0.2533333333333333
pm = 0.05,43,94,65453.0,-3618086.506666667,17571,65453,0.3444044444444447,0.19333333333333336
pm = 0.05,43,95,65453.0,-3330769.38,17571,65453,0.35470933333333315,0.22666666666666668
pm = 0.05,43,96,65453.0,-2788459.18,17571,65453,0.3663137777777776,0.18000000000000005
pm = 0.05,43,97,65453.0,-3797246.3666666667,17571,65453,0.3563004444444444,0.21333333333333337
pm = 0.05,43,98,65453.0,-3007753.4266666668,17571,65453,0.352352,0.2666666666666667
pm = 0.05,43,99,65453.0,-4354094.546666667,17571,65453,0.3536684444444444,0.2666666666666667
pm = 0.05,43,100,65453.0,-4926017.973333334,17571,65453,0.36599822222222245,0.23333333333333328
pm = 0.05,43,101,65453.0,-3906021.8066666666,17571,65453,0.35613955555555565,0.24
pm = 0.05,43,102,65453.0,-3564779.506666667,17571,65453,0.3409564444444445,0.22666666666666668
pm = 0.05,43,103,65453.0,-2582342.98,17571,65453,0.341664,0.22666666666666668
pm = 0.05,43,104,65453.0,-4422475.913333333,17571,65453,0.3452782222222222,0.2466666666666667
pm = 0.05,43,105,65453.0,-3009386.1,17571,65453,0.35312711111111106,0.21999999999999997
pm = 0.05,43,106,65453.0,-4450354.533333333,17571,65453,0.35068266666666664,0.2733333333333333
pm = 0.05,43,107,65453.0,-4558755.533333333,17571,65453,0.3515137777777778,0.29333333333333333
pm = 0.05,43,108,65453.0,-3811535.1866666665,17571,65453,0.3628337777777778,0.20666666666666667
pm = 0.05,43,109,65453.0,-3953428.7,17571,65453,0.3648017777777779,0.21333333333333337
pm = 0.05,43,110,65453.0,-3952087.526666667,17571,65453,0.36081511111111103,0.19999999999999996
pm = 0.05,43,111,65453.0,-3811356.82,17571,65453,0.35092444444444454,0.19999999999999996
pm = 0.05,43,112,65453.0,-3467561.8933333335,17571,65453,0.33881777777777783,0.22666666666666668
pm = 0.05,43,113,65453.0,-3048218.42,17571,65453,0.33444622222222237,0.21333333333333337
pm = 0.05,43,114,65453.0,-5564977.153333333,17571,65453,0.33197866666666676,0.26
pm = 0.05,43,115,65453.0,-4165832.3666666667,17571,65453,0.3411111111111112,0.2866666666666666
pm = 0.05,43,116,65453.0,-3953004.38,17571,65453,0.33806044444444444,0.23333333333333328
pm = 0.05,43,117,65453.0,-2418768.62,17571,65453,0.34068266666666697,0.23333333333333328
pm = 0.05,43,118,65453.0,-3168556.1266666665,17571,65453,0.3466133333333332,0.16666666666666663
pm = 0.05,43,119,65453.0,-3488427.2266666666,17571,65453,0.34100711111111126,0.20666666666666667
pm = 0.05,43,120,65453.0,-3335642.953333333,17571,65453,0.3388462222222223,0.21999999999999997
pm = 0.05,43,121,65453.0,-3056021.6066666665,17571,65453,0.342319111111111,0.19999999999999996
pm = 0.05,43,122,65453.0,-3570991.486666667,17571,65453,0.33957333333333345,0.2533333333333333
pm = 0.05,43,123,65453.0,-5388987.573333333,17571,65453,0.34390044444444434,0.2733333333333333
pm = 0.05,43,124,65453.0,-4723766.06,17571,65453,0.35013688888888894,0.18666666666666665
pm = 0.05,43,125,65453.0,-3988204.1333333333,17571,65453,0.35700177777777786,0.19999999999999996
pm = 0.05,43,126,65453.0,-3986642.1733333333,17571,65453,0.3533768888888889,0.24
pm = 0.05,43,127,65453.0,-3909659.2666666666,17571,65453,0.34615199999999985,0.29333333333333333
pm = 0.05,43,128,65453.0,-1862579.1733333333,17571,65453,0.350336888888889,0.15333333333333332
pm = 0.05,43,129,65453.0,-2659211.1466666665,17571,65453,0.35069955555555565,0.19333333333333336
pm = 0.05,43,130,65453.0,-4390340.3,17571,65453,0.3440613333333334,0.26
pm = 0.05,43,131,65571.0,-3744413.4,17667,65571,0.33504355555555554,0.24
pm = 0.05,43,132,65571.0,-3430833.3466666667,17667,65571,0.3263048888888889,0.2533333333333333
pm = 0.05,43,133,65571.0,-2490322.86,17667,65571,0.30968622222222225,0.1466666666666666
pm = 0.05,43,134,65571.0,-4284366.4,17667,65571,0.3199155555555557,0.2666666666666667
pm = 0.05,43,135,65571.0,-3646035.1133333333,17667,65571,0.33204533333333336,0.20666666666666667
pm = 0.05,43,136,65571.0,-5498606.393333334,17667,65571,0.3346862222222221,0.2666666666666667
pm = 0.05,43,137,65571.0,-5073672.38,17667,65571,0.3551706666666666,0.26
pm = 0.05,43,138,65571.0,-6314081.8133333335,17667,65571,0.33571822222222225,0.2733333333333333
pm = 0.05,43,139,65571.0,-3926456.6133333333,17667,65571,0.3360657777777778,0.22666666666666668
pm = 0.05,43,140,65571.0,-3985070.72,17667,65571,0.3321911111111111,0.21333333333333337
pm = 0.05,43,141,65571.0,-3951089.3866666667,17667,65571,0.32577066666666654,0.30000000000000004
pm = 0.05,43,142,65571.0,-3341728.8666666667,17667,65571,0.32904622222222235,0.19333333333333336
pm = 0.05,43,143,65571.0,-4633652.133333334,17667,65571,0.33679555555555557,0.24
pm = 0.05,43,144,65571.0,-4647199.56,17667,65571,0.3403386666666667,0.24
pm = 0.05,43,145,65571.0,-3268724.953333333,17667,65571,0.34862133333333345,0.19999999999999996
pm = 0.05,43,146,65571.0,-4875073.68,17667,65571,0.3540435555555556,0.28
pm = 0.05,43,147,65571.0,-3715089.2066666665,17667,65571,0.3579742222222223,0.28
pm = 0.05,43,148,65571.0,-4146611.8466666667,17667,65571,0.36638400000000004,0.2533333333333333
pm = 0.05,43,149,65571.0,-4175817.0733333332,17667,65571,0.3741911111111109,0.22666666666666668
pm = 0.05,43,150,65571.0,-4542636.446666666,17667,65571,0.3725973333333332,0.24
pm = 0.05,43,151,65571.0,-3732800.046666667,17667,65571,0.3705715555555555,0.21333333333333337
pm = 0.05,43,152,65571.0,-5312734.38,17667,65571,0.3626391111111113,0.2733333333333333
pm = 0.05,43,153,65571.0,-4764013.6466666665,17667,65571,0.3514231111111112,0.23333333333333328
pm = 0.05,43,154,65571.0,-3845844.9266666668,17667,65571,0.3543342222222222,0.19999999999999996
pm = 0.05,43,155,65571.0,-3290137.993333333,17667,65571,0.358824,0.21333333333333337
pm = 0.05,43,156,65571.0,-5256079.153333333,17667,65571,0.36505511111111116,0.26
pm = 0.05,43,157,65571.0,-3500967.22,17667,65571,0.36002399999999996,0.18666666666666665
pm = 0.05,43,158,65571.0,-4392489.846666667,17667,65571,0.3591253333333333,0.21999999999999997
pm = 0.05,43,159,65571.0,-3154534.46,17667,65571,0.3629306666666666,0.21333333333333337
pm = 0.05,43,160,65571.0,-3616883.1666666665,17667,65571,0.3726951111111111,0.2533333333333333
pm = 0.05,43,161,65571.0,-4296669.726666667,17667,65571,0.37402577777777773,0.19999999999999996
pm = 0.05,43,162,65571.0,-4226255.913333333,17667,65571,0.36844177777777787,0.24
pm = 0.05,43,163,65571.0,-3816114.473333333,17667,65571,0.3680435555555557,0.21999999999999997
pm = 0.05,43,164,65571.0,-5824069.64,17667,65571,0.368967111111111,0.28
pm = 0.05,43,165,65571.0,-4331827.013333334,17667,65571,0.3741448888888889,0.23333333333333328
pm = 0.05,43,166,65571.0,-4356441.78,17667,65571,0.3671280000000002,0.2466666666666667
pm = 0.05,43,167,65571.0,-2930912.36,17667,65571,0.37255911111111123,0.16666666666666663
pm = 0.05,43,168,65571.0,-3344137.6466666665,17667,65571,0.35612977777777793,0.22666666666666668
pm = 0.05,43,169,65571.0,-2730095.2133333334,17667,65571,0.34587644444444443,0.20666666666666667
pm = 0.05,43,170,65571.0,-3672596.566666667,17667,65571,0.35081599999999996,0.21999999999999997
pm = 0.05,43,171,65571.0,-3829618.16,17667,65571,0.34229688888888893,0.2466666666666667
pm = 0.05,43,172,65571.0,-4715855.26,17667,65571,0.3408035555555556,0.23333333333333328
pm = 0.05,43,173,65571.0,-3942739.6866666665,17667,65571,0.3356195555555556,0.24
pm = 0.05,43,174,65571.0,-4061826.44,17667,65571,0.33328888888888897,0.22666666666666668
pm = 0.05,43,175,65571.0,-3196893.56,17667,65571,0.3336693333333334,0.22666666666666668
pm = 0.05,43,176,65571.0,-4298574.86,17667,65571,0.3256888888888889,0.2733333333333333
pm = 0.05,43,177,65571.0,-3574219.6266666665,17667,65571,0.3266951111111112,0.22666666666666668
pm = 0.05,43,178,65571.0,-2663780.38,17667,65571,0.3302462222222221,0.14
pm = 0.05,43,179,65571.0,-4484990.846666667,17667,65571,0.33348800000000006,0.2533333333333333
pm = 0.05,43,180,65571.0,-3480657.3333333335,17667,65571,0.32784088888888896,0.23333333333333328
pm = 0.05,43,181,65571.0,-2927801.26,17667,65571,0.3402026666666669,0.14
pm = 0.05,43,182,65571.0,-4970803.613333333,17667,65571,0.33607911111111116,0.2866666666666666
pm = 0.05,43,183,65571.0,-3405974.2133333334,17667,65571,0.3518435555555557,0.23333333333333328
pm = 0.05,43,184,65571.0,-3585733.0866666664,17667,65571,0.3566337777777776,0.2466666666666667
pm = 0.05,43,185,65571.0,-4577412.66,17667,65571,0.3418053333333335,0.24
pm = 0.05,43,186,65571.0,-6728609.073333333,17667,65571,0.33675022222222223,0.2533333333333333
pm = 0.05,43,187,65571.0,-4348066.413333333,17667,65571,0.33283111111111124,0.2533333333333333
pm = 0.05,43,188,65571.0,-4812498.613333333,17667,65571,0.31860177777777776,0.2466666666666667
pm = 0.05,43,189,65571.0,-3774046.9,17667,65571,0.3290026666666666,0.2533333333333333
pm = 0.05,43,190,65571.0,-2976523.7066666665,17667,65571,0.3423208888888889,0.2466666666666667
pm = 0.05,43,191,65571.0,-4014721.2333333334,17667,65571,0.35103822222222214,0.24
pm = 0.05,43,192,65571.0,-5116367.72,17667,65571,0.3464462222222221,0.26
pm = 0.05,43,193,65571.0,-5604205.066666666,17667,65571,0.34851288888888887,0.26
pm = 0.05,43,194,65571.0,-2798999.8333333335,17667,65571,0.34373422222222233,0.19999999999999996
pm = 0.05,43,195,65571.0,-3462773.7533333334,17667,65571,0.33733599999999997,0.16666666666666663
pm = 0.05,43,196,65571.0,-3463656.3933333335,17667,65571,0.33609955555555565,0.21333333333333337
pm = 0.05,43,197,65571.0,-4218479.086666667,17667,65571,0.34020622222222224,0.2466666666666667
pm = 0.05,43,198,65571.0,-3229123.526666667,17667,65571,0.34190311111111105,0.20666666666666667
pm = 0.05,43,199,65571.0,-2959997.9266666668,17667,65571,0.34459022222222224,0.16666666666666663
pm = 0.05,43,200,65571.0,-3736576.993333333,17667,65571,0.35199377777777774,0.19333333333333336
pm = 0.05,44,0,51993.0,-14890690.52,16851,51993,0.4965537777777776,0.4866666666666667
pm = 0.05,44,1,52335.0,-5646331.606666666,17385,52335,0.4889333333333332,0.30666666666666664
pm = 0.05,44,2,52335.0,-3304784.433333333,17385,52335,0.47816444444444434,0.21999999999999997
pm = 0.05,44,3,53799.0,-4305592.193333333,17553,53799,0.46924444444444463,0.2466666666666667
pm = 0.05,44,4,54697.0,-3307957.526666667,16749,54697,0.45644444444444443,0.18666666666666665
pm = 0.05,44,5,55636.0,-3111907.6533333333,16362,55636,0.4506266666666665,0.16666666666666663
pm = 0.05,44,6,55636.0,-4458115.76,16362,55636,0.44487822222222223,0.21999999999999997
pm = 0.05,44,7,56125.0,-3571298.933333333,17655,56125,0.438377777777778,0.21333333333333337
pm = 0.05,44,8,57076.0,-4463577.746666667,17022,57076,0.4314853333333331,0.23333333333333328
pm = 0.05,44,9,57967.0,-4189751.66,17619,57967,0.41951644444444447,0.20666666666666667
pm = 0.05,44,10,59874.0,-2535164.3933333335,17508,59874,0.4115164444444445,0.18666666666666665
pm = 0.05,44,11,60813.0,-3753855.473333333,17121,60813,0.4027306666666668,0.24
pm = 0.05,44,12,60813.0,-3519731.986666667,17121,60813,0.40979911111111134,0.19999999999999996
pm = 0.05,44,13,60813.0,-2805942.1933333334,17121,60813,0.4051715555555556,0.16666666666666663
pm = 0.05,44,14,60813.0,-3304532.04,17121,60813,0.39567733333333327,0.23333333333333328
pm = 0.05,44,15,60813.0,-3810121.026666667,17121,60813,0.3941048888888886,0.19333333333333336
pm = 0.05,44,16,60813.0,-3100596.16,17121,60813,0.392528888888889,0.17333333333333334
pm = 0.05,44,17,60813.0,-3740946.32,17121,60813,0.39385333333333333,0.2466666666666667
pm = 0.05,44,18,60813.0,-3377868.78,17121,60813,0.3913395555555556,0.21999999999999997
pm = 0.05,44,19,61256.0,-1960027.8266666667,16842,61256,0.3873955555555557,0.1466666666666666
pm = 0.05,44,20,62749.0,-3644118.4,17673,62749,0.3873768888888888,0.24
pm = 0.05,44,21,62749.0,-3226722.96,17673,62749,0.3844862222222222,0.22666666666666668
pm = 0.05,44,22,63021.0,-3428686.54,17127,63021,0.3943395555555556,0.18000000000000005
pm = 0.05,44,23,63021.0,-3514445.6,17127,63021,0.3943342222222222,0.23333333333333328
pm = 0.05,44,24,63163.0,-3337141.1066666665,16731,63163,0.392528,0.23333333333333328
pm = 0.05,44,25,63163.0,-4555286.44,16731,63163,0.3924124444444446,0.21333333333333337
pm = 0.05,44,26,63428.0,-3865051.8466666667,17586,63428,0.38346488888888913,0.20666666666666667
pm = 0.05,44,27,64774.0,-2981276.92,17658,64774,0.3690355555555557,0.19999999999999996
pm = 0.05,44,28,64774.0,-4783376.793333333,17658,64774,0.35834222222222245,0.28
pm = 0.05,44,29,64774.0,-3763117.7733333334,17658,64774,0.3644142222222223,0.2533333333333333
pm = 0.05,44,30,64774.0,-3720190.066666667,17658,64774,0.3701208888888889,0.2466666666666667
pm = 0.05,44,31,64774.0,-1859113.74,17658,64774,0.3716560000000001,0.21333333333333337
pm = 0.05,44,32,64774.0,-3086033.933333333,17658,64774,0.36704888888888904,0.18666666666666665
pm = 0.05,44,33,64774.0,-4735511.273333333,17658,64774,0.366968,0.21999999999999997
pm = 0.05,44,34,64774.0,-3284584.9,17658,64774,0.36185155555555554,0.16666666666666663
pm = 0.05,44,35,64774.0,-3786241.94,17658,64774,0.36066933333333323,0.18000000000000005
pm = 0.05,44,36,64774.0,-5060798.82,17658,64774,0.3633982222222222,0.2533333333333333
pm = 0.05,44,37,64774.0,-3071504.1,17658,64774,0.3514595555555555,0.18666666666666665
pm = 0.05,44,38,64774.0,-3057202.02,17658,64774,0.33827466666666667,0.22666666666666668
pm = 0.05,44,39,64774.0,-4744558.866666666,17658,64774,0.3479831111111112,0.26
pm = 0.05,44,40,64774.0,-3435374.473333333,17658,64774,0.3528986666666665,0.26
pm = 0.05,44,41,64774.0,-4029128.3533333335,17658,64774,0.3580311111111112,0.22666666666666668
pm = 0.05,44,42,64774.0,-3334973.486666667,17658,64774,0.35135644444444436,0.23333333333333328
pm = 0.05,44,43,64774.0,-5325020.473333334,17658,64774,0.35240533333333324,0.22666666666666668
pm = 0.05,44,44,64774.0,-3684328.94,17658,64774,0.34911644444444456,0.24
pm = 0.05,44,45,64774.0,-2911922.6333333333,17658,64774,0.35358577777777767,0.19333333333333336
pm = 0.05,44,46,64774.0,-4365293.926666667,17658,64774,0.3521964444444444,0.23333333333333328
pm = 0.05,44,47,64774.0,-5172226.093333334,17658,64774,0.3518524444444442,0.2533333333333333
pm = 0.05,44,48,64774.0,-5524456.166666667,17658,64774,0.3393804444444445,0.2466666666666667
pm = 0.05,44,49,64774.0,-4487993.8,17658,64774,0.3373368888888888,0.24
pm = 0.05,44,50,64774.0,-5575435.68,17658,64774,0.3446248888888889,0.28
pm = 0.05,44,51,64774.0,-4760051.953333333,17658,64774,0.34327288888888885,0.2866666666666666
pm = 0.05,44,52,64774.0,-3480308.74,17658,64774,0.3402017777777778,0.24
pm = 0.05,44,53,64916.0,-5024090.033333333,17262,64916,0.329592888888889,0.21333333333333337
pm = 0.05,44,54,64916.0,-2735588.8066666666,17262,64916,0.32374044444444466,0.21333333333333337
pm = 0.05,44,55,64916.0,-4979782.153333333,17262,64916,0.3305804444444444,0.2466666666666667
pm = 0.05,44,56,64916.0,-4047822.4266666668,17262,64916,0.3268826666666667,0.23333333333333328
pm = 0.05,44,57,64916.0,-3392555.88,17262,64916,0.3224204444444447,0.19333333333333336
pm = 0.05,44,58,64916.0,-2503748.493333333,17262,64916,0.3264568888888888,0.16666666666666663
pm = 0.05,44,59,64916.0,-3710615.78,17262,64916,0.3245697777777778,0.2733333333333333
pm = 0.05,44,60,64916.0,-3005417.06,17262,64916,0.3278124444444444,0.19333333333333336
pm = 0.05,44,61,64916.0,-5030719.886666667,17262,64916,0.3236106666666667,0.28
pm = 0.05,44,62,64916.0,-2946458.533333333,17262,64916,0.33131111111111095,0.18666666666666665
pm = 0.05,44,63,64916.0,-4945495.46,17262,64916,0.33316888888888885,0.2733333333333333
pm = 0.05,44,64,64916.0,-4004349.566666667,17262,64916,0.3408542222222223,0.19999999999999996
pm = 0.05,44,65,65034.0,-4074096.16,17358,65034,0.3342444444444444,0.2466666666666667
pm = 0.05,44,66,65034.0,-4406399.213333333,17358,65034,0.3327377777777778,0.16666666666666663
pm = 0.05,44,67,65034.0,-3262063.8733333335,17358,65034,0.3352400000000001,0.23333333333333328
pm = 0.05,44,68,65034.0,-2871122.2266666666,17358,65034,0.33804088888888884,0.16000000000000003
pm = 0.05,44,69,65034.0,-4318755.56,17358,65034,0.32720355555555547,0.19999999999999996
pm = 0.05,44,70,65034.0,-4014923.6533333333,17358,65034,0.3441297777777779,0.2533333333333333
pm = 0.05,44,71,65034.0,-3549360.466666667,17358,65034,0.3579573333333332,0.20666666666666667
pm = 0.05,44,72,65034.0,-4462616.753333333,17358,65034,0.35189066666666674,0.24
pm = 0.05,44,73,65034.0,-5294087.546666667,17358,65034,0.35479822222222235,0.2666666666666667
pm = 0.05,44,74,65034.0,-4733550.12,17358,65034,0.36221511111111115,0.21999999999999997
pm = 0.05,44,75,65034.0,-3863225.7933333335,17358,65034,0.35358755555555554,0.23333333333333328
pm = 0.05,44,76,65034.0,-4276924.446666666,17358,65034,0.35223022222222206,0.22666666666666668
pm = 0.05,44,77,65034.0,-2146788.1933333334,17358,65034,0.3469413333333335,0.16000000000000003
pm = 0.05,44,78,65034.0,-4172570.5,17358,65034,0.34165422222222225,0.23333333333333328
pm = 0.05,44,79,65034.0,-4298039.64,17358,65034,0.33227911111111114,0.2666666666666667
pm = 0.05,44,80,65034.0,-4660487.506666667,17358,65034,0.3394773333333334,0.21333333333333337
pm = 0.05,44,81,65034.0,-4746841.273333333,17358,65034,0.3103928888888891,0.21333333333333337
pm = 0.05,44,82,65034.0,-3185709.94,17358,65034,0.30447555555555544,0.20666666666666667
pm = 0.05,44,83,65034.0,-4007479.6133333333,17358,65034,0.3045937777777778,0.29333333333333333
pm = 0.05,44,84,65034.0,-2700605.34,17358,65034,0.30950044444444447,0.21333333333333337
pm = 0.05,44,85,65152.0,-2554376.7333333334,17454,65152,0.3132053333333335,0.22666666666666668
pm = 0.05,44,86,65152.0,-3073024.533333333,17454,65152,0.3126097777777777,0.23333333333333328
pm = 0.05,44,87,65152.0,-3661735.566666667,17454,65152,0.3323244444444444,0.2466666666666667
pm = 0.05,44,88,65152.0,-3683780.433333333,17454,65152,0.3425022222222222,0.21999999999999997
pm = 0.05,44,89,65152.0,-4961954.533333333,17454,65152,0.3503511111111112,0.2666666666666667
pm = 0.05,44,90,65152.0,-3350721.6,17454,65152,0.3676026666666666,0.17333333333333334
pm = 0.05,44,91,65465.0,-5690326.153333333,17325,65465,0.36244888888888893,0.2866666666666666
pm = 0.05,44,92,65465.0,-3404162.18,17325,65465,0.3486684444444446,0.16666666666666663
pm = 0.05,44,93,65465.0,-4139077.466666667,17325,65465,0.35023822222222223,0.23333333333333328
pm = 0.05,44,94,65465.0,-3431762.16,17325,65465,0.336512888888889,0.18666666666666665
pm = 0.05,44,95,65465.0,-3151118.1533333333,17325,65465,0.3301475555555556,0.18666666666666665
pm = 0.05,44,96,65465.0,-3135008.933333333,17325,65465,0.3316222222222223,0.18000000000000005
pm = 0.05,44,97,65465.0,-4220582.2,17325,65465,0.33531555555555564,0.20666666666666667
pm = 0.05,44,98,65465.0,-2741168.7133333334,17325,65465,0.33933688888888885,0.18000000000000005
pm = 0.05,44,99,65465.0,-5087276.546666667,17325,65465,0.33663466666666664,0.2466666666666667
pm = 0.05,44,100,65465.0,-4518729.073333333,17325,65465,0.3457102222222223,0.2733333333333333
pm = 0.05,44,101,65465.0,-3491950.8266666667,17325,65465,0.347904,0.2533333333333333
pm = 0.05,44,102,65465.0,-3096549.5,17325,65465,0.35458133333333336,0.21333333333333337
pm = 0.05,44,103,65465.0,-3423974.58,17325,65465,0.3586559999999999,0.20666666666666667
pm = 0.05,44,104,65465.0,-3636659.2066666665,17325,65465,0.35543733333333344,0.2533333333333333
pm = 0.05,44,105,65465.0,-3016600.28,17325,65465,0.3467386666666667,0.24
pm = 0.05,44,106,65465.0,-4020519.2333333334,17325,65465,0.34377688888888897,0.19999999999999996
pm = 0.05,44,107,65465.0,-3141792.506666667,17325,65465,0.33203466666666676,0.20666666666666667
pm = 0.05,44,108,65465.0,-3686326.3666666667,17325,65465,0.3321617777777777,0.22666666666666668
pm = 0.05,44,109,65465.0,-3510614.033333333,17325,65465,0.330448,0.22666666666666668
pm = 0.05,44,110,65465.0,-3438853.7266666666,17325,65465,0.33921333333333337,0.20666666666666667
pm = 0.05,44,111,65465.0,-4003853.22,17325,65465,0.33750222222222215,0.18000000000000005
pm = 0.05,44,112,65465.0,-3633866.966666667,17325,65465,0.3376559999999999,0.16666666666666663
pm = 0.05,44,113,65465.0,-3172234.56,17325,65465,0.32524355555555556,0.23333333333333328
pm = 0.05,44,114,65465.0,-3105866.6733333333,17325,65465,0.3312186666666667,0.23333333333333328
pm = 0.05,44,115,65465.0,-3926008.7466666666,17325,65465,0.33422399999999997,0.23333333333333328
pm = 0.05,44,116,65465.0,-3420761.1266666665,17325,65465,0.3368302222222222,0.21999999999999997
pm = 0.05,44,117,65465.0,-4412005.1,17325,65465,0.3390568888888888,0.19999999999999996
pm = 0.05,44,118,65465.0,-4052572.4066666667,17325,65465,0.33849955555555544,0.26
pm = 0.05,44,119,65465.0,-3241492.2333333334,17325,65465,0.3411768888888889,0.20666666666666667
pm = 0.05,44,120,65465.0,-4702260.326666667,17325,65465,0.34132444444444443,0.29333333333333333
pm = 0.05,44,121,65465.0,-3860390.16,17325,65465,0.3378906666666666,0.23333333333333328
pm = 0.05,44,122,65465.0,-3599285.3733333335,17325,65465,0.34446311111111105,0.19999999999999996
pm = 0.05,44,123,65465.0,-3511594.8533333335,17325,65465,0.3436302222222222,0.19999999999999996
pm = 0.05,44,124,65465.0,-4933467.52,17325,65465,0.337888,0.23333333333333328
pm = 0.05,44,125,65465.0,-2698166.1733333333,17325,65465,0.33166399999999996,0.20666666666666667
pm = 0.05,44,126,65465.0,-3027639.3733333335,17325,65465,0.3320284444444445,0.18666666666666665
pm = 0.05,44,127,65465.0,-4460489.92,17325,65465,0.33029155555555556,0.2733333333333333
pm = 0.05,44,128,65465.0,-5411105.466666667,17325,65465,0.31718933333333343,0.2866666666666666
pm = 0.05,44,129,65465.0,-3706756.4066666667,17325,65465,0.31980622222222216,0.22666666666666668
pm = 0.05,44,130,65465.0,-2314673.8066666666,17325,65465,0.3285013333333335,0.19333333333333336
pm = 0.05,44,131,65465.0,-3144871.7466666666,17325,65465,0.33041511111111105,0.18000000000000005
pm = 0.05,44,132,65465.0,-4242506.94,17325,65465,0.3397591111111111,0.22666666666666668
pm = 0.05,44,133,65465.0,-4147545.9266666668,17325,65465,0.34751466666666664,0.24
pm = 0.05,44,134,65465.0,-4114627.3133333335,17325,65465,0.33718488888888887,0.24
pm = 0.05,44,135,65465.0,-4894709.073333333,17325,65465,0.3502595555555555,0.2866666666666666
pm = 0.05,44,136,65465.0,-3879070.6066666665,17325,65465,0.35228800000000005,0.2533333333333333
pm = 0.05,44,137,65465.0,-4365507.22,17325,65465,0.3423991111111112,0.2466666666666667
pm = 0.05,44,138,65465.0,-3737923.9266666668,17325,65465,0.3378604444444444,0.21333333333333337
pm = 0.05,44,139,65465.0,-4114842.0933333333,17325,65465,0.32943199999999995,0.20666666666666667
pm = 0.05,44,140,65465.0,-3311043.3,17325,65465,0.30988444444444446,0.19333333333333336
pm = 0.05,44,141,65465.0,-4411661.226666667,17325,65465,0.3204906666666667,0.23333333333333328
pm = 0.05,44,142,65465.0,-1146948.5533333332,17325,65465,0.3159911111111111,0.12
pm = 0.05,44,143,65465.0,-2791332.2133333334,17325,65465,0.3239226666666668,0.17333333333333334
pm = 0.05,44,144,65465.0,-2639793.3333333335,17325,65465,0.3216782222222224,0.21999999999999997
pm = 0.05,44,145,65465.0,-3326940.466666667,17325,65465,0.3177920000000001,0.20666666666666667
pm = 0.05,44,146,65465.0,-3272116.8533333335,17325,65465,0.3232266666666668,0.2466666666666667
pm = 0.05,44,147,65465.0,-4141921.3333333335,17325,65465,0.3314897777777778,0.23333333333333328
pm = 0.05,44,148,65465.0,-3215835.1,17325,65465,0.3348080000000001,0.19999999999999996
pm = 0.05,44,149,65465.0,-2615864.9,17325,65465,0.33745511111111115,0.19999999999999996
pm = 0.05,44,150,65465.0,-5102132.673333333,17325,65465,0.33599288888888895,0.26
pm = 0.05,44,151,65465.0,-3195864.3333333335,17325,65465,0.3397208888888889,0.24
pm = 0.05,44,152,65465.0,-2349253.3866666667,17325,65465,0.3472293333333336,0.21333333333333337
pm = 0.05,44,153,65819.0,-3481903.6666666665,17613,65819,0.35179377777777787,0.2466666666666667
pm = 0.05,44,154,65819.0,-2644865.3533333335,17613,65819,0.350559111111111,0.19999999999999996
pm = 0.05,44,155,65819.0,-2879731.1733333333,17613,65819,0.3483902222222221,0.19333333333333336
pm = 0.05,44,156,65819.0,-3367902.92,17613,65819,0.34766400000000014,0.22666666666666668
pm = 0.05,44,157,65819.0,-2354246.86,17613,65819,0.3498826666666667,0.18666666666666665
pm = 0.05,44,158,65819.0,-3482671.2733333334,17613,65819,0.3566595555555555,0.2533333333333333
pm = 0.05,44,159,65819.0,-2871317.9,17613,65819,0.35749333333333333,0.19333333333333336
pm = 0.05,44,160,65819.0,-3876245.4266666668,17613,65819,0.3522346666666667,0.17333333333333334
pm = 0.05,44,161,65819.0,-5347068.986666666,17613,65819,0.3524728888888889,0.30666666666666664
pm = 0.05,44,162,65819.0,-2971092.1333333333,17613,65819,0.3547555555555557,0.19333333333333336
pm = 0.05,44,163,65819.0,-3787114.7466666666,17613,65819,0.3512764444444445,0.2666666666666667
pm = 0.05,44,164,65819.0,-2654583.553333333,17613,65819,0.34778933333333323,0.16666666666666663
pm = 0.05,44,165,65819.0,-3400988.0,17613,65819,0.3459253333333332,0.23333333333333328
pm = 0.05,44,166,65819.0,-4703830.386666667,17613,65819,0.35269955555555543,0.2666666666666667
pm = 0.05,44,167,65819.0,-4355146.08,17613,65819,0.35126044444444465,0.2533333333333333
pm = 0.05,44,168,65819.0,-3302252.2866666666,17613,65819,0.3462293333333335,0.19333333333333336
pm = 0.05,44,169,65819.0,-3695636.986666667,17613,65819,0.346264888888889,0.21333333333333337
pm = 0.05,44,170,65819.0,-4404947.34,17613,65819,0.34680622222222235,0.28
pm = 0.05,44,171,65819.0,-3414391.58,17613,65819,0.3477395555555557,0.22666666666666668
pm = 0.05,44,172,65819.0,-1919653.1066666667,17613,65819,0.3420977777777779,0.15333333333333332
pm = 0.05,44,173,65819.0,-2346479.3066666666,17613,65819,0.34171377777777784,0.17333333333333334
pm = 0.05,44,174,65819.0,-3318256.68,17613,65819,0.3381120000000001,0.19999999999999996
pm = 0.05,44,175,65819.0,-3361631.1066666665,17613,65819,0.33619644444444463,0.19999999999999996
pm = 0.05,44,176,65819.0,-3102214.9133333336,17613,65819,0.33723200000000014,0.19333333333333336
pm = 0.05,44,177,65819.0,-3290193.5866666664,17613,65819,0.33600888888888897,0.19333333333333336
pm = 0.05,44,178,65819.0,-4367327.453333333,17613,65819,0.33947822222222224,0.2533333333333333
pm = 0.05,44,179,65819.0,-4828615.42,17613,65819,0.3459964444444445,0.21999999999999997
pm = 0.05,44,180,65819.0,-2701920.2266666666,17613,65819,0.3516479999999999,0.16666666666666663
pm = 0.05,44,181,65819.0,-2281372.44,17613,65819,0.35249866666666674,0.18000000000000005
pm = 0.05,44,182,65819.0,-3311938.3133333335,17613,65819,0.35394222222222216,0.2466666666666667
pm = 0.05,44,183,65819.0,-2401608.04,17613,65819,0.35322577777777764,0.19999999999999996
pm = 0.05,44,184,65819.0,-4140514.1466666665,17613,65819,0.3522826666666666,0.22666666666666668
pm = 0.05,44,185,65819.0,-4378469.76,17613,65819,0.3617226666666668,0.24
pm = 0.05,44,186,65819.0,-2649694.2866666666,17613,65819,0.3583004444444445,0.20666666666666667
pm = 0.05,44,187,65819.0,-3357186.1733333333,17613,65819,0.3514897777777779,0.20666666666666667
pm = 0.05,44,188,65819.0,-5071786.826666667,17613,65819,0.34762666666666675,0.28
pm = 0.05,44,189,65819.0,-4602858.106666666,17613,65819,0.35254311111111114,0.21333333333333337
pm = 0.05,44,190,65819.0,-4337245.626666667,17613,65819,0.35142844444444465,0.23333333333333328
pm = 0.05,44,191,65819.0,-4829224.1,17613,65819,0.34733511111111104,0.2533333333333333
pm = 0.05,44,192,65819.0,-2653398.2933333335,17613,65819,0.3565946666666667,0.21999999999999997
pm = 0.05,44,193,65819.0,-3703027.1066666665,17613,65819,0.35635555555555554,0.21333333333333337
pm = 0.05,44,194,65819.0,-3878887.553333333,17613,65819,0.3605253333333334,0.19999999999999996
pm = 0.05,44,195,65819.0,-4106576.6266666665,17613,65819,0.3567617777777778,0.2666666666666667
pm = 0.05,44,196,65819.0,-4169886.8,17613,65819,0.3595386666666666,0.21333333333333337
pm = 0.05,44,197,65819.0,-4186681.8,17613,65819,0.358032,0.26
pm = 0.05,44,198,65819.0,-3362789.8066666666,17613,65819,0.3619857777777779,0.19999999999999996
pm = 0.05,44,199,65819.0,-3784161.2533333334,17613,65819,0.3572506666666667,0.26
pm = 0.05,44,200,65819.0,-2926491.3333333335,17613,65819,0.3690782222222224,0.23333333333333328
pm = 0.05,45,0,51191.0,-22634740.36,15687,51191,0.49700977777777744,0.5933333333333333
pm = 0.05,45,1,52908.0,-9081030.88,16956,52908,0.49241422222222214,0.3733333333333333
pm = 0.05,45,2,53599.0,-3870569.58,16623,53599,0.4857297777777776,0.18666666666666665
pm = 0.05,45,3,54509.0,-4948373.273333333,15573,54509,0.4756346666666667,0.26
pm = 0.05,45,4,57483.0,-3863062.1,17481,57483,0.46368444444444457,0.21999999999999997
pm = 0.05,45,5,57483.0,-3688596.966666667,17481,57483,0.44179199999999996,0.21999999999999997
pm = 0.05,45,6,57483.0,-3105878.02,17481,57483,0.4317253333333334,0.21999999999999997
pm = 0.05,45,7,59833.0,-2937782.066666667,17091,59833,0.42297244444444443,0.19999999999999996
pm = 0.05,45,8,59833.0,-3707711.486666667,17091,59833,0.4158639999999999,0.19333333333333336
pm = 0.05,45,9,59833.0,-3209846.5733333332,17091,59833,0.4127555555555555,0.18666666666666665
pm = 0.05,45,10,61220.0,-3952455.7066666665,17580,61220,0.4089155555555554,0.21333333333333337
pm = 0.05,45,11,61220.0,-4117751.76,17580,61220,0.3998293333333335,0.23333333333333328
pm = 0.05,45,12,62024.0,-4153687.8333333335,16188,62024,0.392439111111111,0.21333333333333337
pm = 0.05,45,13,62024.0,-4872521.793333333,16188,62024,0.38367466666666666,0.23333333333333328
pm = 0.05,45,14,62224.0,-4159773.2866666666,17118,62224,0.3877511111111111,0.24
pm = 0.05,45,15,62224.0,-3154576.9066666667,17118,62224,0.39256444444444455,0.21333333333333337
pm = 0.05,45,16,62224.0,-2383550.14,17118,62224,0.39358222222222217,0.15333333333333332
pm = 0.05,45,17,62378.0,-4370869.573333333,16476,62378,0.38871999999999984,0.22666666666666668
pm = 0.05,45,18,62378.0,-3009861.446666667,16476,62378,0.3846515555555557,0.21333333333333337
pm = 0.05,45,19,62484.0,-3917427.1733333333,16818,62484,0.3719493333333335,0.20666666666666667
pm = 0.05,45,20,63110.0,-3278195.1466666665,16560,63110,0.37632444444444446,0.21333333333333337
pm = 0.05,45,21,64916.0,-3701528.94,17262,64916,0.3685413333333332,0.26
pm = 0.05,45,22,64916.0,-2176682.56,17262,64916,0.36104088888888897,0.14
pm = 0.05,45,23,64916.0,-4648114.026666666,17262,64916,0.35997066666666666,0.2466666666666667
pm = 0.05,45,24,64916.0,-3963750.3933333335,17262,64916,0.35763111111111123,0.17333333333333334
pm = 0.05,45,25,64916.0,-2726470.5733333332,17262,64916,0.3591973333333335,0.16000000000000003
pm = 0.05,45,26,64916.0,-3671920.16,17262,64916,0.3587822222222223,0.23333333333333328
pm = 0.05,45,27,64916.0,-3081603.1133333333,17262,64916,0.3532568888888889,0.19999999999999996
pm = 0.05,45,28,64916.0,-1942448.3933333333,17262,64916,0.3468017777777779,0.1333333333333333
pm = 0.05,45,29,64916.0,-2129762.3133333335,17262,64916,0.3442435555555554,0.19333333333333336
pm = 0.05,45,30,64916.0,-4319188.513333334,17262,64916,0.33973866666666674,0.23333333333333328
pm = 0.05,45,31,64916.0,-3609835.466666667,17262,64916,0.3491920000000001,0.21333333333333337
pm = 0.05,45,32,64916.0,-3068008.506666667,17262,64916,0.3459973333333334,0.20666666666666667
pm = 0.05,45,33,64916.0,-2090069.1733333333,17262,64916,0.34868888888888877,0.1466666666666666
pm = 0.05,45,34,64916.0,-4135013.7666666666,17262,64916,0.3420657777777778,0.23333333333333328
pm = 0.05,45,35,64916.0,-4239422.013333334,17262,64916,0.3392960000000002,0.21999999999999997
pm = 0.05,45,36,64916.0,-5011161.16,17262,64916,0.35190844444444447,0.26
pm = 0.05,45,37,64916.0,-3210689.2133333334,17262,64916,0.35244888888888887,0.21333333333333337
pm = 0.05,45,38,64916.0,-3766418.6,17262,64916,0.3446044444444445,0.19999999999999996
pm = 0.05,45,39,64916.0,-3794874.12,17262,64916,0.34254577777777784,0.23333333333333328
pm = 0.05,45,40,64916.0,-2499279.2133333334,17262,64916,0.33251377777777785,0.21333333333333337
pm = 0.05,45,41,64916.0,-4506323.033333333,17262,64916,0.3284560000000002,0.23333333333333328
pm = 0.05,45,42,64916.0,-4003573.5866666664,17262,64916,0.3344177777777778,0.2466666666666667
pm = 0.05,45,43,64916.0,-3502092.493333333,17262,64916,0.3421555555555556,0.21999999999999997
pm = 0.05,45,44,64916.0,-4231063.893333334,17262,64916,0.3501093333333333,0.24
pm = 0.05,45,45,64916.0,-6042143.946666666,17262,64916,0.34808000000000017,0.30000000000000004
pm = 0.05,45,46,64916.0,-4323406.273333333,17262,64916,0.3480400000000002,0.21333333333333337
pm = 0.05,45,47,64916.0,-2493964.026666667,17262,64916,0.35855022222222227,0.19333333333333336
pm = 0.05,45,48,64916.0,-3656236.64,17262,64916,0.3564035555555556,0.17333333333333334
pm = 0.05,45,49,64916.0,-3091392.3133333335,17262,64916,0.3564497777777778,0.17333333333333334
pm = 0.05,45,50,64916.0,-2162326.78,17262,64916,0.3501937777777778,0.21333333333333337
pm = 0.05,45,51,64916.0,-3357094.046666667,17262,64916,0.34633866666666663,0.18666666666666665
pm = 0.05,45,52,64940.0,-2643709.5,16770,64940,0.33915111111111107,0.17333333333333334
pm = 0.05,45,53,64940.0,-3823725.993333333,16770,64940,0.34689511111111104,0.21333333333333337
pm = 0.05,45,54,64940.0,-3654250.38,16770,64940,0.3576195555555556,0.21999999999999997
pm = 0.05,45,55,64940.0,-3891678.526666667,16770,64940,0.3560906666666667,0.19999999999999996
pm = 0.05,45,56,64940.0,-4004416.18,16770,64940,0.35167022222222216,0.21999999999999997
pm = 0.05,45,57,64940.0,-4998132.4,16770,64940,0.3485306666666667,0.2866666666666666
pm = 0.05,45,58,64940.0,-3067620.1133333333,16770,64940,0.340287111111111,0.22666666666666668
pm = 0.05,45,59,64940.0,-3252341.0,16770,64940,0.33236533333333335,0.20666666666666667
pm = 0.05,45,60,64940.0,-4418692.713333333,16770,64940,0.32167999999999997,0.2466666666666667
pm = 0.05,45,61,65270.0,-2758726.993333333,17550,65270,0.3304675555555554,0.21333333333333337
pm = 0.05,45,62,65270.0,-3512048.3733333335,17550,65270,0.3339093333333333,0.23333333333333328
pm = 0.05,45,63,65270.0,-3466199.493333333,17550,65270,0.33511999999999986,0.19999999999999996
pm = 0.05,45,64,65270.0,-4413419.366666666,17550,65270,0.33825066666666664,0.30666666666666664
pm = 0.05,45,65,65270.0,-4308970.773333333,17550,65270,0.33166399999999996,0.24
pm = 0.05,45,66,65270.0,-3054950.48,17550,65270,0.33416711111111114,0.18666666666666665
pm = 0.05,45,67,65270.0,-1782908.14,17550,65270,0.33387288888888883,0.14
pm = 0.05,45,68,65270.0,-2285730.3133333335,17550,65270,0.33474399999999993,0.20666666666666667
pm = 0.05,45,69,65270.0,-4340411.566666666,17550,65270,0.3466897777777776,0.24
pm = 0.05,45,70,65270.0,-3698524.7266666666,17550,65270,0.3500097777777779,0.23333333333333328
pm = 0.05,45,71,65270.0,-4604472.013333334,17550,65270,0.35672266666666663,0.21333333333333337
pm = 0.05,45,72,65270.0,-3240165.78,17550,65270,0.3586435555555556,0.22666666666666668
pm = 0.05,45,73,65270.0,-3401718.6333333333,17550,65270,0.3656631111111111,0.19333333333333336
pm = 0.05,45,74,65270.0,-4407639.1466666665,17550,65270,0.3540835555555556,0.2666666666666667
pm = 0.05,45,75,65270.0,-2936569.1666666665,17550,65270,0.3621973333333334,0.20666666666666667
pm = 0.05,45,76,65270.0,-4378138.213333333,17550,65270,0.34754488888888896,0.2533333333333333
pm = 0.05,45,77,65270.0,-3457811.66,17550,65270,0.33751555555555557,0.18000000000000005
pm = 0.05,45,78,65270.0,-4037232.5,17550,65270,0.32741333333333317,0.24
pm = 0.05,45,79,65270.0,-4032593.6933333334,17550,65270,0.3328231111111112,0.26
pm = 0.05,45,80,65270.0,-4722182.126666667,17550,65270,0.3365066666666667,0.33333333333333337
pm = 0.05,45,81,65270.0,-4425576.0,17550,65270,0.3439919999999999,0.23333333333333328
pm = 0.05,45,82,65270.0,-3632690.973333333,17550,65270,0.34496622222222234,0.2533333333333333
pm = 0.05,45,83,65270.0,-3125690.1333333333,17550,65270,0.3541120000000001,0.17333333333333334
pm = 0.05,45,84,65270.0,-4251186.486666666,17550,65270,0.3563164444444443,0.20666666666666667
pm = 0.05,45,85,65270.0,-3722105.1066666665,17550,65270,0.35214933333333326,0.17333333333333334
pm = 0.05,45,86,65270.0,-2894273.6866666665,17550,65270,0.35409777777777784,0.21999999999999997
pm = 0.05,45,87,65270.0,-4567883.346666667,17550,65270,0.35981244444444466,0.2866666666666666
pm = 0.05,45,88,65270.0,-3171918.066666667,17550,65270,0.35742933333333327,0.20666666666666667
pm = 0.05,45,89,65270.0,-2887024.953333333,17550,65270,0.3508497777777777,0.24
pm = 0.05,45,90,65270.0,-3844103.3066666666,17550,65270,0.3503742222222223,0.2533333333333333
pm = 0.05,45,91,65270.0,-3025303.8466666667,17550,65270,0.3540942222222222,0.2466666666666667
pm = 0.05,45,92,65270.0,-3413087.8866666667,17550,65270,0.35308533333333325,0.20666666666666667
pm = 0.05,45,93,65270.0,-2505366.5733333332,17550,65270,0.35552799999999996,0.1466666666666666
pm = 0.05,45,94,65270.0,-4788076.373333333,17550,65270,0.35584177777777776,0.21333333333333337
pm = 0.05,45,95,65270.0,-4580030.04,17550,65270,0.3489617777777777,0.30000000000000004
pm = 0.05,45,96,65270.0,-3795900.4133333336,17550,65270,0.35261422222222216,0.26
pm = 0.05,45,97,65270.0,-3495597.44,17550,65270,0.3596106666666668,0.21333333333333337
pm = 0.05,45,98,65270.0,-2817699.8933333335,17550,65270,0.3527884444444445,0.17333333333333334
pm = 0.05,45,99,65270.0,-5683807.06,17550,65270,0.34383288888888885,0.32666666666666666
pm = 0.05,45,100,65270.0,-4995779.046666667,17550,65270,0.35194755555555557,0.2533333333333333
pm = 0.05,45,101,65270.0,-4032523.26,17550,65270,0.34946133333333335,0.2466666666666667
pm = 0.05,45,102,65270.0,-3405074.0866666664,17550,65270,0.35623999999999995,0.19999999999999996
pm = 0.05,45,103,65270.0,-3005897.8666666667,17550,65270,0.3552222222222221,0.19999999999999996
pm = 0.05,45,104,65270.0,-2768515.02,17550,65270,0.35265777777777785,0.18000000000000005
pm = 0.05,45,105,65270.0,-3824984.066666667,17550,65270,0.32350577777777767,0.2666666666666667
pm = 0.05,45,106,65270.0,-2711331.02,17550,65270,0.3338711111111111,0.17333333333333334
pm = 0.05,45,107,65270.0,-4734351.933333334,17550,65270,0.33499555555555555,0.28
pm = 0.05,45,108,65270.0,-4258618.033333333,17550,65270,0.33519377777777776,0.2466666666666667
pm = 0.05,45,109,65270.0,-4158041.04,17550,65270,0.3286942222222223,0.28
pm = 0.05,45,110,65270.0,-2313413.553333333,17550,65270,0.3157368888888889,0.17333333333333334
pm = 0.05,45,111,65270.0,-5024021.953333333,17550,65270,0.31377244444444446,0.2466666666666667
pm = 0.05,45,112,65270.0,-4640210.453333333,17550,65270,0.3067688888888889,0.24
pm = 0.05,45,113,65270.0,-3294032.6733333333,17550,65270,0.3168186666666668,0.21333333333333337
pm = 0.05,45,114,65270.0,-4637851.506666667,17550,65270,0.3202177777777777,0.31999999999999995
pm = 0.05,45,115,65270.0,-4986044.286666667,17550,65270,0.32981244444444463,0.2666666666666667
pm = 0.05,45,116,65270.0,-6194914.466666667,17550,65270,0.3264124444444444,0.24
pm = 0.05,45,117,65270.0,-4620932.38,17550,65270,0.3309822222222223,0.24
pm = 0.05,45,118,65270.0,-4225156.273333333,17550,65270,0.3208257777777779,0.26
pm = 0.05,45,119,65270.0,-3860070.8466666667,17550,65270,0.3212204444444444,0.21999999999999997
pm = 0.05,45,120,65270.0,-2573811.2466666666,17550,65270,0.33204177777777777,0.19999999999999996
pm = 0.05,45,121,65270.0,-3324752.76,17550,65270,0.3321155555555555,0.21999999999999997
pm = 0.05,45,122,65270.0,-4194383.16,17550,65270,0.3358933333333334,0.22666666666666668
pm = 0.05,45,123,65270.0,-3850331.88,17550,65270,0.33577688888888885,0.21333333333333337
pm = 0.05,45,124,65270.0,-3148731.8866666667,17550,65270,0.3424666666666667,0.22666666666666668
pm = 0.05,45,125,65270.0,-3119766.02,17550,65270,0.342312,0.2466666666666667
pm = 0.05,45,126,65270.0,-3417535.1533333333,17550,65270,0.34315288888888884,0.21333333333333337
pm = 0.05,45,127,65270.0,-2316610.7666666666,17550,65270,0.3470942222222223,0.16666666666666663
pm = 0.05,45,128,65270.0,-3474307.7,17550,65270,0.34866488888888886,0.21333333333333337
pm = 0.05,45,129,65270.0,-5414808.64,17550,65270,0.35053333333333325,0.28
pm = 0.05,45,130,65270.0,-3652828.3,17550,65270,0.3550008888888891,0.22666666666666668
pm = 0.05,45,131,65270.0,-3545664.68,17550,65270,0.34879111111111105,0.20666666666666667
pm = 0.05,45,132,65270.0,-4582694.086666667,17550,65270,0.34379200000000004,0.28
pm = 0.05,45,133,65270.0,-3221061.36,17550,65270,0.3493626666666667,0.18000000000000005
pm = 0.05,45,134,65270.0,-3068341.6866666665,17550,65270,0.34808533333333314,0.21999999999999997
pm = 0.05,45,135,65270.0,-3647572.526666667,17550,65270,0.3500053333333332,0.28
pm = 0.05,45,136,65270.0,-2458634.8533333335,17550,65270,0.34580888888888894,0.18000000000000005
pm = 0.05,45,137,65896.0,-3641570.16,17292,65896,0.3450364444444445,0.20666666666666667
pm = 0.05,45,138,65896.0,-3242257.06,17292,65896,0.3422906666666667,0.2666666666666667
pm = 0.05,45,139,65896.0,-5920639.513333334,17292,65896,0.35094933333333345,0.2466666666666667
pm = 0.05,45,140,65896.0,-2923795.6466666665,17292,65896,0.36261244444444435,0.18000000000000005
pm = 0.05,45,141,65896.0,-3464383.52,17292,65896,0.36696977777777784,0.19999999999999996
pm = 0.05,45,142,65896.0,-4535041.673333333,17292,65896,0.35431111111111124,0.24
pm = 0.05,45,143,65896.0,-4155497.513333333,17292,65896,0.3530248888888889,0.24
pm = 0.05,45,144,65896.0,-4475095.113333333,17292,65896,0.34622311111111115,0.21999999999999997
pm = 0.05,45,145,65896.0,-4996330.806666667,17292,65896,0.349032,0.2466666666666667
pm = 0.05,45,146,65896.0,-3504451.16,17292,65896,0.35617511111111105,0.19333333333333336
pm = 0.05,45,147,65896.0,-4014436.993333333,17292,65896,0.3579866666666667,0.21333333333333337
pm = 0.05,45,148,65896.0,-3995222.3866666667,17292,65896,0.354904888888889,0.21333333333333337
pm = 0.05,45,149,65896.0,-2713280.68,17292,65896,0.3430026666666668,0.17333333333333334
pm = 0.05,45,150,65896.0,-4813855.62,17292,65896,0.34123466666666674,0.2866666666666666
pm = 0.05,45,151,65896.0,-2761318.52,17292,65896,0.34584355555555574,0.17333333333333334
pm = 0.05,45,152,65896.0,-5248998.453333333,17292,65896,0.3337173333333335,0.2733333333333333
pm = 0.05,45,153,65896.0,-3641070.7866666666,17292,65896,0.33492355555555564,0.2466666666666667
pm = 0.05,45,154,65896.0,-3043935.526666667,17292,65896,0.33048355555555553,0.19999999999999996
pm = 0.05,45,155,65896.0,-3508680.86,17292,65896,0.32401333333333343,0.22666666666666668
pm = 0.05,45,156,65896.0,-2985556.94,17292,65896,0.32706488888888896,0.19333333333333336
pm = 0.05,45,157,65896.0,-3259867.2666666666,17292,65896,0.3375662222222222,0.18666666666666665
pm = 0.05,45,158,65896.0,-2388939.1933333334,17292,65896,0.342032,0.18000000000000005
pm = 0.05,45,159,65896.0,-3879237.5933333333,17292,65896,0.33873955555555546,0.21333333333333337
pm = 0.05,45,160,65896.0,-2200881.3866666667,17292,65896,0.3294071111111112,0.16666666666666663
pm = 0.05,45,161,65896.0,-3792890.94,17292,65896,0.3197137777777779,0.23333333333333328
pm = 0.05,45,162,65896.0,-4382606.78,17292,65896,0.32770577777777776,0.2533333333333333
pm = 0.05,45,163,65896.0,-3639634.54,17292,65896,0.3226568888888889,0.24
pm = 0.05,45,164,65896.0,-3740287.3866666667,17292,65896,0.32867733333333327,0.21333333333333337
pm = 0.05,45,165,65896.0,-5379636.273333333,17292,65896,0.33245955555555556,0.2866666666666666
pm = 0.05,45,166,65896.0,-3848869.68,17292,65896,0.3311395555555556,0.2533333333333333
pm = 0.05,45,167,65896.0,-2790832.5866666664,17292,65896,0.32935733333333345,0.19999999999999996
pm = 0.05,45,168,65896.0,-2859209.0866666664,17292,65896,0.3319928888888889,0.16666666666666663
pm = 0.05,45,169,65896.0,-4548491.7,17292,65896,0.3338088888888889,0.29333333333333333
pm = 0.05,45,170,65896.0,-3484890.0,17292,65896,0.3408151111111113,0.21333333333333337
pm = 0.05,45,171,65896.0,-4698203.886666667,17292,65896,0.3345964444444445,0.19333333333333336
pm = 0.05,45,172,65896.0,-5025816.3133333335,17292,65896,0.3411528888888889,0.26
pm = 0.05,45,173,65896.0,-3339602.8266666667,17292,65896,0.33809866666666677,0.17333333333333334
pm = 0.05,45,174,65896.0,-3549703.6333333333,17292,65896,0.3356666666666666,0.21333333333333337
pm = 0.05,45,175,65896.0,-4745650.586666667,17292,65896,0.33616888888888874,0.2466666666666667
pm = 0.05,45,176,65896.0,-3839883.1333333333,17292,65896,0.33672266666666656,0.22666666666666668
pm = 0.05,45,177,65896.0,-2201762.88,17292,65896,0.33808533333333346,0.14
pm = 0.05,45,178,65896.0,-3471526.1,17292,65896,0.34902222222222223,0.22666666666666668
pm = 0.05,45,179,65896.0,-3834110.006666667,17292,65896,0.344759111111111,0.18000000000000005
pm = 0.05,45,180,65896.0,-3849072.566666667,17292,65896,0.34435377777777765,0.22666666666666668
pm = 0.05,45,181,66067.0,-3321032.16,17559,66067,0.3485706666666668,0.2466666666666667
pm = 0.05,45,182,66067.0,-3241857.5866666664,17559,66067,0.33311466666666667,0.21333333333333337
pm = 0.05,45,183,66067.0,-4554725.993333333,17559,66067,0.33729244444444456,0.26
pm = 0.05,45,184,66067.0,-3440562.6533333333,17559,66067,0.33918933333333334,0.18666666666666665
pm = 0.05,45,185,66067.0,-2559494.22,17559,66067,0.3385217777777778,0.21999999999999997
pm = 0.05,45,186,66067.0,-4808106.506666667,17559,66067,0.3323315555555556,0.2533333333333333
pm = 0.05,45,187,66067.0,-4165056.6666666665,17559,66067,0.3423564444444444,0.21999999999999997
pm = 0.05,45,188,66067.0,-4954660.513333334,17559,66067,0.33918399999999993,0.28
pm = 0.05,45,189,66067.0,-3154006.3866666667,17559,66067,0.33624000000000004,0.18666666666666665
pm = 0.05,45,190,66067.0,-2558339.5,17559,66067,0.33352977777777787,0.21999999999999997
pm = 0.05,45,191,66067.0,-3970412.2066666665,17559,66067,0.32689777777777784,0.21333333333333337
pm = 0.05,45,192,66067.0,-5233467.526666666,17559,66067,0.3315502222222223,0.23333333333333328
pm = 0.05,45,193,66067.0,-3856612.48,17559,66067,0.34057511111111105,0.21999999999999997
pm = 0.05,45,194,66067.0,-4022363.9133333336,17559,66067,0.33900533333333344,0.22666666666666668
pm = 0.05,45,195,66067.0,-3374102.76,17559,66067,0.3472764444444444,0.19333333333333336
pm = 0.05,45,196,66067.0,-4078930.3533333335,17559,66067,0.3372444444444445,0.21999999999999997
pm = 0.05,45,197,66067.0,-3712405.7733333334,17559,66067,0.33480533333333334,0.23333333333333328
pm = 0.05,45,198,66067.0,-2597247.1133333333,17559,66067,0.3217235555555557,0.16666666666666663
pm = 0.05,45,199,66067.0,-4913239.68,17559,66067,0.32524533333333344,0.2666666666666667
pm = 0.05,45,200,66067.0,-3337306.7866666666,17559,66067,0.33472088888888896,0.19999999999999996
pm = 0.05,46,0,51054.0,-18729384.1,17238,51054,0.4957777777777777,0.5066666666666666
pm = 0.05,46,1,51160.0,-5747222.566666666,17580,51160,0.48686044444444443,0.26
pm = 0.05,46,2,51160.0,-4476565.006666667,17580,51160,0.4751324444444443,0.2466666666666667
pm = 0.05,46,3,53799.0,-3436482.566666667,17553,53799,0.4603857777777777,0.19999999999999996
pm = 0.05,46,4,53799.0,-4092220.6933333334,17553,53799,0.45396622222222227,0.2666666666666667
pm = 0.05,46,5,55328.0,-2940284.0866666664,17646,55328,0.45325511111111105,0.22666666666666668
pm = 0.05,46,6,55848.0,-3738234.8733333335,17046,55848,0.4479226666666666,0.21999999999999997
pm = 0.05,46,7,56982.0,-2508616.94,16434,56982,0.44219199999999986,0.18666666666666665
pm = 0.05,46,8,58718.0,-2998079.32,16056,58718,0.43377777777777765,0.21333333333333337
pm = 0.05,46,9,59503.0,-3494644.14,16311,59503,0.430446222222222,0.16666666666666663
pm = 0.05,46,10,59715.0,-3579424.7466666666,16995,59715,0.41706044444444446,0.16000000000000003
pm = 0.05,46,11,61651.0,-3244934.3533333335,17547,61651,0.40412,0.16666666666666663
pm = 0.05,46,12,61651.0,-3447465.88,17547,61651,0.3878666666666667,0.21333333333333337
pm = 0.05,46,13,61651.0,-4309198.386666667,17547,61651,0.3773084444444445,0.2466666666666667
pm = 0.05,46,14,61651.0,-3530002.3,17547,61651,0.3785902222222224,0.21333333333333337
pm = 0.05,46,15,61651.0,-3822997.0,17547,61651,0.3725848888888891,0.20666666666666667
pm = 0.05,46,16,64107.0,-4992076.54,17499,64107,0.3727715555555555,0.23333333333333328
pm = 0.05,46,17,64107.0,-3760598.3066666666,17499,64107,0.37808444444444456,0.19999999999999996
pm = 0.05,46,18,64107.0,-2301863.6933333334,17499,64107,0.3830088888888889,0.19333333333333336
pm = 0.05,46,19,64107.0,-4726097.553333334,17499,64107,0.38649866666666666,0.2533333333333333
pm = 0.05,46,20,64107.0,-5128199.346666667,17499,64107,0.39143466666666676,0.26
pm = 0.05,46,21,64107.0,-2628186.9,17499,64107,0.39388444444444454,0.24
pm = 0.05,46,22,64107.0,-5599853.666666667,17499,64107,0.399488,0.31999999999999995
pm = 0.05,46,23,64107.0,-3447952.8533333335,17499,64107,0.40502933333333324,0.23333333333333328
pm = 0.05,46,24,64107.0,-2910819.64,17499,64107,0.3992319999999999,0.19333333333333336
pm = 0.05,46,25,64107.0,-3585189.4133333336,17499,64107,0.39420266666666653,0.24
pm = 0.05,46,26,64107.0,-2142823.433333333,17499,64107,0.39262844444444434,0.16666666666666663
pm = 0.05,46,27,64107.0,-4109494.96,17499,64107,0.3853475555555556,0.24
pm = 0.05,46,28,64107.0,-3523634.8466666667,17499,64107,0.3790871111111113,0.19999999999999996
pm = 0.05,46,29,64107.0,-5261887.986666666,17499,64107,0.3649333333333333,0.2666666666666667
pm = 0.05,46,30,64107.0,-4963170.533333333,17499,64107,0.3682293333333334,0.21999999999999997
pm = 0.05,46,31,64107.0,-3894726.16,17499,64107,0.366392888888889,0.2466666666666667
pm = 0.05,46,32,64107.0,-3643024.2666666666,17499,64107,0.3659342222222221,0.24
pm = 0.05,46,33,64485.0,-3857638.84,17295,64485,0.3629822222222222,0.20666666666666667
pm = 0.05,46,34,64485.0,-3331762.1466666665,17295,64485,0.3628711111111109,0.2466666666666667
pm = 0.05,46,35,64485.0,-3876019.993333333,17295,64485,0.3645893333333333,0.18666666666666665
pm = 0.05,46,36,64485.0,-3412523.2533333334,17295,64485,0.3613715555555555,0.21999999999999997
pm = 0.05,46,37,64485.0,-2889955.8466666667,17295,64485,0.36019111111111113,0.20666666666666667
pm = 0.05,46,38,64485.0,-3016675.78,17295,64485,0.3619368888888887,0.2666666666666667
pm = 0.05,46,39,64485.0,-3564017.6466666665,17295,64485,0.36600799999999994,0.22666666666666668
pm = 0.05,46,40,64485.0,-2789774.3666666667,17295,64485,0.36821600000000004,0.23333333333333328
pm = 0.05,46,41,64485.0,-2361192.033333333,17295,64485,0.35144977777777775,0.16666666666666663
pm = 0.05,46,42,64485.0,-3640210.6866666665,17295,64485,0.3396835555555556,0.22666666666666668
pm = 0.05,46,43,64485.0,-2657910.32,17295,64485,0.3409706666666667,0.16666666666666663
pm = 0.05,46,44,64485.0,-5072143.866666666,17295,64485,0.3494142222222221,0.24
pm = 0.05,46,45,64485.0,-4322208.14,17295,64485,0.3401048888888888,0.2466666666666667
pm = 0.05,46,46,64485.0,-4105407.38,17295,64485,0.35194311111111126,0.23333333333333328
pm = 0.05,46,47,64485.0,-3647698.46,17295,64485,0.34866044444444455,0.21999999999999997
pm = 0.05,46,48,64957.0,-3646940.1733333333,17679,64957,0.34076800000000007,0.19999999999999996
pm = 0.05,46,49,64957.0,-4360374.32,17679,64957,0.3343893333333336,0.2733333333333333
pm = 0.05,46,50,64957.0,-2680337.5,17679,64957,0.33833688888888885,0.18000000000000005
pm = 0.05,46,51,64957.0,-4092421.54,17679,64957,0.352160888888889,0.26
pm = 0.05,46,52,64957.0,-3296223.44,17679,64957,0.3456373333333333,0.20666666666666667
pm = 0.05,46,53,64957.0,-4983865.013333334,17679,64957,0.3276711111111111,0.26
pm = 0.05,46,54,64957.0,-2937983.546666667,17679,64957,0.34207377777777787,0.19333333333333336
pm = 0.05,46,55,64957.0,-2952029.7266666666,17679,64957,0.3376657777777777,0.19999999999999996
pm = 0.05,46,56,64957.0,-3276402.98,17679,64957,0.33558666666666676,0.20666666666666667
pm = 0.05,46,57,64957.0,-4720175.733333333,17679,64957,0.3470417777777779,0.20666666666666667
pm = 0.05,46,58,64957.0,-4478901.86,17679,64957,0.3495377777777779,0.24
pm = 0.05,46,59,64957.0,-3062476.3133333335,17679,64957,0.34937866666666656,0.18666666666666665
pm = 0.05,46,60,64957.0,-3598595.46,17679,64957,0.35105333333333344,0.21333333333333337
pm = 0.05,46,61,65335.0,-3556267.8,17475,65335,0.35346488888888905,0.19999999999999996
pm = 0.05,46,62,65335.0,-3939680.6666666665,17475,65335,0.35236977777777784,0.22666666666666668
pm = 0.05,46,63,65335.0,-2609681.52,17475,65335,0.3456000000000001,0.17333333333333334
pm = 0.05,46,64,65335.0,-2386267.546666667,17475,65335,0.33851555555555557,0.1466666666666666
pm = 0.05,46,65,65335.0,-2572730.3866666667,17475,65335,0.33525155555555564,0.15333333333333332
pm = 0.05,46,66,65335.0,-4735582.713333333,17475,65335,0.3405164444444445,0.28
pm = 0.05,46,67,65335.0,-3070502.16,17475,65335,0.354664888888889,0.18666666666666665
pm = 0.05,46,68,65335.0,-3408190.0933333333,17475,65335,0.35193955555555556,0.22666666666666668
pm = 0.05,46,69,65335.0,-2661457.0,17475,65335,0.34696266666666675,0.19999999999999996
pm = 0.05,46,70,65335.0,-4734789.653333333,17475,65335,0.34003377777777777,0.21999999999999997
pm = 0.05,46,71,65335.0,-2865772.1466666665,17475,65335,0.3367902222222224,0.18666666666666665
pm = 0.05,46,72,65335.0,-3441215.64,17475,65335,0.34396888888888866,0.18666666666666665
pm = 0.05,46,73,65335.0,-4888666.1866666665,17475,65335,0.34960533333333355,0.26
pm = 0.05,46,74,65335.0,-3327551.6266666665,17475,65335,0.3485377777777777,0.22666666666666668
pm = 0.05,46,75,65335.0,-4838604.946666666,17475,65335,0.3598426666666667,0.21999999999999997
pm = 0.05,46,76,65335.0,-3329592.36,17475,65335,0.3566773333333335,0.20666666666666667
pm = 0.05,46,77,65335.0,-2738013.7666666666,17475,65335,0.3408684444444445,0.20666666666666667
pm = 0.05,46,78,65335.0,-2488206.98,17475,65335,0.3345253333333333,0.17333333333333334
pm = 0.05,46,79,65335.0,-5155358.486666666,17475,65335,0.32779022222222226,0.26
pm = 0.05,46,80,65335.0,-4338519.3,17475,65335,0.33217422222222226,0.23333333333333328
pm = 0.05,46,81,65335.0,-4162444.7133333334,17475,65335,0.33366399999999996,0.2466666666666667
pm = 0.05,46,82,65335.0,-4651363.546666667,17475,65335,0.340504,0.30666666666666664
pm = 0.05,46,83,65335.0,-2456961.5733333332,17475,65335,0.3482604444444445,0.21333333333333337
pm = 0.05,46,84,65335.0,-3386561.8466666667,17475,65335,0.35902844444444443,0.21333333333333337
pm = 0.05,46,85,65335.0,-3655446.3066666666,17475,65335,0.3622524444444445,0.28
pm = 0.05,46,86,65335.0,-2997147.2666666666,17475,65335,0.3653102222222222,0.19999999999999996
pm = 0.05,46,87,65335.0,-3608035.2266666666,17475,65335,0.3657120000000002,0.19333333333333336
pm = 0.05,46,88,65335.0,-2817492.5866666664,17475,65335,0.34954133333333326,0.19999999999999996
pm = 0.05,46,89,65335.0,-2580432.42,17475,65335,0.34746311111111117,0.20666666666666667
pm = 0.05,46,90,65335.0,-4649871.693333333,17475,65335,0.3409404444444444,0.24
pm = 0.05,46,91,65335.0,-2171385.6733333333,17475,65335,0.34604088888888895,0.17333333333333334
pm = 0.05,46,92,65335.0,-2882485.6333333333,17475,65335,0.34866933333333344,0.15333333333333332
pm = 0.05,46,93,65335.0,-5007736.293333333,17475,65335,0.35811200000000004,0.26
pm = 0.05,46,94,65335.0,-3692814.0733333332,17475,65335,0.35034488888888893,0.23333333333333328
pm = 0.05,46,95,65335.0,-3335063.66,17475,65335,0.3518488888888889,0.21999999999999997
pm = 0.05,46,96,65335.0,-2805437.453333333,17475,65335,0.34573866666666675,0.21333333333333337
pm = 0.05,46,97,65335.0,-5649697.613333333,17475,65335,0.34839022222222227,0.2733333333333333
pm = 0.05,46,98,65335.0,-3949112.14,17475,65335,0.35827911111111105,0.20666666666666667
pm = 0.05,46,99,65335.0,-3391466.86,17475,65335,0.35356177777777764,0.24
pm = 0.05,46,100,65335.0,-3345004.28,17475,65335,0.3508062222222223,0.2666666666666667
pm = 0.05,46,101,65335.0,-2345775.466666667,17475,65335,0.33788622222222225,0.18000000000000005
pm = 0.05,46,102,65335.0,-3441685.6733333333,17475,65335,0.338264,0.20666666666666667
pm = 0.05,46,103,65335.0,-2646294.446666667,17475,65335,0.34319911111111123,0.16666666666666663
pm = 0.05,46,104,65335.0,-2629850.2266666666,17475,65335,0.34852088888888894,0.1466666666666666
pm = 0.05,46,105,65335.0,-2988115.56,17475,65335,0.34101422222222216,0.21999999999999997
pm = 0.05,46,106,65335.0,-3819838.2733333334,17475,65335,0.3380328888888889,0.2666666666666667
pm = 0.05,46,107,65335.0,-2847025.86,17475,65335,0.3344586666666665,0.21999999999999997
pm = 0.05,46,108,65335.0,-5307435.133333334,17475,65335,0.32600977777777795,0.2666666666666667
pm = 0.05,46,109,65335.0,-2605986.6133333333,17475,65335,0.3236897777777778,0.18666666666666665
pm = 0.05,46,110,65335.0,-4046230.5933333333,17475,65335,0.33138133333333336,0.22666666666666668
pm = 0.05,46,111,65335.0,-2891257.34,17475,65335,0.3369955555555557,0.18666666666666665
pm = 0.05,46,112,65335.0,-5223978.166666667,17475,65335,0.3428524444444445,0.2533333333333333
pm = 0.05,46,113,65335.0,-2699698.5933333333,17475,65335,0.34390755555555563,0.18666666666666665
pm = 0.05,46,114,65335.0,-4449640.926666667,17475,65335,0.34525955555555554,0.28
pm = 0.05,46,115,65335.0,-3479557.473333333,17475,65335,0.348016888888889,0.21999999999999997
pm = 0.05,46,116,65335.0,-5422192.82,17475,65335,0.3546284444444444,0.31333333333333335
pm = 0.05,46,117,65335.0,-3852655.52,17475,65335,0.35716444444444434,0.2533333333333333
pm = 0.05,46,118,65335.0,-3919361.9,17475,65335,0.3566853333333333,0.21999999999999997
pm = 0.05,46,119,65335.0,-4929749.206666667,17475,65335,0.3447573333333333,0.2866666666666666
pm = 0.05,46,120,65335.0,-3220653.433333333,17475,65335,0.3457137777777779,0.24
pm = 0.05,46,121,65335.0,-4267637.86,17475,65335,0.3453013333333332,0.2866666666666666
pm = 0.05,46,122,65335.0,-3819216.2133333334,17475,65335,0.3504657777777778,0.2466666666666667
pm = 0.05,46,123,65335.0,-2519137.466666667,17475,65335,0.35144533333333333,0.19333333333333336
pm = 0.05,46,124,65335.0,-3679886.9066666667,17475,65335,0.3419786666666667,0.21999999999999997
pm = 0.05,46,125,65335.0,-3436167.7066666665,17475,65335,0.34894755555555546,0.22666666666666668
pm = 0.05,46,126,65335.0,-2835090.6533333333,17475,65335,0.3532435555555554,0.18000000000000005
pm = 0.05,46,127,65335.0,-3442882.4266666668,17475,65335,0.3525253333333334,0.20666666666666667
pm = 0.05,46,128,65335.0,-3996423.7666666666,17475,65335,0.35403822222222225,0.2666666666666667
pm = 0.05,46,129,65335.0,-4487258.44,17475,65335,0.35378400000000004,0.26
pm = 0.05,46,130,65335.0,-3126192.54,17475,65335,0.35975999999999997,0.19999999999999996
pm = 0.05,46,131,65335.0,-3168088.7066666665,17475,65335,0.3630746666666668,0.19999999999999996
pm = 0.05,46,132,65335.0,-2571669.98,17475,65335,0.3554453333333334,0.17333333333333334
pm = 0.05,46,133,65335.0,-3638174.6066666665,17475,65335,0.3571902222222223,0.17333333333333334
pm = 0.05,46,134,65335.0,-3757088.5933333333,17475,65335,0.3505715555555556,0.22666666666666668
pm = 0.05,46,135,65335.0,-3951437.02,17475,65335,0.35416800000000004,0.24
pm = 0.05,46,136,65335.0,-2590100.0933333333,17475,65335,0.3450595555555557,0.18000000000000005
pm = 0.05,46,137,65335.0,-1921537.4266666668,17475,65335,0.33121155555555554,0.16000000000000003
pm = 0.05,46,138,65335.0,-3097487.2066666665,17475,65335,0.3334773333333333,0.2466666666666667
pm = 0.05,46,139,65335.0,-3298736.6466666665,17475,65335,0.3465200000000001,0.2466666666666667
pm = 0.05,46,140,65335.0,-3609445.566666667,17475,65335,0.3458293333333334,0.2533333333333333
pm = 0.05,46,141,65335.0,-3579367.2866666666,17475,65335,0.3542231111111112,0.21333333333333337
pm = 0.05,46,142,65335.0,-3702988.2533333334,17475,65335,0.3563457777777777,0.21333333333333337
pm = 0.05,46,143,65335.0,-4588918.84,17475,65335,0.3594062222222224,0.2666666666666667
pm = 0.05,46,144,65335.0,-3174311.6066666665,17475,65335,0.35588800000000004,0.18666666666666665
pm = 0.05,46,145,65335.0,-4659971.673333333,17475,65335,0.3512551111111111,0.29333333333333333
pm = 0.05,46,146,65335.0,-3812937.76,17475,65335,0.3445182222222221,0.19999999999999996
pm = 0.05,46,147,65335.0,-4833695.546666667,17475,65335,0.35046488888888905,0.23333333333333328
pm = 0.05,46,148,65335.0,-4402635.006666667,17475,65335,0.34772800000000004,0.19333333333333336
pm = 0.05,46,149,65335.0,-4045563.6066666665,17475,65335,0.3481804444444444,0.26
pm = 0.05,46,150,65335.0,-4605041.046666667,17475,65335,0.3439662222222223,0.2666666666666667
pm = 0.05,46,151,65335.0,-3833754.013333333,17475,65335,0.3357866666666669,0.19999999999999996
pm = 0.05,46,152,65335.0,-4327757.52,17475,65335,0.32487288888888877,0.21999999999999997
pm = 0.05,46,153,65335.0,-2748720.28,17475,65335,0.3291342222222221,0.20666666666666667
pm = 0.05,46,154,65335.0,-5085372.16,17475,65335,0.33803111111111117,0.2866666666666666
pm = 0.05,46,155,65335.0,-2320144.486666667,17475,65335,0.3520186666666666,0.14
pm = 0.05,46,156,65335.0,-4268394.86,17475,65335,0.34613155555555575,0.17333333333333334
pm = 0.05,46,157,65335.0,-3078805.46,17475,65335,0.34515022222222214,0.19333333333333336
pm = 0.05,46,158,65335.0,-3587387.54,17475,65335,0.3499288888888889,0.22666666666666668
pm = 0.05,46,159,65335.0,-2329376.8933333335,17475,65335,0.34622400000000014,0.19333333333333336
pm = 0.05,46,160,65335.0,-3167313.053333333,17475,65335,0.35624533333333325,0.19999999999999996
pm = 0.05,46,161,65335.0,-3745197.54,17475,65335,0.3586488888888889,0.2533333333333333
pm = 0.05,46,162,65335.0,-4057683.1266666665,17475,65335,0.3423644444444443,0.24
pm = 0.05,46,163,65335.0,-3112597.24,17475,65335,0.34126488888888884,0.23333333333333328
pm = 0.05,46,164,65335.0,-3912832.3466666667,17475,65335,0.32891111111111115,0.2666666666666667
pm = 0.05,46,165,65335.0,-2453036.86,17475,65335,0.32703288888888893,0.16000000000000003
pm = 0.05,46,166,65335.0,-3918698.0,17475,65335,0.32078399999999996,0.19333333333333336
pm = 0.05,46,167,65335.0,-2763676.3333333335,17475,65335,0.3280791111111111,0.21999999999999997
pm = 0.05,46,168,65335.0,-3375923.453333333,17475,65335,0.3319359999999999,0.22666666666666668
pm = 0.05,46,169,65335.0,-3581706.34,17475,65335,0.32749066666666665,0.21333333333333337
pm = 0.05,46,170,65335.0,-5585299.693333333,17475,65335,0.33030755555555574,0.26
pm = 0.05,46,171,65335.0,-4425903.286666667,17475,65335,0.339888,0.2666666666666667
pm = 0.05,46,172,65335.0,-3434133.6133333333,17475,65335,0.34469066666666687,0.24
pm = 0.05,46,173,65335.0,-3585292.56,17475,65335,0.33469511111111117,0.2533333333333333
pm = 0.05,46,174,65335.0,-4971173.946666666,17475,65335,0.34291999999999995,0.30666666666666664
pm = 0.05,46,175,65335.0,-3607001.5733333332,17475,65335,0.3473546666666668,0.19999999999999996
pm = 0.05,46,176,65335.0,-3962508.3266666667,17475,65335,0.3470906666666667,0.29333333333333333
pm = 0.05,46,177,65335.0,-3558704.5933333333,17475,65335,0.35751555555555553,0.26
pm = 0.05,46,178,65335.0,-3818887.86,17475,65335,0.3582515555555556,0.21999999999999997
pm = 0.05,46,179,65335.0,-2619345.3333333335,17475,65335,0.34151466666666663,0.19333333333333336
pm = 0.05,46,180,65335.0,-2398445.046666667,17475,65335,0.32630755555555546,0.16666666666666663
pm = 0.05,46,181,65335.0,-2614568.3466666667,17475,65335,0.3044524444444445,0.16666666666666663
pm = 0.05,46,182,65335.0,-4539529.54,17475,65335,0.31984711111111097,0.26
pm = 0.05,46,183,65335.0,-4562421.58,17475,65335,0.3218266666666669,0.28
pm = 0.05,46,184,65335.0,-3553341.1466666665,17475,65335,0.3306293333333335,0.21333333333333337
pm = 0.05,46,185,65335.0,-2395759.7266666666,17475,65335,0.323064,0.16666666666666663
pm = 0.05,46,186,65335.0,-3348342.2333333334,17475,65335,0.32859288888888905,0.2466666666666667
pm = 0.05,46,187,65335.0,-3632796.6666666665,17475,65335,0.33661244444444444,0.2466666666666667
pm = 0.05,46,188,65335.0,-3744867.513333333,17475,65335,0.3380782222222223,0.2733333333333333
pm = 0.05,46,189,65335.0,-1908049.8066666666,17475,65335,0.34265955555555566,0.15333333333333332
pm = 0.05,46,190,65335.0,-4782782.14,17475,65335,0.34761422222222227,0.26
pm = 0.05,46,191,65335.0,-3740753.7466666666,17475,65335,0.3467368888888889,0.2666666666666667
pm = 0.05,46,192,65335.0,-3522338.2066666665,17475,65335,0.35933244444444434,0.24
pm = 0.05,46,193,65335.0,-3937429.54,17475,65335,0.36110933333333334,0.18666666666666665
pm = 0.05,46,194,65335.0,-5583812.7,17475,65335,0.35675822222222225,0.2733333333333333
pm = 0.05,46,195,65335.0,-3738217.02,17475,65335,0.3534542222222221,0.24
pm = 0.05,46,196,65335.0,-4285790.526666666,17475,65335,0.35269599999999984,0.28
pm = 0.05,46,197,65335.0,-2462887.8066666666,17475,65335,0.36152,0.19999999999999996
pm = 0.05,46,198,65335.0,-2924649.32,17475,65335,0.35962044444444435,0.18666666666666665
pm = 0.05,46,199,65335.0,-3857243.2066666665,17475,65335,0.3648586666666666,0.21333333333333337
pm = 0.05,46,200,65335.0,-4203183.3533333335,17475,65335,0.36434222222222223,0.28
pm = 0.10,42,0,50912.0,-17804451.82,17634,50912,0.4963848888888887,0.54
pm = 0.10,42,1,51237.0,-6790133.033333333,17259,51237,0.49152355555555566,0.30666666666666664
pm = 0.10,42,2,51237.0,-7431831.433333334,17259,51237,0.4891804444444445,0.3466666666666667
pm = 0.10,42,3,55547.0,-6317265.34,16929,55547,0.4835048888888888,0.24
pm = 0.10,42,4,56096.0,-5395263.873333333,16992,56096,0.47934666666666664,0.23333333333333328
pm = 0.10,42,5,56096.0,-7397629.64,16992,56096,0.47692,0.31999999999999995
pm = 0.10,42,6,57023.0,-6860542.933333334,16851,57023,0.4751982222222222,0.3466666666666667
pm = 0.10,42,7,57023.0,-4527434.3,16851,57023,0.47430222222222185,0.21999999999999997
pm = 0.10,42,8,57023.0,-5638941.673333333,16851,57023,0.47276266666666666,0.2466666666666667
pm = 0.10,42,9,57023.0,-4946693.3533333335,16851,57023,0.46811466666666646,0.21999999999999997
pm = 0.10,42,10,57023.0,-4826389.206666667,16851,57023,0.4636062222222223,0.28
pm = 0.10,42,11,57808.0,-4867072.786666667,17106,57808,0.4597760000000001,0.22666666666666668
pm = 0.10,42,12,59768.0,-6269168.6866666665,17166,59768,0.45717422222222254,0.2533333333333333
pm = 0.10,42,13,60488.0,-5713652.0,17496,60488,0.4526702222222221,0.2533333333333333
pm = 0.10,42,14,60488.0,-5538151.56,17496,60488,0.45797422222222217,0.2733333333333333
pm = 0.10,42,15,60488.0,-4667148.8133333335,17496,60488,0.4587493333333333,0.2533333333333333
pm = 0.10,42,16,60488.0,-5519542.74,17496,60488,0.45518222222222227,0.30000000000000004
pm = 0.10,42,17,60488.0,-7601798.913333333,17496,60488,0.4536355555555555,0.29333333333333333
pm = 0.10,42,18,61586.0,-6792400.3,17622,61586,0.45375555555555536,0.26
pm = 0.10,42,19,61586.0,-4504891.52,17622,61586,0.44999999999999996,0.2533333333333333
pm = 0.10,42,20,61586.0,-6027670.373333333,17622,61586,0.44931200000000004,0.2533333333333333
pm = 0.10,42,21,61586.0,-5236972.086666667,17622,61586,0.4508462222222224,0.26
pm = 0.10,42,22,61586.0,-4579368.46,17622,61586,0.44815911111111106,0.2666666666666667
pm = 0.10,42,23,61586.0,-5675566.173333333,17622,61586,0.43844977777777777,0.36
pm = 0.10,42,24,61586.0,-5642900.22,17622,61586,0.4363600000000002,0.23333333333333328
pm = 0.10,42,25,61586.0,-5425586.886666667,17622,61586,0.4342142222222221,0.2733333333333333
pm = 0.10,42,26,61586.0,-5548645.78,17622,61586,0.44050933333333325,0.2666666666666667
pm = 0.10,42,27,61586.0,-5545279.5,17622,61586,0.45018044444444444,0.2533333333333333
pm = 0.10,42,28,61586.0,-6324709.413333333,17622,61586,0.44783288888888895,0.2666666666666667
pm = 0.10,42,29,61586.0,-6355706.193333333,17622,61586,0.4539520000000002,0.2866666666666666
pm = 0.10,42,30,61586.0,-5016148.913333333,17622,61586,0.45420266666666675,0.28
pm = 0.10,42,31,61586.0,-4736511.493333333,17622,61586,0.4498915555555557,0.29333333333333333
pm = 0.10,42,32,61586.0,-5441270.426666667,17622,61586,0.44565955555555575,0.2733333333333333
pm = 0.10,42,33,61586.0,-5159613.166666667,17622,61586,0.44754311111111117,0.2466666666666667
pm = 0.10,42,34,62289.0,-3585185.36,17043,62289,0.44131911111111094,0.19999999999999996
pm = 0.10,42,35,62289.0,-6628212.766666667,17043,62289,0.43091199999999996,0.31333333333333335
pm = 0.10,42,36,62289.0,-3922072.0,17043,62289,0.43948977777777776,0.2466666666666667
pm = 0.10,42,37,62289.0,-4539146.233333333,17043,62289,0.4456062222222223,0.2866666666666666
pm = 0.10,42,38,62289.0,-5726283.153333333,17043,62289,0.4473822222222222,0.24
pm = 0.10,42,39,62289.0,-5757535.366666666,17043,62289,0.4401688888888888,0.23333333333333328
pm = 0.10,42,40,62289.0,-4357608.446666666,17043,62289,0.44266399999999995,0.22666666666666668
pm = 0.10,42,41,62289.0,-6104071.74,17043,62289,0.44136533333333333,0.23333333333333328
pm = 0.10,42,42,62289.0,-7184896.546666667,17043,62289,0.4387671111111111,0.2866666666666666
pm = 0.10,42,43,62289.0,-6079781.433333334,17043,62289,0.4434613333333332,0.2733333333333333
pm = 0.10,42,44,62289.0,-6537017.713333333,17043,62289,0.443208,0.30666666666666664
pm = 0.10,42,45,62289.0,-6170809.52,17043,62289,0.4500995555555558,0.30000000000000004
pm = 0.10,42,46,62289.0,-6766893.92,17043,62289,0.4444622222222221,0.30000000000000004
pm = 0.10,42,47,62289.0,-6271128.426666667,17043,62289,0.44948444444444424,0.2866666666666666
pm = 0.10,42,48,62289.0,-5730555.626666667,17043,62289,0.4507422222222223,0.2666666666666667
pm = 0.10,42,49,62289.0,-4097798.0933333333,17043,62289,0.4544017777777776,0.21333333333333337
pm = 0.10,42,50,63428.0,-4490823.393333334,17586,63428,0.4549351111111109,0.26
pm = 0.10,42,51,63428.0,-5026677.393333334,17586,63428,0.45770222222222223,0.26
pm = 0.10,42,52,63428.0,-8109598.506666667,17586,63428,0.4594817777777777,0.33999999999999997
pm = 0.10,42,53,63428.0,-5644913.86,17586,63428,0.46728088888888886,0.30000000000000004
pm = 0.10,42,54,63428.0,-7330506.406666666,17586,63428,0.46834222222222216,0.2733333333333333
pm = 0.10,42,55,63428.0,-7540977.06,17586,63428,0.4683208888888887,0.31333333333333335
pm = 0.10,42,56,63428.0,-4449452.8533333335,17586,63428,0.459311111111111,0.2866666666666666
pm = 0.10,42,57,63428.0,-4903640.466666667,17586,63428,0.44679377777777796,0.21333333333333337
pm = 0.10,42,58,63428.0,-6075737.506666667,17586,63428,0.4377964444444445,0.30666666666666664
pm = 0.10,42,59,63428.0,-5392023.386666667,17586,63428,0.4388284444444445,0.24
pm = 0.10,42,60,63428.0,-4084226.48,17586,63428,0.4465422222222221,0.24
pm = 0.10,42,61,63428.0,-5719652.253333333,17586,63428,0.4507262222222221,0.28
pm = 0.10,42,62,63428.0,-5115573.94,17586,63428,0.45631733333333335,0.21333333333333337
pm = 0.10,42,63,63428.0,-4090554.7333333334,17586,63428,0.45390666666666674,0.22666666666666668
pm = 0.10,42,64,63428.0,-5671910.273333333,17586,63428,0.4516879999999997,0.28
pm = 0.10,42,65,63428.0,-5986140.733333333,17586,63428,0.4509857777777777,0.2733333333333333
pm = 0.10,42,66,63428.0,-6469896.533333333,17586,63428,0.4416995555555555,0.2866666666666666
pm = 0.10,42,67,63428.0,-5130048.98,17586,63428,0.44468266666666667,0.2733333333333333
pm = 0.10,42,68,63428.0,-3979862.48,17586,63428,0.44147111111111115,0.21333333333333337
pm = 0.10,42,69,63428.0,-4550179.3133333335,17586,63428,0.4429413333333333,0.21999999999999997
pm = 0.10,42,70,63428.0,-4209137.96,17586,63428,0.4448417777777778,0.2533333333333333
pm = 0.10,42,71,63428.0,-4297759.413333333,17586,63428,0.4487386666666665,0.21999999999999997
pm = 0.10,42,72,63428.0,-6958509.52,17586,63428,0.44736711111111127,0.29333333333333333
pm = 0.10,42,73,63428.0,-5193853.133333334,17586,63428,0.4590702222222221,0.22666666666666668
pm = 0.10,42,74,63428.0,-6714550.213333333,17586,63428,0.4609386666666667,0.2466666666666667
pm = 0.10,42,75,63428.0,-5921634.8,17586,63428,0.46002311111111105,0.24
pm = 0.10,42,76,63428.0,-4447334.086666667,17586,63428,0.45413511111111116,0.22666666666666668
pm = 0.10,42,77,63428.0,-6677536.633333334,17586,63428,0.44804799999999995,0.2866666666666666
pm = 0.10,42,78,63428.0,-5087728.8533333335,17586,63428,0.4518728888888889,0.30000000000000004
pm = 0.10,42,79,63428.0,-5503218.713333333,17586,63428,0.45651200000000003,0.2466666666666667
pm = 0.10,42,80,63428.0,-3125103.2533333334,17586,63428,0.44579911111111115,0.19333333333333336
pm = 0.10,42,81,63428.0,-4466574.726666667,17586,63428,0.44445066666666677,0.23333333333333328
pm = 0.10,42,82,63428.0,-4203907.68,17586,63428,0.4433724444444443,0.21333333333333337
pm = 0.10,42,83,63428.0,-4607403.673333333,17586,63428,0.44285333333333343,0.29333333333333333
pm = 0.10,42,84,63428.0,-6077271.126666667,17586,63428,0.44272711111111135,0.31999999999999995
pm = 0.10,42,85,63428.0,-5939326.026666666,17586,63428,0.44255288888888894,0.30000000000000004
pm = 0.10,42,86,63428.0,-7145556.466666667,17586,63428,0.4414453333333334,0.30666666666666664
pm = 0.10,42,87,63428.0,-4099276.6266666665,17586,63428,0.4427146666666668,0.29333333333333333
pm = 0.10,42,88,63428.0,-6185190.6,17586,63428,0.440672,0.30000000000000004
pm = 0.10,42,89,63428.0,-7292909.866666666,17586,63428,0.43520088888888886,0.31333333333333335
pm = 0.10,42,90,63428.0,-4402054.24,17586,63428,0.44388,0.26
pm = 0.10,42,91,63428.0,-5885924.446666666,17586,63428,0.43807022222222236,0.28
pm = 0.10,42,92,63428.0,-4838354.28,17586,63428,0.4456471111111111,0.2466666666666667
pm = 0.10,42,93,63428.0,-5318333.92,17586,63428,0.44367644444444415,0.29333333333333333
pm = 0.10,42,94,63428.0,-3391379.6466666665,17586,63428,0.44723644444444444,0.19333333333333336
pm = 0.10,42,95,63428.0,-5053957.02,17586,63428,0.44872622222222236,0.24
pm = 0.10,42,96,63428.0,-6310834.96,17586,63428,0.4469617777777778,0.31333333333333335
pm = 0.10,42,97,63428.0,-4362796.36,17586,63428,0.444432888888889,0.23333333333333328
pm = 0.10,42,98,63428.0,-5389226.766666667,17586,63428,0.44273511111111113,0.2666666666666667
pm = 0.10,42,99,63428.0,-4518942.9,17586,63428,0.4421831111111111,0.29333333333333333
pm = 0.10,42,100,63428.0,-5181068.613333333,17586,63428,0.4413386666666667,0.22666666666666668
pm = 0.10,42,101,63428.0,-5265129.3,17586,63428,0.4484977777777776,0.2733333333333333
pm = 0.10,42,102,63428.0,-4962505.726666667,17586,63428,0.44501155555555555,0.29333333333333333
pm = 0.10,42,103,63428.0,-5594933.233333333,17586,63428,0.4514782222222222,0.26
pm = 0.10,42,104,63428.0,-4890005.366666666,17586,63428,0.4555422222222223,0.23333333333333328
pm = 0.10,42,105,63428.0,-5432911.713333333,17586,63428,0.45833511111111086,0.28
pm = 0.10,42,106,63428.0,-4880684.393333334,17586,63428,0.4589457777777777,0.2666666666666667
pm = 0.10,42,107,63428.0,-4450773.266666667,17586,63428,0.4538631111111113,0.18666666666666665
pm = 0.10,42,108,63428.0,-5304289.12,17586,63428,0.45147644444444446,0.2533333333333333
pm = 0.10,42,109,63428.0,-4950376.2,17586,63428,0.45029599999999986,0.23333333333333328
pm = 0.10,42,110,63428.0,-5933093.493333333,17586,63428,0.4558328888888888,0.30000000000000004
pm = 0.10,42,111,63428.0,-6455371.726666667,17586,63428,0.4582435555555554,0.2866666666666666
pm = 0.10,42,112,63428.0,-4621017.326666667,17586,63428,0.46330844444444436,0.2533333333333333
pm = 0.10,42,113,63428.0,-7150371.706666667,17586,63428,0.4632844444444445,0.31999999999999995
pm = 0.10,42,114,63428.0,-6905228.586666667,17586,63428,0.4570337777777778,0.30000000000000004
pm = 0.10,42,115,63428.0,-4404518.966666667,17586,63428,0.4453715555555555,0.23333333333333328
pm = 0.10,42,116,63428.0,-5062209.02,17586,63428,0.4443599999999999,0.21999999999999997
pm = 0.10,42,117,63428.0,-4277601.206666667,17586,63428,0.44531111111111116,0.2533333333333333
pm = 0.10,42,118,63428.0,-7519291.493333333,17586,63428,0.4480302222222221,0.3533333333333334
pm = 0.10,42,119,63428.0,-5669388.546666667,17586,63428,0.44701955555555517,0.26
pm = 0.10,42,120,63428.0,-6077522.246666667,17586,63428,0.450928,0.31999999999999995
pm = 0.10,42,121,63428.0,-4015018.526666667,17586,63428,0.4521946666666667,0.22666666666666668
pm = 0.10,42,122,63428.0,-5353893.246666667,17586,63428,0.4527386666666667,0.22666666666666668
pm = 0.10,42,123,63428.0,-7036246.333333333,17586,63428,0.4441235555555555,0.30666666666666664
pm = 0.10,42,124,63428.0,-6242959.1466666665,17586,63428,0.45000355555555566,0.30666666666666664
pm = 0.10,42,125,63428.0,-5320279.246666667,17586,63428,0.45839377777777807,0.21999999999999997
pm = 0.10,42,126,63428.0,-5633164.26,17586,63428,0.4536097777777776,0.2666666666666667
pm = 0.10,42,127,63428.0,-7739900.24,17586,63428,0.4537733333333333,0.2866666666666666
pm = 0.10,42,128,63428.0,-4220276.12,17586,63428,0.4522311111111108,0.23333333333333328
pm = 0.10,42,129,63428.0,-6282043.673333333,17586,63428,0.44319555555555545,0.28
pm = 0.10,42,130,63428.0,-5281454.613333333,17586,63428,0.447896,0.2733333333333333
pm = 0.10,42,131,63428.0,-4936493.666666667,17586,63428,0.4436151111111109,0.31333333333333335
pm = 0.10,42,132,63428.0,-4892786.573333333,17586,63428,0.4469964444444445,0.30666666666666664
pm = 0.10,42,133,63428.0,-4769954.026666666,17586,63428,0.4442044444444445,0.21333333333333337
pm = 0.10,42,134,63428.0,-6450372.106666666,17586,63428,0.4360231111111112,0.3533333333333334
pm = 0.10,42,135,63428.0,-3084631.2133333334,17586,63428,0.44640711111111114,0.19333333333333336
pm = 0.10,42,136,63428.0,-6753719.22,17586,63428,0.45084177777777756,0.2866666666666666
pm = 0.10,42,137,63428.0,-4261599.966666667,17586,63428,0.44833599999999985,0.21999999999999997
pm = 0.10,42,138,63428.0,-4368678.753333333,17586,63428,0.44688088888888877,0.2533333333333333
pm = 0.10,42,139,63428.0,-4716789.806666667,17586,63428,0.4416542222222224,0.2666666666666667
pm = 0.10,42,140,63428.0,-3522800.946666667,17586,63428,0.4384586666666665,0.19999999999999996
pm = 0.10,42,141,63428.0,-4588223.653333333,17586,63428,0.43773599999999996,0.2666666666666667
pm = 0.10,42,142,63428.0,-6453770.306666667,17586,63428,0.4410248888888889,0.2866666666666666
pm = 0.10,42,143,63428.0,-4441384.573333333,17586,63428,0.445343111111111,0.29333333333333333
pm = 0.10,42,144,63428.0,-7250637.9,17586,63428,0.45080888888888865,0.30666666666666664
pm = 0.10,42,145,63428.0,-5800469.806666667,17586,63428,0.45214844444444446,0.28
pm = 0.10,42,146,63428.0,-5570603.26,17586,63428,0.45537333333333313,0.23333333333333328
pm = 0.10,42,147,63428.0,-7392231.126666667,17586,63428,0.4549271111111113,0.29333333333333333
pm = 0.10,42,148,63428.0,-4387099.613333333,17586,63428,0.4565822222222222,0.18000000000000005
pm = 0.10,42,149,63428.0,-6260895.786666667,17586,63428,0.4555333333333333,0.23333333333333328
pm = 0.10,42,150,63428.0,-6121890.78,17586,63428,0.4546142222222224,0.29333333333333333
pm = 0.10,42,151,63428.0,-6956301.593333334,17586,63428,0.44469422222222216,0.28
pm = 0.10,42,152,63428.0,-5275899.1466666665,17586,63428,0.44256977777777784,0.2666666666666667
pm = 0.10,42,153,63428.0,-3923662.053333333,17586,63428,0.4468533333333335,0.21999999999999997
pm = 0.10,42,154,63428.0,-4945550.86,17586,63428,0.4502977777777778,0.2466666666666667
pm = 0.10,42,155,63428.0,-3571072.7266666666,17586,63428,0.45022488888888906,0.20666666666666667
pm = 0.10,42,156,63428.0,-7096580.333333333,17586,63428,0.4537404444444444,0.2733333333333333
pm = 0.10,42,157,63428.0,-5957587.18,17586,63428,0.44625155555555546,0.30000000000000004
pm = 0.10,42,158,64538.0,-4643332.3,17466,64538,0.4457973333333336,0.2466666666666667
pm = 0.10,42,159,64538.0,-4483451.366666666,17466,64538,0.438128888888889,0.22666666666666668
pm = 0.10,42,160,64538.0,-5981538.62,17466,64538,0.438335111111111,0.2666666666666667
pm = 0.10,42,161,64538.0,-4749054.613333333,17466,64538,0.44631111111111127,0.2733333333333333
pm = 0.10,42,162,64538.0,-5225103.493333333,17466,64538,0.44124088888888885,0.2466666666666667
pm = 0.10,42,163,64538.0,-5139897.3133333335,17466,64538,0.44365422222222234,0.23333333333333328
pm = 0.10,42,164,64538.0,-6660471.3133333335,17466,64538,0.44508266666666674,0.31333333333333335
pm = 0.10,42,165,64538.0,-7269847.86,17466,64538,0.4447057777777777,0.33999999999999997
pm = 0.10,42,166,64538.0,-5435236.26,17466,64538,0.4484613333333332,0.2466666666666667
pm = 0.10,42,167,64538.0,-5904666.373333333,17466,64538,0.4474622222222223,0.2666666666666667
pm = 0.10,42,168,64538.0,-5401962.333333333,17466,64538,0.4391777777777778,0.29333333333333333
pm = 0.10,42,169,64538.0,-6399570.28,17466,64538,0.4351520000000001,0.28
pm = 0.10,42,170,64538.0,-5549120.16,17466,64538,0.4380604444444447,0.2466666666666667
pm = 0.10,42,171,64538.0,-5630597.8,17466,64538,0.4438497777777776,0.28
pm = 0.10,42,172,64538.0,-6960212.68,17466,64538,0.4456871111111111,0.28
pm = 0.10,42,173,64538.0,-6253506.053333334,17466,64538,0.43895999999999985,0.33333333333333337
pm = 0.10,42,174,64538.0,-3384888.5,17466,64538,0.44152000000000013,0.20666666666666667
pm = 0.10,42,175,64538.0,-5670269.78,17466,64538,0.4442951111111112,0.28
pm = 0.10,42,176,64538.0,-6058831.013333334,17466,64538,0.43567822222222224,0.23333333333333328
pm = 0.10,42,177,64538.0,-5018702.713333333,17466,64538,0.4331831111111111,0.2533333333333333
pm = 0.10,42,178,64538.0,-5525646.5,17466,64538,0.43123288888888894,0.2533333333333333
pm = 0.10,42,179,64538.0,-5058304.633333334,17466,64538,0.43088444444444446,0.31333333333333335
pm = 0.10,42,180,64538.0,-5481943.92,17466,64538,0.4366924444444444,0.2666666666666667
pm = 0.10,42,181,64538.0,-5853145.426666667,17466,64538,0.4346097777777779,0.2866666666666666
pm = 0.10,42,182,64538.0,-5129360.593333334,17466,64538,0.43723199999999984,0.22666666666666668
pm = 0.10,42,183,64538.0,-7825476.246666667,17466,64538,0.43318044444444426,0.31333333333333335
pm = 0.10,42,184,64538.0,-4337266.553333334,17466,64538,0.44263377777777757,0.24
pm = 0.10,42,185,64538.0,-6899316.8133333335,17466,64538,0.44547022222222227,0.29333333333333333
pm = 0.10,42,186,64538.0,-5092436.32,17466,64538,0.45134400000000013,0.2466666666666667
pm = 0.10,42,187,64538.0,-6729597.1,17466,64538,0.4414657777777778,0.29333333333333333
pm = 0.10,42,188,64538.0,-4257243.233333333,17466,64538,0.44687111111111116,0.23333333333333328
pm = 0.10,42,189,64538.0,-6066422.0,17466,64538,0.44440355555555544,0.2466666666666667
pm = 0.10,42,190,64538.0,-5304322.046666667,17466,64538,0.445767111111111,0.2533333333333333
pm = 0.10,42,191,64538.0,-6440669.873333333,17466,64538,0.44990755555555567,0.2733333333333333
pm = 0.10,42,192,64538.0,-5618612.72,17466,64538,0.4495528888888887,0.22666666666666668
pm = 0.10,42,193,64538.0,-6281373.986666666,17466,64538,0.44376800000000005,0.2733333333333333
pm = 0.10,42,194,64538.0,-5955899.56,17466,64538,0.44323111111111096,0.30000000000000004
pm = 0.10,42,195,64538.0,-5052712.78,17466,64538,0.443448,0.23333333333333328
pm = 0.10,42,196,64538.0,-6272875.56,17466,64538,0.44431199999999976,0.29333333333333333
pm = 0.10,42,197,64591.0,-8368252.413333333,17637,64591,0.43734933333333353,0.32666666666666666
pm = 0.10,42,198,64591.0,-6481151.306666667,17637,64591,0.4365653333333334,0.31333333333333335
pm = 0.10,42,199,64591.0,-5223696.526666666,17637,64591,0.4452586666666665,0.2666666666666667
pm = 0.10,42,200,64591.0,-4363020.373333333,17637,64591,0.4515173333333333,0.20666666666666667
pm = 0.10,43,0,47659.0,-17477563.38,17673,47659,0.4971146666666663,0.4666666666666667
pm = 0.10,43,1,50772.0,-6685302.553333334,15474,50772,0.4922008888888889,0.2866666666666666
pm = 0.10,43,2,53303.0,-3969943.1933333334,17661,53303,0.48707377777777777,0.20666666666666667
pm = 0.10,43,3,54083.0,-4084055.933333333,16761,54083,0.4817226666666668,0.23333333333333328
pm = 0.10,43,4,54083.0,-6696089.326666667,16761,54083,0.47668000000000005,0.30666666666666664
pm = 0.10,43,5,55352.0,-5801018.36,17154,55352,0.47317777777777775,0.23333333333333328
pm = 0.10,43,6,55352.0,-3734610.1133333333,17154,55352,0.47009955555555527,0.21999999999999997
pm = 0.10,43,7,55653.0,-6687449.68,17271,55653,0.4699084444444446,0.31333333333333335
pm = 0.10,43,8,55653.0,-5302310.98,17271,55653,0.46548088888888883,0.21999999999999997
pm = 0.10,43,9,55653.0,-4992907.293333333,17271,55653,0.4623751111111111,0.23333333333333328
pm = 0.10,43,10,55653.0,-6601989.566666666,17271,55653,0.4566622222222221,0.2866666666666666
pm = 0.10,43,11,56558.0,-4504118.133333334,15066,56558,0.4494168888888888,0.30000000000000004
pm = 0.10,43,12,56876.0,-6065509.62,16092,56876,0.4490719999999999,0.2666666666666667
pm = 0.10,43,13,57678.0,-4045117.526666667,17256,57678,0.44919555555555546,0.2466666666666667
pm = 0.10,43,14,58764.0,-6084755.14,17628,58764,0.44900266666666694,0.29333333333333333
pm = 0.10,43,15,58764.0,-5633059.28,17628,58764,0.45164533333333323,0.30666666666666664
pm = 0.10,43,16,58764.0,-6764422.333333333,17628,58764,0.4571724444444443,0.31999999999999995
pm = 0.10,43,17,58764.0,-4048358.64,17628,58764,0.46159288888888883,0.22666666666666668
pm = 0.10,43,18,58764.0,-6360224.1466666665,17628,58764,0.45944444444444443,0.30666666666666664
pm = 0.10,43,19,58764.0,-3037938.3933333335,17628,58764,0.4562177777777778,0.15333333333333332
pm = 0.10,43,20,58764.0,-6028139.693333333,17628,58764,0.4603600000000003,0.30666666666666664
pm = 0.10,43,21,58764.0,-4657430.513333334,17628,58764,0.46174844444444424,0.22666666666666668
pm = 0.10,43,22,60358.0,-3775254.5866666664,17646,60358,0.4571982222222222,0.18666666666666665
pm = 0.10,43,23,60358.0,-5377830.706666667,17646,60358,0.46226933333333314,0.24
pm = 0.10,43,24,60358.0,-6910921.52,17646,60358,0.45565777777777766,0.2733333333333333
pm = 0.10,43,25,60358.0,-5922593.893333334,17646,60358,0.45973333333333327,0.2733333333333333
pm = 0.10,43,26,60358.0,-4235741.206666667,17646,60358,0.45953688888888883,0.22666666666666668
pm = 0.10,43,27,60358.0,-6207396.473333334,17646,60358,0.4580871111111113,0.2466666666666667
pm = 0.10,43,28,60358.0,-5215704.96,17646,60358,0.4582373333333334,0.2733333333333333
pm = 0.10,43,29,60358.0,-5555511.886666667,17646,60358,0.4588204444444445,0.28
pm = 0.10,43,30,60358.0,-5816083.293333333,17646,60358,0.45895999999999987,0.2733333333333333
pm = 0.10,43,31,60358.0,-5227002.98,17646,60358,0.45835377777777764,0.23333333333333328
pm = 0.10,43,32,60358.0,-7728288.513333334,17646,60358,0.45754666666666666,0.33333333333333337
pm = 0.10,43,33,60358.0,-4089761.4133333336,17646,60358,0.45869866666666637,0.22666666666666668
pm = 0.10,43,34,60358.0,-5973700.66,17646,60358,0.45684,0.30666666666666664
pm = 0.10,43,35,60358.0,-6014382.826666667,17646,60358,0.4535591111111112,0.26
pm = 0.10,43,36,60358.0,-5769519.1866666665,17646,60358,0.4557653333333333,0.28
pm = 0.10,43,37,60358.0,-4895653.5,17646,60358,0.45211466666666644,0.26
pm = 0.10,43,38,60358.0,-5168601.613333333,17646,60358,0.45371022222222224,0.2866666666666666
pm = 0.10,43,39,60358.0,-4753084.806666667,17646,60358,0.44557955555555556,0.23333333333333328
pm = 0.10,43,40,60358.0,-6963519.473333334,17646,60358,0.448503111111111,0.2866666666666666
pm = 0.10,43,41,60358.0,-5858164.48,17646,60358,0.4512542222222221,0.24
pm = 0.10,43,42,60358.0,-6990885.053333334,17646,60358,0.45385955555555557,0.31999999999999995
pm = 0.10,43,43,60358.0,-3519915.9133333336,17646,60358,0.4479928888888887,0.16666666666666663
pm = 0.10,43,44,60358.0,-5748659.386666667,17646,60358,0.4472497777777778,0.2533333333333333
pm = 0.10,43,45,60358.0,-4387063.926666667,17646,60358,0.4516106666666667,0.2466666666666667
pm = 0.10,43,46,60358.0,-5002032.2,17646,60358,0.4494782222222222,0.24
pm = 0.10,43,47,60358.0,-4840348.24,17646,60358,0.44558311111111093,0.22666666666666668
pm = 0.10,43,48,60606.0,-5453935.566666666,17592,60606,0.4463386666666669,0.24
pm = 0.10,43,49,60606.0,-4150246.486666667,17592,60606,0.44756711111111136,0.2466666666666667
pm = 0.10,43,50,60606.0,-4859502.786666667,17592,60606,0.45028177777777756,0.23333333333333328
pm = 0.10,43,51,60606.0,-7358409.406666666,17592,60606,0.447960888888889,0.29333333333333333
pm = 0.10,43,52,60606.0,-5470722.013333334,17592,60606,0.45093599999999967,0.2866666666666666
pm = 0.10,43,53,60606.0,-6895670.893333334,17592,60606,0.4540551111111111,0.33999999999999997
pm = 0.10,43,54,60606.0,-5604050.506666667,17592,60606,0.449752,0.31333333333333335
pm = 0.10,43,55,60724.0,-4947676.52,17688,60724,0.44913955555555546,0.26
pm = 0.10,43,56,60724.0,-5422695.406666666,17688,60724,0.4519022222222222,0.2533333333333333
pm = 0.10,43,57,60724.0,-5167432.693333333,17688,60724,0.4590808888888888,0.30666666666666664
pm = 0.10,43,58,60724.0,-4708965.366666666,17688,60724,0.45735288888888886,0.18000000000000005
pm = 0.10,43,59,60724.0,-6383070.346666667,17688,60724,0.4599813333333335,0.2733333333333333
pm = 0.10,43,60,60724.0,-6330726.98,17688,60724,0.4603475555555556,0.30000000000000004
pm = 0.10,43,61,60724.0,-6699432.213333333,17688,60724,0.4610328888888892,0.28
pm = 0.10,43,62,60724.0,-7685334.466666667,17688,60724,0.4556933333333329,0.2733333333333333
pm = 0.10,43,63,60724.0,-6159227.953333333,17688,60724,0.4555697777777778,0.29333333333333333
pm = 0.10,43,64,60724.0,-5487862.106666666,17688,60724,0.45180622222222216,0.26
pm = 0.10,43,65,60724.0,-6762898.846666667,17688,60724,0.4517182222222219,0.31333333333333335
pm = 0.10,43,66,60724.0,-5424479.9,17688,60724,0.4563991111111111,0.2733333333333333
pm = 0.10,43,67,60724.0,-6798635.433333334,17688,60724,0.4570266666666665,0.31333333333333335
pm = 0.10,43,68,60724.0,-6389653.56,17688,60724,0.45551822222222205,0.29333333333333333
pm = 0.10,43,69,60724.0,-5980167.906666666,17688,60724,0.45660799999999996,0.2466666666666667
pm = 0.10,43,70,60724.0,-5126722.22,17688,60724,0.44791288888888886,0.2466666666666667
pm = 0.10,43,71,60724.0,-4955047.92,17688,60724,0.4517457777777777,0.2533333333333333
pm = 0.10,43,72,60724.0,-3548437.24,17688,60724,0.45208622222222217,0.21333333333333337
pm = 0.10,43,73,60724.0,-4315130.8,17688,60724,0.44883733333333337,0.19999999999999996
pm = 0.10,43,74,60724.0,-5484555.473333334,17688,60724,0.4430995555555557,0.2733333333333333
pm = 0.10,43,75,60724.0,-5402919.66,17688,60724,0.4500613333333334,0.26
pm = 0.10,43,76,60724.0,-7259703.96,17688,60724,0.4487404444444443,0.28
pm = 0.10,43,77,60724.0,-6230904.693333333,17688,60724,0.4482560000000001,0.2666666666666667
pm = 0.10,43,78,60724.0,-4822736.6866666665,17688,60724,0.4494337777777778,0.2733333333333333
pm = 0.10,43,79,60724.0,-5114924.0,17688,60724,0.4540488888888888,0.22666666666666668
pm = 0.10,43,80,60736.0,-5290519.22,17442,60736,0.45048622222222234,0.26
pm = 0.10,43,81,60736.0,-6114495.393333334,17442,60736,0.44903377777777775,0.26
pm = 0.10,43,82,60736.0,-5634015.26,17442,60736,0.4504542222222221,0.28
pm = 0.10,43,83,60736.0,-5065432.733333333,17442,60736,0.45260266666666654,0.29333333333333333
pm = 0.10,43,84,60736.0,-4433073.02,17442,60736,0.4580577777777776,0.22666666666666668
pm = 0.10,43,85,60736.0,-5770224.706666667,17442,60736,0.4618017777777778,0.21999999999999997
pm = 0.10,43,86,60736.0,-4462401.06,17442,60736,0.46744000000000013,0.23333333333333328
pm = 0.10,43,87,60736.0,-6311955.72,17442,60736,0.4649520000000001,0.2866666666666666
pm = 0.10,43,88,60736.0,-4611531.366666666,17442,60736,0.46304444444444426,0.28
pm = 0.10,43,89,60736.0,-6650777.746666667,17442,60736,0.4617253333333333,0.29333333333333333
pm = 0.10,43,90,60736.0,-5928918.26,17442,60736,0.4631048888888891,0.28
pm = 0.10,43,91,60736.0,-6088188.053333334,17442,60736,0.45651022222222215,0.31999999999999995
pm = 0.10,43,92,60736.0,-6714518.286666667,17442,60736,0.45891199999999993,0.31333333333333335
pm = 0.10,43,93,60736.0,-4817537.426666667,17442,60736,0.45407822222222216,0.19999999999999996
pm = 0.10,43,94,60736.0,-4982035.966666667,17442,60736,0.4485822222222224,0.24
pm = 0.10,43,95,61403.0,-5119592.76,17601,61403,0.4478862222222221,0.28
pm = 0.10,43,96,61403.0,-6399962.586666667,17601,61403,0.4396062222222224,0.29333333333333333
pm = 0.10,43,97,61403.0,-3739491.44,17601,61403,0.44186222222222227,0.20666666666666667
pm = 0.10,43,98,61403.0,-4587542.973333334,17601,61403,0.4500497777777779,0.24
pm = 0.10,43,99,61403.0,-3497804.1933333334,17601,61403,0.45054399999999994,0.19333333333333336
pm = 0.10,43,100,61403.0,-6256065.8,17601,61403,0.4519795555555556,0.2466666666666667
pm = 0.10,43,101,61403.0,-4771040.386666667,17601,61403,0.4526088888888888,0.21333333333333337
pm = 0.10,43,102,61403.0,-5386120.006666667,17601,61403,0.45092533333333307,0.2666666666666667
pm = 0.10,43,103,61403.0,-5981969.6,17601,61403,0.45440088888888885,0.2866666666666666
pm = 0.10,43,104,61403.0,-4882087.426666667,17601,61403,0.45508266666666697,0.26
pm = 0.10,43,105,61403.0,-4375412.8,17601,61403,0.4522728888888888,0.21999999999999997
pm = 0.10,43,106,61403.0,-5808059.766666667,17601,61403,0.4499057777777778,0.2866666666666666
pm = 0.10,43,107,61403.0,-4181631.8466666667,17601,61403,0.4534391111111109,0.2866666666666666
pm = 0.10,43,108,61403.0,-3892169.38,17601,61403,0.4566577777777776,0.21333333333333337
pm = 0.10,43,109,61403.0,-4831649.473333334,17601,61403,0.45309599999999983,0.2533333333333333
pm = 0.10,43,110,61403.0,-6384174.726666667,17601,61403,0.45416533333333325,0.2733333333333333
pm = 0.10,43,111,61403.0,-4200358.766666667,17601,61403,0.4528106666666666,0.19999999999999996
pm = 0.10,43,112,61403.0,-4565845.326666667,17601,61403,0.4530755555555557,0.24
pm = 0.10,43,113,61403.0,-4472356.526666666,17601,61403,0.4574213333333333,0.22666666666666668
pm = 0.10,43,114,61403.0,-6045989.9,17601,61403,0.45741955555555563,0.31999999999999995
pm = 0.10,43,115,61403.0,-4885331.1,17601,61403,0.4564648888888888,0.22666666666666668
pm = 0.10,43,116,61403.0,-5625318.84,17601,61403,0.4531368888888888,0.28
pm = 0.10,43,117,61403.0,-4937551.993333333,17601,61403,0.4561377777777779,0.2533333333333333
pm = 0.10,43,118,61403.0,-4058138.44,17601,61403,0.455216,0.22666666666666668
pm = 0.10,43,119,61403.0,-5758915.673333333,17601,61403,0.4532915555555554,0.2666666666666667
pm = 0.10,43,120,61403.0,-5737303.666666667,17601,61403,0.45599822222222214,0.2666666666666667
pm = 0.10,43,121,61403.0,-7087462.166666667,17601,61403,0.45775111111111116,0.28
pm = 0.10,43,122,61403.0,-7251908.98,17601,61403,0.45661511111111147,0.31999999999999995
pm = 0.10,43,123,61403.0,-5703406.433333334,17601,61403,0.45689422222222215,0.28
pm = 0.10,43,124,61403.0,-5539811.106666666,17601,61403,0.4509093333333333,0.30000000000000004
pm = 0.10,43,125,61403.0,-6565223.18,17601,61403,0.45771022222222224,0.28
pm = 0.10,43,126,61403.0,-5850441.233333333,17601,61403,0.4553146666666666,0.2866666666666666
pm = 0.10,43,127,61403.0,-5568195.38,17601,61403,0.45592711111111084,0.30666666666666664
pm = 0.10,43,128,61403.0,-5606263.726666667,17601,61403,0.45939555555555556,0.31999999999999995
pm = 0.10,43,129,61403.0,-5856669.58,17601,61403,0.45856622222222193,0.26
pm = 0.10,43,130,61403.0,-6906561.3133333335,17601,61403,0.460688,0.3533333333333334
pm = 0.10,43,131,61403.0,-5523264.546666667,17601,61403,0.45747288888888865,0.24
pm = 0.10,43,132,61403.0,-5847516.433333334,17601,61403,0.4503039999999999,0.2533333333333333
pm = 0.10,43,133,61403.0,-5677957.04,17601,61403,0.4509911111111113,0.26
pm = 0.10,43,134,61403.0,-4845505.453333333,17601,61403,0.4493084444444441,0.23333333333333328
pm = 0.10,43,135,61403.0,-5025251.02,17601,61403,0.4431724444444445,0.2533333333333333
pm = 0.10,43,136,61403.0,-6150488.346666667,17601,61403,0.4469759999999999,0.30000000000000004
pm = 0.10,43,137,61403.0,-5974259.8,17601,61403,0.4507377777777777,0.28
pm = 0.10,43,138,61403.0,-6236575.28,17601,61403,0.45068711111111126,0.23333333333333328
pm = 0.10,43,139,61403.0,-6736754.526666666,17601,61403,0.4455644444444444,0.2533333333333333
pm = 0.10,43,140,61403.0,-5476943.94,17601,61403,0.4437724444444445,0.29333333333333333
pm = 0.10,43,141,61403.0,-5419915.06,17601,61403,0.4436124444444445,0.2666666666666667
pm = 0.10,43,142,61403.0,-6914002.74,17601,61403,0.44314933333333323,0.32666666666666666
pm = 0.10,43,143,61403.0,-6869143.04,17601,61403,0.4488604444444442,0.31333333333333335
pm = 0.10,43,144,61403.0,-7395760.653333333,17601,61403,0.45425511111111105,0.33999999999999997
pm = 0.10,43,145,61403.0,-6804854.673333333,17601,61403,0.456502222222222,0.2866666666666666
pm = 0.10,43,146,61403.0,-5192240.933333334,17601,61403,0.4549911111111113,0.24
pm = 0.10,43,147,61403.0,-4712917.62,17601,61403,0.45122488888888895,0.2533333333333333
pm = 0.10,43,148,61403.0,-5775248.913333333,17601,61403,0.45750133333333304,0.29333333333333333
pm = 0.10,43,149,61403.0,-6554994.7,17601,61403,0.4554684444444444,0.22666666666666668
pm = 0.10,43,150,61403.0,-5994898.113333333,17601,61403,0.45280088888888875,0.29333333333333333
pm = 0.10,43,151,61403.0,-5216818.433333334,17601,61403,0.4542115555555555,0.21333333333333337
pm = 0.10,43,152,61403.0,-5615263.973333334,17601,61403,0.4516631111111111,0.2466666666666667
pm = 0.10,43,153,61403.0,-6222870.393333334,17601,61403,0.4496337777777778,0.28
pm = 0.10,43,154,61403.0,-6192516.393333334,17601,61403,0.4424408888888889,0.2466666666666667
pm = 0.10,43,155,61403.0,-5875738.72,17601,61403,0.4485537777777779,0.21999999999999997
pm = 0.10,43,156,61403.0,-5791819.22,17601,61403,0.4506213333333332,0.2866666666666666
pm = 0.10,43,157,61403.0,-6977286.02,17601,61403,0.44402933333333344,0.31999999999999995
pm = 0.10,43,158,61403.0,-6466757.873333333,17601,61403,0.4491680000000002,0.29333333333333333
pm = 0.10,43,159,61403.0,-7668987.886666667,17601,61403,0.4508506666666665,0.29333333333333333
pm = 0.10,43,160,61403.0,-6183325.806666667,17601,61403,0.45423377777777746,0.23333333333333328
pm = 0.10,43,161,61403.0,-6665896.006666667,17601,61403,0.4549902222222221,0.2733333333333333
pm = 0.10,43,162,61403.0,-6881442.92,17601,61403,0.4572444444444447,0.33333333333333337
pm = 0.10,43,163,61403.0,-4050250.006666667,17601,61403,0.457968,0.20666666666666667
pm = 0.10,43,164,61403.0,-4057694.42,17601,61403,0.4565191111111111,0.19999999999999996
pm = 0.10,43,165,61403.0,-5678055.68,17601,61403,0.45387822222222235,0.30000000000000004
pm = 0.10,43,166,61403.0,-4765829.16,17601,61403,0.4526648888888885,0.21999999999999997
pm = 0.10,43,167,61403.0,-4891571.213333333,17601,61403,0.45615466666666676,0.24
pm = 0.10,43,168,61403.0,-4949134.233333333,17601,61403,0.4484213333333332,0.30666666666666664
pm = 0.10,43,169,61403.0,-4764406.586666667,17601,61403,0.44832,0.18000000000000005
pm = 0.10,43,170,61403.0,-6889309.893333334,17601,61403,0.4527875555555553,0.2733333333333333
pm = 0.10,43,171,61403.0,-5596532.713333333,17601,61403,0.449791111111111,0.2533333333333333
pm = 0.10,43,172,61403.0,-7771891.9,17601,61403,0.4504799999999998,0.30000000000000004
pm = 0.10,43,173,61403.0,-6263725.493333333,17601,61403,0.45201244444444455,0.2733333333333333
pm = 0.10,43,174,61403.0,-6931836.56,17601,61403,0.45110488888888894,0.29333333333333333
pm = 0.10,43,175,61403.0,-4715699.34,17601,61403,0.4405351111111112,0.2533333333333333
pm = 0.10,43,176,61403.0,-5268763.833333333,17601,61403,0.43711111111111123,0.21333333333333337
pm = 0.10,43,177,61528.0,-6368858.24,16296,61528,0.4389759999999999,0.2733333333333333
pm = 0.10,43,178,61528.0,-5009884.006666667,16296,61528,0.4412657777777776,0.26
pm = 0.10,43,179,61528.0,-5030571.92,16296,61528,0.4404346666666667,0.22666666666666668
pm = 0.10,43,180,61528.0,-5604913.8533333335,16296,61528,0.4447555555555557,0.30000000000000004
pm = 0.10,43,181,61528.0,-5695270.473333334,16296,61528,0.4427075555555555,0.26
pm = 0.10,43,182,61528.0,-6576732.873333333,16296,61528,0.4410880000000001,0.30666666666666664
pm = 0.10,43,183,61528.0,-4372560.006666667,16296,61528,0.4401653333333332,0.22666666666666668
pm = 0.10,43,184,61528.0,-6422365.6,16296,61528,0.44022311111111107,0.32666666666666666
pm = 0.10,43,185,61528.0,-6906221.713333333,16296,61528,0.43841244444444455,0.29333333333333333
pm = 0.10,43,186,61528.0,-7570321.513333334,16296,61528,0.44112444444444454,0.30000000000000004
pm = 0.10,43,187,61528.0,-5876652.393333334,16296,61528,0.4402737777777777,0.28
pm = 0.10,43,188,61528.0,-6154725.233333333,16296,61528,0.43038044444444445,0.2666666666666667
pm = 0.10,43,189,61528.0,-4429498.346666667,16296,61528,0.43354755555555535,0.2466666666666667
pm = 0.10,43,190,62224.0,-4325988.44,17118,62224,0.4424124444444446,0.19333333333333336
pm = 0.10,43,191,62224.0,-4939135.326666667,17118,62224,0.433137777777778,0.2533333333333333
pm = 0.10,43,192,62248.0,-4837730.8,16626,62248,0.4395360000000001,0.2866666666666666
pm = 0.10,43,193,62248.0,-7337126.046666667,16626,62248,0.44471377777777765,0.30000000000000004
pm = 0.10,43,194,62248.0,-5510089.233333333,16626,62248,0.4421955555555557,0.2866666666666666
pm = 0.10,43,195,62248.0,-7035350.68,16626,62248,0.43624977777777774,0.24
pm = 0.10,43,196,62248.0,-5307461.613333333,16626,62248,0.4335031111111112,0.2533333333333333
pm = 0.10,43,197,62248.0,-3946882.44,16626,62248,0.4363680000000001,0.21999999999999997
pm = 0.10,43,198,62248.0,-6677999.9,16626,62248,0.4373573333333332,0.31333333333333335
pm = 0.10,43,199,62248.0,-6239326.333333333,16626,62248,0.44179733333333343,0.2733333333333333
pm = 0.10,43,200,62248.0,-6965001.106666666,16626,62248,0.44775466666666647,0.2533333333333333
pm = 0.10,44,0,51993.0,-14890690.52,16851,51993,0.4965537777777776,0.4866666666666667
pm = 0.10,44,1,53953.0,-6919621.52,16911,53953,0.4901946666666665,0.31333333333333335
pm = 0.10,44,2,53953.0,-6159002.4,16911,53953,0.4851742222222222,0.29333333333333333
pm = 0.10,44,3,53953.0,-5601884.68,16911,53953,0.4780311111111111,0.23333333333333328
pm = 0.10,44,4,54425.0,-4517660.14,17295,54425,0.4708586666666666,0.26
pm = 0.10,44,5,55624.0,-6457110.64,16608,55624,0.46526044444444414,0.2666666666666667
pm = 0.10,44,6,55624.0,-5542408.633333334,16608,55624,0.4654995555555557,0.24
pm = 0.10,44,7,55624.0,-4120044.7,16608,55624,0.46081422222222224,0.21333333333333337
pm = 0.10,44,8,56804.0,-3655137.06,17568,56804,0.4618337777777776,0.16666666666666663
pm = 0.10,44,9,56804.0,-6651241.873333333,17568,56804,0.46002488888888876,0.29333333333333333
pm = 0.10,44,10,56946.0,-5927100.453333333,17172,56946,0.46159377777777794,0.30000000000000004
pm = 0.10,44,11,57849.0,-6275175.333333333,17523,57849,0.4604337777777777,0.30666666666666664
pm = 0.10,44,12,57849.0,-3919051.046666667,17523,57849,0.46194222222222214,0.19999999999999996
pm = 0.10,44,13,59992.0,-6342047.986666666,17604,59992,0.46052,0.2866666666666666
pm = 0.10,44,14,59992.0,-5375876.333333333,17604,59992,0.4586151111111112,0.2666666666666667
pm = 0.10,44,15,59992.0,-3323976.02,17604,59992,0.45615644444444436,0.18000000000000005
pm = 0.10,44,16,59992.0,-5478498.78,17604,59992,0.45726311111111123,0.2866666666666666
pm = 0.10,44,17,59992.0,-6974280.326666667,17604,59992,0.45971377777777767,0.29333333333333333
pm = 0.10,44,18,59992.0,-5004001.1466666665,17604,59992,0.45943466666666666,0.22666666666666668
pm = 0.10,44,19,59992.0,-6596295.74,17604,59992,0.4594791111111109,0.2666666666666667
pm = 0.10,44,20,59992.0,-6689988.2,17604,59992,0.4624622222222221,0.2533333333333333
pm = 0.10,44,21,59992.0,-7766998.44,17604,59992,0.46097599999999983,0.33999999999999997
pm = 0.10,44,22,59992.0,-4765973.706666667,17604,59992,0.4642319999999999,0.2666666666666667
pm = 0.10,44,23,59992.0,-4090523.8,17604,59992,0.45889511111111103,0.18666666666666665
pm = 0.10,44,24,59992.0,-6778036.166666667,17604,59992,0.4569528888888888,0.2533333333333333
pm = 0.10,44,25,59992.0,-4552029.36,17604,59992,0.4566337777777779,0.29333333333333333
pm = 0.10,44,26,59992.0,-6185232.0,17604,59992,0.45771022222222235,0.2666666666666667
pm = 0.10,44,27,59992.0,-5658947.453333333,17604,59992,0.4493662222222223,0.2733333333333333
pm = 0.10,44,28,59992.0,-6907383.893333334,17604,59992,0.44620888888888877,0.31333333333333335
pm = 0.10,44,29,59992.0,-4409863.493333333,17604,59992,0.44361777777777783,0.22666666666666668
pm = 0.10,44,30,59992.0,-4066666.3533333335,17604,59992,0.44393155555555547,0.21333333333333337
pm = 0.10,44,31,59992.0,-5526371.1,17604,59992,0.44346755555555567,0.26
pm = 0.10,44,32,59992.0,-6436279.173333333,17604,59992,0.44526844444444436,0.2666666666666667
pm = 0.10,44,33,59992.0,-7035690.766666667,17604,59992,0.44936622222222217,0.31999999999999995
pm = 0.10,44,34,59992.0,-3729025.1466666665,17604,59992,0.4455262222222222,0.21333333333333337
pm = 0.10,44,35,60748.0,-6675222.293333333,17196,60748,0.45004444444444425,0.30666666666666664
pm = 0.10,44,36,60748.0,-7606534.406666666,17196,60748,0.45801955555555557,0.31999999999999995
pm = 0.10,44,37,60748.0,-7122187.1466666665,17196,60748,0.4595706666666668,0.31999999999999995
pm = 0.10,44,38,60748.0,-6177903.906666666,17196,60748,0.4539324444444444,0.29333333333333333
pm = 0.10,44,39,60748.0,-5508674.653333333,17196,60748,0.4537840000000001,0.2733333333333333
pm = 0.10,44,40,60748.0,-5755822.5,17196,60748,0.45828,0.28
pm = 0.10,44,41,60748.0,-6558620.66,17196,60748,0.4564177777777777,0.30000000000000004
pm = 0.10,44,42,60748.0,-4184108.486666667,17196,60748,0.4486720000000001,0.22666666666666668
pm = 0.10,44,43,60748.0,-5536482.8,17196,60748,0.4491288888888888,0.22666666666666668
pm = 0.10,44,44,60748.0,-4723744.22,17196,60748,0.44822044444444414,0.2666666666666667
pm = 0.10,44,45,60748.0,-6887129.82,17196,60748,0.449896,0.2533333333333333
pm = 0.10,44,46,60748.0,-4713295.006666667,17196,60748,0.4431262222222223,0.2533333333333333
pm = 0.10,44,47,60748.0,-4537185.953333333,17196,60748,0.4406888888888888,0.23333333333333328
pm = 0.10,44,48,60748.0,-5535095.506666667,17196,60748,0.4437244444444443,0.26
pm = 0.10,44,49,60748.0,-5174882.42,17196,60748,0.44205155555555536,0.23333333333333328
pm = 0.10,44,50,60748.0,-5336811.9,17196,60748,0.443400888888889,0.2533333333333333
pm = 0.10,44,51,60748.0,-5650969.933333334,17196,60748,0.447624,0.24
pm = 0.10,44,52,61232.0,-5553352.926666667,17334,61232,0.4547084444444446,0.22666666666666668
pm = 0.10,44,53,61232.0,-5711518.953333333,17334,61232,0.4412968888888889,0.2533333333333333
pm = 0.10,44,54,61232.0,-4912519.773333333,17334,61232,0.44141066666666673,0.21999999999999997
pm = 0.10,44,55,61232.0,-5350637.38,17334,61232,0.4342782222222224,0.2666666666666667
pm = 0.10,44,56,61232.0,-6644423.8533333335,17334,61232,0.43801066666666666,0.2466666666666667
pm = 0.10,44,57,61232.0,-5751009.833333333,17334,61232,0.437590222222222,0.30000000000000004
pm = 0.10,44,58,61232.0,-5878863.706666667,17334,61232,0.4454115555555555,0.31333333333333335
pm = 0.10,44,59,61232.0,-7561382.573333333,17334,61232,0.4422213333333333,0.33999999999999997
pm = 0.10,44,60,61232.0,-5168267.54,17334,61232,0.4400604444444445,0.21333333333333337
pm = 0.10,44,61,61232.0,-4754197.32,17334,61232,0.4349066666666664,0.23333333333333328
pm = 0.10,44,62,61232.0,-5995712.133333334,17334,61232,0.4286755555555553,0.2866666666666666
pm = 0.10,44,63,61232.0,-4686273.246666667,17334,61232,0.4303555555555555,0.2466666666666667
pm = 0.10,44,64,61232.0,-5841861.826666667,17334,61232,0.4385662222222221,0.28
pm = 0.10,44,65,61232.0,-6548392.1,17334,61232,0.4413742222222223,0.2666666666666667
pm = 0.10,44,66,61232.0,-4099724.7266666666,17334,61232,0.4472151111111111,0.17333333333333334
pm = 0.10,44,67,61232.0,-7722299.933333334,17334,61232,0.44204888888888905,0.2866666666666666
pm = 0.10,44,68,61232.0,-4744818.933333334,17334,61232,0.4514044444444444,0.2666666666666667
pm = 0.10,44,69,61232.0,-5670424.72,17334,61232,0.4473084444444445,0.31333333333333335
pm = 0.10,44,70,61232.0,-6296322.773333333,17334,61232,0.45148444444444435,0.28
pm = 0.10,44,71,61232.0,-6063615.626666667,17334,61232,0.4579377777777777,0.28
pm = 0.10,44,72,61232.0,-6203328.6466666665,17334,61232,0.45709066666666653,0.2733333333333333
pm = 0.10,44,73,61232.0,-5622393.546666667,17334,61232,0.46115555555555543,0.2466666666666667
pm = 0.10,44,74,61232.0,-5145391.086666667,17334,61232,0.4622702222222223,0.26
pm = 0.10,44,75,61232.0,-3723958.7866666666,17334,61232,0.4589351111111112,0.2666666666666667
pm = 0.10,44,76,61232.0,-7792740.84,17334,61232,0.4502693333333332,0.32666666666666666
pm = 0.10,44,77,61232.0,-5867382.46,17334,61232,0.44244711111111135,0.23333333333333328
pm = 0.10,44,78,61232.0,-5573765.793333333,17334,61232,0.4381564444444443,0.28
pm = 0.10,44,79,61232.0,-4076343.18,17334,61232,0.439143111111111,0.29333333333333333
pm = 0.10,44,80,61232.0,-4824344.28,17334,61232,0.431944,0.22666666666666668
pm = 0.10,44,81,61232.0,-4472046.433333334,17334,61232,0.4300906666666668,0.18000000000000005
pm = 0.10,44,82,61232.0,-7162590.406666666,17334,61232,0.42936711111111125,0.30000000000000004
pm = 0.10,44,83,61232.0,-4516861.253333333,17334,61232,0.427071111111111,0.2666666666666667
pm = 0.10,44,84,61232.0,-5239441.24,17334,61232,0.43278488888888894,0.26
pm = 0.10,44,85,61232.0,-6137447.3133333335,17334,61232,0.4390426666666667,0.2866666666666666
pm = 0.10,44,86,61232.0,-3871541.553333333,17334,61232,0.43823199999999995,0.21333333333333337
pm = 0.10,44,87,61232.0,-4672098.02,17334,61232,0.44381866666666675,0.2466666666666667
pm = 0.10,44,88,61232.0,-4549243.206666667,17334,61232,0.4441484444444444,0.2466666666666667
pm = 0.10,44,89,61232.0,-6119135.593333334,17334,61232,0.4483235555555556,0.29333333333333333
pm = 0.10,44,90,61232.0,-5263509.113333333,17334,61232,0.4491386666666668,0.23333333333333328
pm = 0.10,44,91,61232.0,-5885946.42,17334,61232,0.44470311111111116,0.26
pm = 0.10,44,92,61232.0,-7542081.446666666,17334,61232,0.44340177777777784,0.33333333333333337
pm = 0.10,44,93,61232.0,-4670895.253333333,17334,61232,0.44435999999999987,0.26
pm = 0.10,44,94,61232.0,-5008143.233333333,17334,61232,0.43990844444444427,0.22666666666666668
pm = 0.10,44,95,61232.0,-4378814.606666666,17334,61232,0.4355813333333334,0.21999999999999997
pm = 0.10,44,96,61232.0,-5752946.22,17334,61232,0.439744,0.2666666666666667
pm = 0.10,44,97,61232.0,-5279485.846666667,17334,61232,0.44084177777777794,0.22666666666666668
pm = 0.10,44,98,61232.0,-6574514.153333333,17334,61232,0.44308088888888897,0.2866666666666666
pm = 0.10,44,99,61232.0,-6219706.873333333,17334,61232,0.44212888888888896,0.2533333333333333
pm = 0.10,44,100,61232.0,-5087930.66,17334,61232,0.4503493333333332,0.24
pm = 0.10,44,101,61232.0,-6830466.54,17334,61232,0.4544586666666667,0.31333333333333335
pm = 0.10,44,102,61232.0,-5832184.746666667,17334,61232,0.4529537777777779,0.2666666666666667
pm = 0.10,44,103,61451.0,-4738863.673333333,16617,61451,0.45046399999999986,0.21333333333333337
pm = 0.10,44,104,61451.0,-6322850.793333333,16617,61451,0.4379342222222223,0.2866666666666666
pm = 0.10,44,105,61451.0,-4857851.14,16617,61451,0.4358311111111113,0.2533333333333333
pm = 0.10,44,106,61451.0,-6141236.026666666,16617,61451,0.4412444444444445,0.29333333333333333
pm = 0.10,44,107,61451.0,-5581625.986666666,16617,61451,0.43773244444444437,0.2733333333333333
pm = 0.10,44,108,61451.0,-3386925.2,16617,61451,0.4357688888888889,0.19333333333333336
pm = 0.10,44,109,61451.0,-4333630.306666667,16617,61451,0.4333688888888891,0.23333333333333328
pm = 0.10,44,110,61451.0,-3726577.2,16617,61451,0.4371946666666667,0.21999999999999997
pm = 0.10,44,111,61451.0,-5068520.78,16617,61451,0.4374391111111109,0.22666666666666668
pm = 0.10,44,112,61451.0,-3318356.966666667,16617,61451,0.44665511111111106,0.18666666666666665
pm = 0.10,44,113,61451.0,-4805731.746666667,16617,61451,0.44834222222222214,0.2666666666666667
pm = 0.10,44,114,61451.0,-6600485.72,16617,61451,0.44918844444444445,0.2866666666666666
pm = 0.10,44,115,61451.0,-4559954.026666666,16617,61451,0.44689600000000007,0.21333333333333337
pm = 0.10,44,116,61451.0,-5372614.986666666,16617,61451,0.44491022222222226,0.2466666666666667
pm = 0.10,44,117,61451.0,-4140285.36,16617,61451,0.4537653333333332,0.18000000000000005
pm = 0.10,44,118,61451.0,-6669451.766666667,16617,61451,0.4544026666666667,0.30000000000000004
pm = 0.10,44,119,61451.0,-6557923.533333333,16617,61451,0.4540071111111111,0.2733333333333333
pm = 0.10,44,120,61451.0,-5597413.4,16617,61451,0.4461919999999999,0.16666666666666663
pm = 0.10,44,121,61451.0,-4969166.726666667,16617,61451,0.43764977777777764,0.20666666666666667
pm = 0.10,44,122,61451.0,-6084782.913333333,16617,61451,0.4389155555555556,0.26
pm = 0.10,44,123,61451.0,-7779460.413333333,16617,61451,0.45002488888888886,0.2733333333333333
pm = 0.10,44,124,61451.0,-3604955.6,16617,61451,0.446760888888889,0.19333333333333336
pm = 0.10,44,125,61451.0,-6175622.306666667,16617,61451,0.4409235555555558,0.23333333333333328
pm = 0.10,44,126,61451.0,-7301470.133333334,16617,61451,0.4403013333333333,0.30000000000000004
pm = 0.10,44,127,61451.0,-8380838.753333333,16617,61451,0.44161777777777755,0.28
pm = 0.10,44,128,61451.0,-5039049.153333333,16617,61451,0.44605955555555554,0.22666666666666668
pm = 0.10,44,129,61451.0,-2946104.986666667,16617,61451,0.4442728888888887,0.19333333333333336
pm = 0.10,44,130,61451.0,-6510359.993333333,16617,61451,0.44230844444444456,0.24
pm = 0.10,44,131,61451.0,-4034057.453333333,16617,61451,0.4427546666666667,0.24
pm = 0.10,44,132,61451.0,-4724869.34,16617,61451,0.4488995555555556,0.23333333333333328
pm = 0.10,44,133,61451.0,-6458498.913333333,16617,61451,0.4410088888888889,0.21999999999999997
pm = 0.10,44,134,61451.0,-3737818.1333333333,16617,61451,0.42898399999999987,0.2466666666666667
pm = 0.10,44,135,61451.0,-4615109.773333333,16617,61451,0.43331822222222205,0.2666666666666667
pm = 0.10,44,136,61451.0,-4035655.5933333333,16617,61451,0.43566933333333346,0.2466666666666667
pm = 0.10,44,137,61451.0,-4344859.553333334,16617,61451,0.43726933333333334,0.21999999999999997
pm = 0.10,44,138,61451.0,-5612891.193333333,16617,61451,0.43757155555555555,0.2533333333333333
pm = 0.10,44,139,61451.0,-4781541.693333333,16617,61451,0.4341066666666668,0.2666666666666667
pm = 0.10,44,140,61451.0,-5711189.273333333,16617,61451,0.4334257777777777,0.23333333333333328
pm = 0.10,44,141,61858.0,-5662900.52,17076,61858,0.43112533333333336,0.23333333333333328
pm = 0.10,44,142,61858.0,-5397087.506666667,17076,61858,0.427232,0.23333333333333328
pm = 0.10,44,143,61858.0,-5547773.926666667,17076,61858,0.4255040000000001,0.2533333333333333
pm = 0.10,44,144,61858.0,-7235272.14,17076,61858,0.4331644444444444,0.33999999999999997
pm = 0.10,44,145,61858.0,-4521238.446666666,17076,61858,0.44340355555555555,0.24
pm = 0.10,44,146,61858.0,-8343165.413333333,17076,61858,0.4508017777777777,0.3533333333333334
pm = 0.10,44,147,61858.0,-5224096.38,17076,61858,0.45208711111111105,0.2733333333333333
pm = 0.10,44,148,61858.0,-5959313.86,17076,61858,0.4507146666666668,0.28
pm = 0.10,44,149,61858.0,-3976161.08,17076,61858,0.4464462222222223,0.17333333333333334
pm = 0.10,44,150,61858.0,-6773500.986666666,17076,61858,0.4442044444444441,0.2733333333333333
pm = 0.10,44,151,61858.0,-4431806.893333334,17076,61858,0.45450311111111097,0.26
pm = 0.10,44,152,61858.0,-7037045.733333333,17076,61858,0.4556595555555555,0.30666666666666664
pm = 0.10,44,153,61858.0,-4643734.34,17076,61858,0.45640800000000004,0.28
pm = 0.10,44,154,61858.0,-4351178.526666666,17076,61858,0.4585626666666666,0.24
pm = 0.10,44,155,61858.0,-4504935.72,17076,61858,0.45459377777777754,0.2533333333333333
pm = 0.10,44,156,61858.0,-4635712.18,17076,61858,0.45410133333333325,0.21333333333333337
pm = 0.10,44,157,61858.0,-4728837.68,17076,61858,0.4502382222222222,0.2466666666666667
pm = 0.10,44,158,61858.0,-6304252.446666666,17076,61858,0.44080977777777763,0.28
pm = 0.10,44,159,61858.0,-4579274.973333334,17076,61858,0.43962666666666655,0.19999999999999996
pm = 0.10,44,160,61858.0,-5834255.48,17076,61858,0.4349813333333333,0.24
pm = 0.10,44,161,61858.0,-5979300.8533333335,17076,61858,0.43644355555555536,0.29333333333333333
pm = 0.10,44,162,61858.0,-4871215.266666667,17076,61858,0.440809777777778,0.2666666666666667
pm = 0.10,44,163,61858.0,-6487087.026666666,17076,61858,0.4419680000000001,0.28
pm = 0.10,44,164,61858.0,-6508306.9,17076,61858,0.44116177777777776,0.26
pm = 0.10,44,165,61858.0,-8427061.553333333,17076,61858,0.44823822222222226,0.30666666666666664
pm = 0.10,44,166,61858.0,-4670527.18,17076,61858,0.44810844444444436,0.2466666666666667
pm = 0.10,44,167,61858.0,-4452430.84,17076,61858,0.45072177777777783,0.2666666666666667
pm = 0.10,44,168,61858.0,-4020442.6266666665,17076,61858,0.44726577777777776,0.18666666666666665
pm = 0.10,44,169,61858.0,-4184583.8733333335,17076,61858,0.44488799999999995,0.23333333333333328
pm = 0.10,44,170,61858.0,-3862577.6666666665,17076,61858,0.4400880000000001,0.21333333333333337
pm = 0.10,44,171,61858.0,-5220151.493333333,17076,61858,0.4399279999999999,0.2733333333333333
pm = 0.10,44,172,61858.0,-4599175.746666667,17076,61858,0.4431288888888887,0.2733333333333333
pm = 0.10,44,173,61858.0,-5824911.126666667,17076,61858,0.4456231111111109,0.26
pm = 0.10,44,174,61858.0,-5886018.44,17076,61858,0.4457306666666666,0.26
pm = 0.10,44,175,61858.0,-4226825.446666666,17076,61858,0.4440968888888889,0.20666666666666667
pm = 0.10,44,176,61858.0,-5649899.246666667,17076,61858,0.44160000000000005,0.23333333333333328
pm = 0.10,44,177,61858.0,-4552517.18,17076,61858,0.445751111111111,0.22666666666666668
pm = 0.10,44,178,61858.0,-5130302.133333334,17076,61858,0.44732444444444464,0.2666666666666667
pm = 0.10,44,179,61858.0,-4940367.826666667,17076,61858,0.44720000000000015,0.2733333333333333
pm = 0.10,44,180,61858.0,-3159613.473333333,17076,61858,0.446656,0.21999999999999997
pm = 0.10,44,181,61858.0,-4655800.18,17076,61858,0.4421413333333332,0.2733333333333333
pm = 0.10,44,182,61858.0,-4265187.773333333,17076,61858,0.4454177777777777,0.23333333333333328
pm = 0.10,44,183,61858.0,-4295168.506666667,17076,61858,0.4427911111111111,0.19999999999999996
pm = 0.10,44,184,61858.0,-7307543.413333333,17076,61858,0.4447573333333333,0.28
pm = 0.10,44,185,61858.0,-4514928.4,17076,61858,0.44956266666666655,0.22666666666666668
pm = 0.10,44,186,61858.0,-5373990.56,17076,61858,0.4396417777777778,0.2666666666666667
pm = 0.10,44,187,61858.0,-4123416.6333333333,17076,61858,0.43750666666666665,0.21999999999999997
pm = 0.10,44,188,61858.0,-5528389.32,17076,61858,0.44215022222222217,0.23333333333333328
pm = 0.10,44,189,61858.0,-5591892.546666667,17076,61858,0.44537422222222206,0.28
pm = 0.10,44,190,61858.0,-6208864.426666667,17076,61858,0.45017688888888885,0.30666666666666664
pm = 0.10,44,191,62029.0,-6846148.946666666,17343,62029,0.4448675555555555,0.28
pm = 0.10,44,192,62029.0,-6143457.973333334,17343,62029,0.4479786666666665,0.2733333333333333
pm = 0.10,44,193,62029.0,-4580061.746666667,17343,62029,0.4516106666666667,0.23333333333333328
pm = 0.10,44,194,62029.0,-4118990.526666667,17343,62029,0.4464577777777779,0.21999999999999997
pm = 0.10,44,195,62029.0,-6038756.946666666,17343,62029,0.43943466666666664,0.28
pm = 0.10,44,196,62029.0,-6709912.493333333,17343,62029,0.4363040000000001,0.2666666666666667
pm = 0.10,44,197,62029.0,-4529734.826666667,17343,62029,0.43038755555555575,0.2733333333333333
pm = 0.10,44,198,62029.0,-5713672.926666667,17343,62029,0.43556000000000017,0.2533333333333333
pm = 0.10,44,199,62029.0,-6862046.48,17343,62029,0.4391155555555556,0.2733333333333333
pm = 0.10,44,200,62029.0,-5274305.413333333,17343,62029,0.43673511111111113,0.2733333333333333
pm = 0.10,45,0,51191.0,-22634740.36,15687,51191,0.49700977777777744,0.5933333333333333
pm = 0.10,45,1,51887.0,-10723368.58,16509,51887,0.4933946666666666,0.3866666666666667
pm = 0.10,45,2,54225.0,-6454786.5,16365,54225,0.48783377777777764,0.2733333333333333
pm = 0.10,45,3,54437.0,-4205956.913333333,17049,54437,0.48017155555555546,0.22666666666666668
pm = 0.10,45,4,54437.0,-5288796.073333333,17049,54437,0.47553511111111113,0.22666666666666668
pm = 0.10,45,5,54969.0,-6096357.94,16203,54969,0.4745964444444445,0.30666666666666664
pm = 0.10,45,6,58063.0,-5063836.3,15651,58063,0.4722551111111111,0.2466666666666667
pm = 0.10,45,7,58063.0,-6135868.046666667,15651,58063,0.470455111111111,0.29333333333333333
pm = 0.10,45,8,58063.0,-5172637.746666667,15651,58063,0.4684808888888886,0.26
pm = 0.10,45,9,60849.0,-5026098.546666667,16383,60849,0.4630862222222222,0.2733333333333333
pm = 0.10,45,10,60849.0,-3710818.8866666667,16383,60849,0.4560151111111109,0.21999999999999997
pm = 0.10,45,11,60849.0,-4909208.84,16383,60849,0.4506062222222221,0.22666666666666668
pm = 0.10,45,12,60849.0,-4597086.293333333,16383,60849,0.4521591111111111,0.19333333333333336
pm = 0.10,45,13,60849.0,-5975236.486666666,16383,60849,0.4524355555555555,0.22666666666666668
pm = 0.10,45,14,60849.0,-5004803.213333333,16383,60849,0.4513768888888888,0.2533333333333333
pm = 0.10,45,15,60849.0,-6122250.993333333,16383,60849,0.44977511111111135,0.2466666666666667
pm = 0.10,45,16,60849.0,-4404543.72,16383,60849,0.4427324444444445,0.28
pm = 0.10,45,17,61037.0,-4101565.7933333335,17559,61037,0.43546133333333303,0.23333333333333328
pm = 0.10,45,18,61037.0,-6655460.6,17559,61037,0.4372737777777779,0.2866666666666666
pm = 0.10,45,19,61037.0,-5676574.006666667,17559,61037,0.43747911111111093,0.26
pm = 0.10,45,20,61037.0,-4458128.446666666,17559,61037,0.44473866666666667,0.23333333333333328
pm = 0.10,45,21,61037.0,-4497893.72,17559,61037,0.4470408888888888,0.24
pm = 0.10,45,22,61037.0,-4971209.52,17559,61037,0.44846311111111103,0.18666666666666665
pm = 0.10,45,23,61037.0,-5867420.36,17559,61037,0.44454222222222234,0.30666666666666664
pm = 0.10,45,24,61037.0,-5623494.78,17559,61037,0.44706222222222197,0.2533333333333333
pm = 0.10,45,25,61037.0,-7233885.9,17559,61037,0.45285777777777775,0.33333333333333337
pm = 0.10,45,26,61037.0,-4062353.18,17559,61037,0.4501448888888889,0.21333333333333337
pm = 0.10,45,27,61037.0,-5541069.44,17559,61037,0.4375040000000001,0.29333333333333333
pm = 0.10,45,28,61037.0,-4266045.046666667,17559,61037,0.4331840000000001,0.20666666666666667
pm = 0.10,45,29,61037.0,-5187614.786666667,17559,61037,0.44018755555555555,0.2466666666666667
pm = 0.10,45,30,61037.0,-6170064.133333334,17559,61037,0.4445582222222221,0.2533333333333333
pm = 0.10,45,31,61037.0,-6683782.473333334,17559,61037,0.44986311111111116,0.30666666666666664
pm = 0.10,45,32,61037.0,-3665245.8333333335,17559,61037,0.45056799999999997,0.22666666666666668
pm = 0.10,45,33,61037.0,-7379622.5,17559,61037,0.45224533333333317,0.36
pm = 0.10,45,34,61037.0,-5426555.433333334,17559,61037,0.4532293333333333,0.2733333333333333
pm = 0.10,45,35,61037.0,-6660410.806666667,17559,61037,0.45118577777777785,0.31333333333333335
pm = 0.10,45,36,61037.0,-5003972.986666666,17559,61037,0.4526551111111109,0.23333333333333328
pm = 0.10,45,37,61037.0,-5647202.64,17559,61037,0.4601902222222221,0.30000000000000004
pm = 0.10,45,38,61037.0,-4977537.8133333335,17559,61037,0.45260177777777777,0.20666666666666667
pm = 0.10,45,39,61037.0,-4374026.6866666665,17559,61037,0.45784444444444455,0.2466666666666667
pm = 0.10,45,40,61037.0,-4522936.113333333,17559,61037,0.4544,0.23333333333333328
pm = 0.10,45,41,61037.0,-5447830.84,17559,61037,0.4568933333333333,0.2466666666666667
pm = 0.10,45,42,61037.0,-5242818.826666667,17559,61037,0.4554008888888887,0.23333333333333328
pm = 0.10,45,43,61037.0,-4235874.84,17559,61037,0.4474995555555557,0.21333333333333337
pm = 0.10,45,44,61037.0,-6970489.286666667,17559,61037,0.44372711111111085,0.36
pm = 0.10,45,45,61037.0,-6172784.6466666665,17559,61037,0.4470844444444445,0.30000000000000004
pm = 0.10,45,46,61037.0,-7542678.006666667,17559,61037,0.44915911111111106,0.30666666666666664
pm = 0.10,45,47,61037.0,-5267290.42,17559,61037,0.45397244444444484,0.2466666666666667
pm = 0.10,45,48,61037.0,-5995999.106666666,17559,61037,0.4549493333333335,0.28
pm = 0.10,45,49,61037.0,-4934017.053333334,17559,61037,0.45012177777777773,0.2533333333333333
pm = 0.10,45,50,61037.0,-5803270.926666667,17559,61037,0.45224177777777785,0.26
pm = 0.10,45,51,61037.0,-6542050.68,17559,61037,0.45378666666666667,0.2733333333333333
pm = 0.10,45,52,61037.0,-5528784.266666667,17559,61037,0.4488391111111112,0.28
pm = 0.10,45,53,61037.0,-6011941.013333334,17559,61037,0.44796355555555556,0.24
pm = 0.10,45,54,61037.0,-4945086.8,17559,61037,0.4492631111111109,0.23333333333333328
pm = 0.10,45,55,61037.0,-5433742.44,17559,61037,0.45171466666666665,0.2533333333333333
pm = 0.10,45,56,61037.0,-6841305.633333334,17559,61037,0.4486177777777777,0.29333333333333333
pm = 0.10,45,57,61037.0,-6961333.68,17559,61037,0.44588711111111123,0.33333333333333337
pm = 0.10,45,58,61037.0,-4666476.266666667,17559,61037,0.4414933333333333,0.23333333333333328
pm = 0.10,45,59,61037.0,-4000074.04,17559,61037,0.43697777777777785,0.22666666666666668
pm = 0.10,45,60,61037.0,-6038886.28,17559,61037,0.43571911111111106,0.2733333333333333
pm = 0.10,45,61,61037.0,-6143561.04,17559,61037,0.4346133333333335,0.2666666666666667
pm = 0.10,45,62,61037.0,-4766422.54,17559,61037,0.4343448888888888,0.19333333333333336
pm = 0.10,45,63,61037.0,-5717785.92,17559,61037,0.4287413333333335,0.2533333333333333
pm = 0.10,45,64,61155.0,-5130018.733333333,17655,61155,0.43608888888888897,0.28
pm = 0.10,45,65,61155.0,-5856844.926666667,17655,61155,0.43537066666666663,0.29333333333333333
pm = 0.10,45,66,61155.0,-6202265.02,17655,61155,0.44332088888888876,0.30666666666666664
pm = 0.10,45,67,61155.0,-6796296.373333333,17655,61155,0.4433822222222221,0.2866666666666666
pm = 0.10,45,68,61155.0,-5651713.766666667,17655,61155,0.45117422222222225,0.2666666666666667
pm = 0.10,45,69,61155.0,-5200521.5,17655,61155,0.4512195555555553,0.22666666666666668
pm = 0.10,45,70,61155.0,-7017474.826666667,17655,61155,0.4516506666666667,0.31999999999999995
pm = 0.10,45,71,61155.0,-4903214.926666667,17655,61155,0.45468355555555534,0.2533333333333333
pm = 0.10,45,72,61155.0,-7729539.233333333,17655,61155,0.4572391111111109,0.33999999999999997
pm = 0.10,45,73,61155.0,-5186754.34,17655,61155,0.4598711111111113,0.2666666666666667
pm = 0.10,45,74,61155.0,-5985004.966666667,17655,61155,0.4576826666666667,0.30000000000000004
pm = 0.10,45,75,61155.0,-5617825.786666667,17655,61155,0.4612933333333331,0.29333333333333333
pm = 0.10,45,76,61155.0,-4830892.073333333,17655,61155,0.4585608888888889,0.2533333333333333
pm = 0.10,45,77,61155.0,-6097008.24,17655,61155,0.45958844444444436,0.30666666666666664
pm = 0.10,45,78,61155.0,-5284198.906666666,17655,61155,0.4532062222222222,0.26
pm = 0.10,45,79,61155.0,-6198137.673333333,17655,61155,0.44717155555555593,0.31333333333333335
pm = 0.10,45,80,61155.0,-5314017.266666667,17655,61155,0.4516088888888889,0.2466666666666667
pm = 0.10,45,81,61155.0,-4073721.6133333333,17655,61155,0.4525288888888889,0.21333333333333337
pm = 0.10,45,82,61155.0,-6177993.306666667,17655,61155,0.45553688888888877,0.2866666666666666
pm = 0.10,45,83,61155.0,-5942246.18,17655,61155,0.45340622222222215,0.2533333333333333
pm = 0.10,45,84,61155.0,-5666016.193333333,17655,61155,0.45383288888888873,0.29333333333333333
pm = 0.10,45,85,61155.0,-3759885.6533333333,17655,61155,0.45005600000000023,0.20666666666666667
pm = 0.10,45,86,61155.0,-6380268.906666666,17655,61155,0.45237688888888883,0.2666666666666667
pm = 0.10,45,87,61155.0,-4555624.3533333335,17655,61155,0.4504151111111112,0.24
pm = 0.10,45,88,61155.0,-4315633.8,17655,61155,0.44693955555555576,0.2466666666666667
pm = 0.10,45,89,61155.0,-4184301.993333333,17655,61155,0.4523679999999998,0.22666666666666668
pm = 0.10,45,90,61155.0,-5006630.766666667,17655,61155,0.45543466666666665,0.2533333333333333
pm = 0.10,45,91,61155.0,-5942504.4,17655,61155,0.45730666666666664,0.2733333333333333
pm = 0.10,45,92,61155.0,-6122805.18,17655,61155,0.45069333333333333,0.30000000000000004
pm = 0.10,45,93,61155.0,-3976629.32,17655,61155,0.4548640000000001,0.19999999999999996
pm = 0.10,45,94,61155.0,-5275372.913333333,17655,61155,0.4546906666666664,0.2533333333333333
pm = 0.10,45,95,61155.0,-5201718.26,17655,61155,0.45185244444444433,0.2466666666666667
pm = 0.10,45,96,61155.0,-4137629.46,17655,61155,0.44754133333333335,0.2533333333333333
pm = 0.10,45,97,61155.0,-5912985.333333333,17655,61155,0.440720888888889,0.2666666666666667
pm = 0.10,45,98,61155.0,-3927258.42,17655,61155,0.4364266666666667,0.19999999999999996
pm = 0.10,45,99,61155.0,-6166221.74,17655,61155,0.44071733333333335,0.2666666666666667
pm = 0.10,45,100,61155.0,-4800007.653333333,17655,61155,0.4486675555555557,0.26
pm = 0.10,45,101,61155.0,-4924732.066666666,17655,61155,0.4428826666666668,0.30666666666666664
pm = 0.10,45,102,61155.0,-4867197.56,17655,61155,0.4434755555555554,0.30666666666666664
pm = 0.10,45,103,61155.0,-6877899.08,17655,61155,0.4503635555555557,0.31999999999999995
pm = 0.10,45,104,61155.0,-4984771.44,17655,61155,0.4558231111111109,0.2866666666666666
pm = 0.10,45,105,61155.0,-4406870.88,17655,61155,0.4511884444444446,0.26
pm = 0.10,45,106,61155.0,-4398774.846666667,17655,61155,0.444976,0.24
pm = 0.10,45,107,61155.0,-4275745.8533333335,17655,61155,0.4508924444444445,0.21999999999999997
pm = 0.10,45,108,61155.0,-6948717.826666667,17655,61155,0.45322755555555544,0.30000000000000004
pm = 0.10,45,109,61155.0,-4980132.913333333,17655,61155,0.44833511111111113,0.28
pm = 0.10,45,110,61155.0,-5320205.786666667,17655,61155,0.4447937777777779,0.2466666666666667
pm = 0.10,45,111,63139.0,-4273809.026666666,17223,63139,0.440816888888889,0.22666666666666668
pm = 0.10,45,112,63139.0,-4993692.306666667,17223,63139,0.44194133333333324,0.26
pm = 0.10,45,113,63139.0,-5923391.38,17223,63139,0.4495688888888891,0.2533333333333333
pm = 0.10,45,114,63139.0,-4745138.34,17223,63139,0.4475440000000001,0.29333333333333333
pm = 0.10,45,115,63139.0,-4714548.64,17223,63139,0.4488311111111112,0.23333333333333328
pm = 0.10,45,116,63139.0,-4621065.533333333,17223,63139,0.4436035555555554,0.22666666666666668
pm = 0.10,45,117,63139.0,-5103778.94,17223,63139,0.4483964444444443,0.21999999999999997
pm = 0.10,45,118,63139.0,-7264730.1466666665,17223,63139,0.4470302222222224,0.30000000000000004
pm = 0.10,45,119,63139.0,-6113613.533333333,17223,63139,0.4474986666666665,0.31333333333333335
pm = 0.10,45,120,63139.0,-4741998.92,17223,63139,0.4503386666666668,0.21999999999999997
pm = 0.10,45,121,63139.0,-6986893.586666667,17223,63139,0.44881688888888893,0.30666666666666664
pm = 0.10,45,122,63139.0,-3798041.9133333336,17223,63139,0.44464000000000015,0.20666666666666667
pm = 0.10,45,123,63139.0,-5751161.906666666,17223,63139,0.44499111111111117,0.2866666666666666
pm = 0.10,45,124,63139.0,-4472596.1466666665,17223,63139,0.43926133333333334,0.21333333333333337
pm = 0.10,45,125,63139.0,-5192897.66,17223,63139,0.4416311111111112,0.26
pm = 0.10,45,126,63139.0,-8321401.2,17223,63139,0.4390746666666667,0.33999999999999997
pm = 0.10,45,127,63139.0,-5920544.433333334,17223,63139,0.4445022222222221,0.23333333333333328
pm = 0.10,45,128,63139.0,-3697278.7866666666,17223,63139,0.44549511111111106,0.19999999999999996
pm = 0.10,45,129,63139.0,-5956031.466666667,17223,63139,0.45042844444444435,0.2666666666666667
pm = 0.10,45,130,63139.0,-6167106.8533333335,17223,63139,0.4473342222222221,0.2866666666666666
pm = 0.10,45,131,63139.0,-4823498.18,17223,63139,0.44523644444444443,0.26
pm = 0.10,45,132,63139.0,-6872995.8133333335,17223,63139,0.44061333333333363,0.3466666666666667
pm = 0.10,45,133,63139.0,-5660853.746666667,17223,63139,0.4491768888888889,0.2666666666666667
pm = 0.10,45,134,63139.0,-4681496.1466666665,17223,63139,0.4508666666666668,0.21333333333333337
pm = 0.10,45,135,63139.0,-6535140.006666667,17223,63139,0.4517671111111111,0.30666666666666664
pm = 0.10,45,136,63139.0,-4536265.086666667,17223,63139,0.44924266666666685,0.2666666666666667
pm = 0.10,45,137,63139.0,-5672364.693333333,17223,63139,0.4472435555555556,0.26
pm = 0.10,45,138,63139.0,-6420098.26,17223,63139,0.44711555555555554,0.29333333333333333
pm = 0.10,45,139,63139.0,-6140393.886666667,17223,63139,0.4419066666666668,0.30666666666666664
pm = 0.10,45,140,63139.0,-4837089.34,17223,63139,0.44599644444444436,0.23333333333333328
pm = 0.10,45,141,63139.0,-5336488.793333333,17223,63139,0.44036799999999987,0.2866666666666666
pm = 0.10,45,142,63139.0,-5080479.1,17223,63139,0.4451262222222222,0.2866666666666666
pm = 0.10,45,143,63139.0,-7275317.306666667,17223,63139,0.4411511111111112,0.31333333333333335
pm = 0.10,45,144,63139.0,-5178590.88,17223,63139,0.4361422222222223,0.2866666666666666
pm = 0.10,45,145,63139.0,-7176951.713333333,17223,63139,0.4416862222222222,0.2733333333333333
pm = 0.10,45,146,63139.0,-7822155.86,17223,63139,0.44647111111111115,0.30000000000000004
pm = 0.10,45,147,63139.0,-5253257.46,17223,63139,0.44891911111111094,0.2466666666666667
pm = 0.10,45,148,63139.0,-5484810.926666667,17223,63139,0.44696533333333327,0.2866666666666666
pm = 0.10,45,149,63139.0,-5083462.24,17223,63139,0.4368711111111111,0.2466666666666667
pm = 0.10,45,150,63139.0,-4868880.34,17223,63139,0.4379377777777777,0.2533333333333333
pm = 0.10,45,151,63139.0,-6215289.42,17223,63139,0.4436435555555556,0.2733333333333333
pm = 0.10,45,152,63139.0,-4641663.34,17223,63139,0.43736177777777757,0.21333333333333337
pm = 0.10,45,153,63139.0,-4234879.62,17223,63139,0.442416888888889,0.2533333333333333
pm = 0.10,45,154,63139.0,-6220234.74,17223,63139,0.44354133333333323,0.26
pm = 0.10,45,155,63139.0,-4767673.293333333,17223,63139,0.4388133333333333,0.19999999999999996
pm = 0.10,45,156,63139.0,-5890904.126666667,17223,63139,0.436144,0.2666666666666667
pm = 0.10,45,157,63139.0,-5247301.766666667,17223,63139,0.43369599999999997,0.24
pm = 0.10,45,158,63139.0,-6105958.32,17223,63139,0.4402471111111113,0.2533333333333333
pm = 0.10,45,159,63139.0,-7051037.606666666,17223,63139,0.4464053333333334,0.33999999999999997
pm = 0.10,45,160,63139.0,-3767809.78,17223,63139,0.4415955555555554,0.19333333333333336
pm = 0.10,45,161,63139.0,-5435313.24,17223,63139,0.4386444444444445,0.26
pm = 0.10,45,162,63139.0,-7351465.006666667,17223,63139,0.44167555555555543,0.29333333333333333
pm = 0.10,45,163,63139.0,-7165720.513333334,17223,63139,0.43659022222222227,0.2866666666666666
pm = 0.10,45,164,63375.0,-7176470.8,17415,63375,0.4408453333333333,0.28
pm = 0.10,45,165,63375.0,-5559938.9,17415,63375,0.4438382222222226,0.23333333333333328
pm = 0.10,45,166,63375.0,-4953286.58,17415,63375,0.4417466666666669,0.2666666666666667
pm = 0.10,45,167,63375.0,-4837019.473333334,17415,63375,0.44260266666666676,0.22666666666666668
pm = 0.10,45,168,63375.0,-6415563.526666666,17415,63375,0.4422035555555554,0.28
pm = 0.10,45,169,63375.0,-4105671.466666667,17415,63375,0.4441955555555556,0.2533333333333333
pm = 0.10,45,170,63375.0,-4084017.54,17415,63375,0.4447377777777776,0.17333333333333334
pm = 0.10,45,171,63375.0,-5814699.966666667,17415,63375,0.4400844444444445,0.2666666666666667
pm = 0.10,45,172,63375.0,-3654596.966666667,17415,63375,0.4452284444444446,0.20666666666666667
pm = 0.10,45,173,63375.0,-5061416.006666667,17415,63375,0.4461191111111112,0.29333333333333333
pm = 0.10,45,174,63375.0,-6077050.233333333,17415,63375,0.44519644444444445,0.24
pm = 0.10,45,175,63375.0,-4201672.333333333,17415,63375,0.4413751111111111,0.2466666666666667
pm = 0.10,45,176,63375.0,-7463411.613333333,17415,63375,0.445774222222222,0.36
pm = 0.10,45,177,63375.0,-5712925.16,17415,63375,0.4485635555555557,0.2533333333333333
pm = 0.10,45,178,63375.0,-5329321.606666666,17415,63375,0.445488,0.24
pm = 0.10,45,179,64042.0,-5311864.493333333,17574,64042,0.4387955555555554,0.23333333333333328
pm = 0.10,45,180,64042.0,-3033186.7466666666,17574,64042,0.44547466666666635,0.24
pm = 0.10,45,181,64042.0,-5976504.54,17574,64042,0.4482213333333334,0.2666666666666667
pm = 0.10,45,182,64042.0,-5391628.346666667,17574,64042,0.45425600000000005,0.31999999999999995
pm = 0.10,45,183,64042.0,-7157624.22,17574,64042,0.4525102222222221,0.3533333333333334
pm = 0.10,45,184,64042.0,-4874000.18,17574,64042,0.45502311111111127,0.21999999999999997
pm = 0.10,45,185,64042.0,-8601403.113333333,17574,64042,0.4457075555555555,0.28
pm = 0.10,45,186,64042.0,-4507401.926666667,17574,64042,0.4365564444444444,0.2533333333333333
pm = 0.10,45,187,64042.0,-5947283.693333333,17574,64042,0.44662044444444426,0.29333333333333333
pm = 0.10,45,188,64042.0,-7605932.586666667,17574,64042,0.44586933333333306,0.33333333333333337
pm = 0.10,45,189,64042.0,-4432600.153333333,17574,64042,0.4512079999999999,0.2733333333333333
pm = 0.10,45,190,64042.0,-6604672.513333334,17574,64042,0.44947288888888876,0.30000000000000004
pm = 0.10,45,191,64042.0,-5213060.266666667,17574,64042,0.44648533333333323,0.28
pm = 0.10,45,192,64042.0,-6632961.566666666,17574,64042,0.4494053333333335,0.32666666666666666
pm = 0.10,45,193,64042.0,-4968310.78,17574,64042,0.44504000000000005,0.21333333333333337
pm = 0.10,45,194,64042.0,-6727745.253333333,17574,64042,0.44794311111111107,0.30000000000000004
pm = 0.10,45,195,64042.0,-4541732.193333333,17574,64042,0.452247111111111,0.18666666666666665
pm = 0.10,45,196,64042.0,-7993372.466666667,17574,64042,0.44219200000000003,0.33999999999999997
pm = 0.10,45,197,64042.0,-6379881.606666666,17574,64042,0.4426586666666667,0.2666666666666667
pm = 0.10,45,198,64042.0,-5010363.6466666665,17574,64042,0.4421946666666664,0.2733333333333333
pm = 0.10,45,199,64042.0,-3954121.3733333335,17574,64042,0.4362337777777778,0.21333333333333337
pm = 0.10,45,200,64042.0,-7758034.486666666,17574,64042,0.4397884444444445,0.31333333333333335
pm = 0.10,46,0,51054.0,-18729384.1,17238,51054,0.4957777777777777,0.5066666666666666
pm = 0.10,46,1,51054.0,-7986021.306666667,17238,51054,0.4887315555555556,0.33333333333333337
pm = 0.10,46,2,52188.0,-6290369.593333334,16626,52188,0.4824773333333333,0.2733333333333333
pm = 0.10,46,3,54343.0,-5169591.066666666,16461,54343,0.47629244444444446,0.2666666666666667
pm = 0.10,46,4,54897.0,-6127696.046666667,17679,54897,0.4730266666666668,0.2733333333333333
pm = 0.10,46,5,55429.0,-5567719.026666666,16833,55429,0.4760604444444445,0.24
pm = 0.10,46,6,56137.0,-4519569.886666667,17409,56137,0.4745315555555555,0.21333333333333337
pm = 0.10,46,7,56751.0,-5423441.966666667,17397,56751,0.4722995555555555,0.2466666666666667
pm = 0.10,46,8,56751.0,-5148336.6,17397,56751,0.4665217777777778,0.2533333333333333
pm = 0.10,46,9,57784.0,-5102685.413333333,17598,57784,0.45948,0.22666666666666668
pm = 0.10,46,10,57784.0,-5119374.773333333,17598,57784,0.45679822222222227,0.2533333333333333
pm = 0.10,46,11,57784.0,-5931423.02,17598,57784,0.45720977777777777,0.2466666666666667
pm = 0.10,46,12,57784.0,-5987218.9,17598,57784,0.4581964444444444,0.23333333333333328
pm = 0.10,46,13,57784.0,-3926067.5733333332,17598,57784,0.45418311111111104,0.22666666666666668
pm = 0.10,46,14,57784.0,-6498301.073333333,17598,57784,0.4547013333333335,0.30666666666666664
pm = 0.10,46,15,58429.0,-4241622.78,15693,58429,0.4602933333333332,0.21999999999999997
pm = 0.10,46,16,60488.0,-6873586.233333333,17496,60488,0.46299822222222226,0.2733333333333333
pm = 0.10,46,17,61061.0,-4209205.153333333,17067,61061,0.45877422222222214,0.19999999999999996
pm = 0.10,46,18,61061.0,-4880079.366666666,17067,61061,0.4533946666666665,0.2466666666666667
pm = 0.10,46,19,61061.0,-5380184.1866666665,17067,61061,0.45206222222222225,0.23333333333333328
pm = 0.10,46,20,61061.0,-5664154.933333334,17067,61061,0.44711466666666655,0.2666666666666667
pm = 0.10,46,21,61061.0,-4916548.233333333,17067,61061,0.4479528888888887,0.24
pm = 0.10,46,22,61061.0,-3805366.0733333332,17067,61061,0.4443857777777777,0.21333333333333337
pm = 0.10,46,23,61061.0,-3801977.6533333333,17067,61061,0.44729688888888874,0.19999999999999996
pm = 0.10,46,24,61061.0,-5984982.386666667,17067,61061,0.4504133333333332,0.30666666666666664
pm = 0.10,46,25,61061.0,-5820738.193333333,17067,61061,0.45302933333333323,0.30666666666666664
pm = 0.10,46,26,61061.0,-6870380.82,17067,61061,0.4575768888888889,0.30000000000000004
pm = 0.10,46,27,61061.0,-4309560.54,17067,61061,0.458798222222222,0.22666666666666668
pm = 0.10,46,28,61061.0,-7045896.266666667,17067,61061,0.45650844444444433,0.30000000000000004
pm = 0.10,46,29,61061.0,-5743953.08,17067,61061,0.4528942222222221,0.26
pm = 0.10,46,30,61061.0,-6330210.613333333,17067,61061,0.4433066666666668,0.2733333333333333
pm = 0.10,46,31,61061.0,-5665210.113333333,17067,61061,0.4387884444444445,0.2866666666666666
pm = 0.10,46,32,61870.0,-4699221.433333334,16830,61870,0.4462879999999998,0.21999999999999997
pm = 0.10,46,33,61870.0,-6473052.126666667,16830,61870,0.44505422222222213,0.21999999999999997
pm = 0.10,46,34,61870.0,-6223563.766666667,16830,61870,0.44286488888888903,0.2733333333333333
pm = 0.10,46,35,61870.0,-4824494.886666667,16830,61870,0.4456817777777778,0.22666666666666668
pm = 0.10,46,36,61870.0,-7437747.68,16830,61870,0.445263111111111,0.31333333333333335
pm = 0.10,46,37,61870.0,-5457852.486666666,16830,61870,0.45237333333333324,0.2533333333333333
pm = 0.10,46,38,61870.0,-5989525.373333333,16830,61870,0.45279644444444467,0.2533333333333333
pm = 0.10,46,39,61870.0,-6547660.78,16830,61870,0.4553413333333334,0.2666666666666667
pm = 0.10,46,40,61870.0,-7820855.226666667,16830,61870,0.45478399999999986,0.31999999999999995
pm = 0.10,46,41,61870.0,-4789504.133333334,16830,61870,0.44986133333333334,0.2466666666666667
pm = 0.10,46,42,61870.0,-7568490.36,16830,61870,0.4500373333333333,0.33999999999999997
pm = 0.10,46,43,61870.0,-6253376.513333334,16830,61870,0.4506986666666667,0.2866666666666666
pm = 0.10,46,44,61870.0,-3769822.74,16830,61870,0.4520035555555556,0.19999999999999996
pm = 0.10,46,45,61870.0,-5266799.126666667,16830,61870,0.44815999999999984,0.30666666666666664
pm = 0.10,46,46,61870.0,-3372673.9066666667,16830,61870,0.4486808888888888,0.19333333333333336
pm = 0.10,46,47,61870.0,-4332637.433333334,16830,61870,0.43825688888888886,0.2866666666666666
pm = 0.10,46,48,61870.0,-5053417.466666667,16830,61870,0.4405475555555555,0.2466666666666667
pm = 0.10,46,49,61870.0,-4009373.14,16830,61870,0.44453955555555535,0.21999999999999997
pm = 0.10,46,50,61870.0,-5902093.453333333,16830,61870,0.4412462222222221,0.20666666666666667
pm = 0.10,46,51,62997.0,-5299374.546666667,17619,62997,0.4454711111111112,0.30666666666666664
pm = 0.10,46,52,62997.0,-4331981.3,17619,62997,0.4423306666666667,0.2666666666666667
pm = 0.10,46,53,62997.0,-4625037.573333333,17619,62997,0.43459377777777797,0.24
pm = 0.10,46,54,62997.0,-5666572.94,17619,62997,0.4362995555555556,0.26
pm = 0.10,46,55,62997.0,-7336262.786666667,17619,62997,0.4346675555555554,0.31333333333333335
pm = 0.10,46,56,62997.0,-5617026.6466666665,17619,62997,0.44171111111111094,0.2733333333333333
pm = 0.10,46,57,62997.0,-4784016.273333333,17619,62997,0.4440311111111113,0.26
pm = 0.10,46,58,62997.0,-4729094.173333333,17619,62997,0.4418977777777778,0.22666666666666668
pm = 0.10,46,59,62997.0,-4891429.6866666665,17619,62997,0.4432293333333333,0.24
pm = 0.10,46,60,62997.0,-5603158.773333333,17619,62997,0.44130488888888886,0.20666666666666667
pm = 0.10,46,61,62997.0,-6039070.22,17619,62997,0.43780799999999986,0.2733333333333333
pm = 0.10,46,62,62997.0,-5387539.5,17619,62997,0.43965777777777776,0.23333333333333328
pm = 0.10,46,63,62997.0,-4567276.753333333,17619,62997,0.4423297777777777,0.22666666666666668
pm = 0.10,46,64,62997.0,-6223053.233333333,17619,62997,0.4446808888888888,0.2533333333333333
pm = 0.10,46,65,62997.0,-5782033.533333333,17619,62997,0.44502400000000003,0.2733333333333333
pm = 0.10,46,66,62997.0,-6259545.16,17619,62997,0.449032,0.28
pm = 0.10,46,67,62997.0,-5576181.92,17619,62997,0.4518479999999998,0.2666666666666667
pm = 0.10,46,68,62997.0,-7483163.32,17619,62997,0.45590133333333344,0.31333333333333335
pm = 0.10,46,69,62997.0,-5641555.953333333,17619,62997,0.4481715555555557,0.29333333333333333
pm = 0.10,46,70,62997.0,-7270437.666666667,17619,62997,0.44931555555555563,0.2733333333333333
pm = 0.10,46,71,62997.0,-4588346.133333334,17619,62997,0.45200622222222236,0.24
pm = 0.10,46,72,62997.0,-5857218.54,17619,62997,0.4544399999999999,0.2666666666666667
pm = 0.10,46,73,62997.0,-7517408.74,17619,62997,0.4518382222222222,0.2533333333333333
pm = 0.10,46,74,62997.0,-5287225.793333333,17619,62997,0.4459493333333331,0.2666666666666667
pm = 0.10,46,75,62997.0,-7003492.78,17619,62997,0.44752088888888863,0.33999999999999997
pm = 0.10,46,76,62997.0,-5337569.926666667,17619,62997,0.4437848888888889,0.2666666666666667
pm = 0.10,46,77,62997.0,-4407007.22,17619,62997,0.44243022222222195,0.2533333333333333
pm = 0.10,46,78,62997.0,-5480945.226666667,17619,62997,0.4380062222222222,0.2866666666666666
pm = 0.10,46,79,62997.0,-5594408.386666667,17619,62997,0.4364097777777778,0.2733333333333333
pm = 0.10,46,80,62997.0,-5808376.586666667,17619,62997,0.4276986666666667,0.2666666666666667
pm = 0.10,46,81,62997.0,-4353197.72,17619,62997,0.43503644444444456,0.20666666666666667
pm = 0.10,46,82,62997.0,-4884141.98,17619,62997,0.4399857777777778,0.24
pm = 0.10,46,83,62997.0,-6593473.22,17619,62997,0.4507448888888888,0.31333333333333335
pm = 0.10,46,84,62997.0,-6588698.473333334,17619,62997,0.4577662222222221,0.33999999999999997
pm = 0.10,46,85,62997.0,-5666091.333333333,17619,62997,0.4574417777777777,0.28
pm = 0.10,46,86,62997.0,-4961453.26,17619,62997,0.4583537777777775,0.2866666666666666
pm = 0.10,46,87,62997.0,-6806274.766666667,17619,62997,0.45903111111111095,0.29333333333333333
pm = 0.10,46,88,62997.0,-4594489.0,17619,62997,0.4521208888888888,0.21333333333333337
pm = 0.10,46,89,62997.0,-6159494.633333334,17619,62997,0.45195200000000013,0.26
pm = 0.10,46,90,62997.0,-5314759.106666666,17619,62997,0.4439422222222221,0.30666666666666664
pm = 0.10,46,91,62997.0,-5248742.34,17619,62997,0.4498888888888889,0.29333333333333333
pm = 0.10,46,92,62997.0,-8017997.666666667,17619,62997,0.4499964444444444,0.30666666666666664
pm = 0.10,46,93,62997.0,-4068235.1933333334,17619,62997,0.44722399999999984,0.19333333333333336
pm = 0.10,46,94,62997.0,-6281338.013333334,17619,62997,0.4362293333333333,0.26
pm = 0.10,46,95,62997.0,-6447034.113333333,17619,62997,0.448703111111111,0.2666666666666667
pm = 0.10,46,96,62997.0,-5837094.493333333,17619,62997,0.4518186666666666,0.2733333333333333
pm = 0.10,46,97,62997.0,-5220781.966666667,17619,62997,0.4488319999999997,0.28
pm = 0.10,46,98,62997.0,-6434426.413333333,17619,62997,0.45503466666666653,0.30000000000000004
pm = 0.10,46,99,62997.0,-4885881.033333333,17619,62997,0.4456311111111112,0.21999999999999997
pm = 0.10,46,100,62997.0,-6748643.006666667,17619,62997,0.4421200000000001,0.28
pm = 0.10,46,101,62997.0,-4918576.12,17619,62997,0.4505351111111113,0.22666666666666668
pm = 0.10,46,102,62997.0,-2748513.3266666667,17619,62997,0.44852711111111127,0.16000000000000003
pm = 0.10,46,103,62997.0,-7195641.38,17619,62997,0.4530764444444444,0.28
pm = 0.10,46,104,62997.0,-6147121.16,17619,62997,0.4519457777777779,0.2466666666666667
pm = 0.10,46,105,62997.0,-5018923.3133333335,17619,62997,0.44915733333333335,0.24
pm = 0.10,46,106,62997.0,-4909624.806666667,17619,62997,0.4482097777777778,0.2533333333333333
pm = 0.10,46,107,62997.0,-7777444.673333333,17619,62997,0.443671111111111,0.31333333333333335
pm = 0.10,46,108,62997.0,-6682911.926666667,17619,62997,0.4452142222222222,0.2733333333333333
pm = 0.10,46,109,62997.0,-6526074.246666667,17619,62997,0.44148,0.2866666666666666
pm = 0.10,46,110,62997.0,-4030274.2266666666,17619,62997,0.44468888888888886,0.23333333333333328
pm = 0.10,46,111,62997.0,-5832090.54,17619,62997,0.44573333333333337,0.2666666666666667
pm = 0.10,46,112,62997.0,-5642120.533333333,17619,62997,0.4472462222222222,0.2466666666666667
pm = 0.10,46,113,62997.0,-5155754.98,17619,62997,0.4480773333333333,0.2733333333333333
pm = 0.10,46,114,62997.0,-6073713.06,17619,62997,0.44554666666666665,0.28
pm = 0.10,46,115,62997.0,-6139676.653333333,17619,62997,0.44619111111111104,0.21999999999999997
pm = 0.10,46,116,62997.0,-5355819.513333334,17619,62997,0.4404666666666665,0.2533333333333333
pm = 0.10,46,117,62997.0,-4180268.6466666665,17619,62997,0.4391297777777778,0.23333333333333328
pm = 0.10,46,118,62997.0,-5981495.34,17619,62997,0.4399013333333333,0.29333333333333333
pm = 0.10,46,119,62997.0,-6473444.82,17619,62997,0.43460622222222234,0.28
pm = 0.10,46,120,62997.0,-5489941.933333334,17619,62997,0.4332302222222224,0.26
pm = 0.10,46,121,62997.0,-5670166.32,17619,62997,0.43465333333333334,0.2533333333333333
pm = 0.10,46,122,62997.0,-5065208.713333333,17619,62997,0.44578133333333336,0.2466666666666667
pm = 0.10,46,123,62997.0,-5381771.0,17619,62997,0.45211644444444427,0.20666666666666667
pm = 0.10,46,124,62997.0,-6012595.013333334,17619,62997,0.4503555555555556,0.2866666666666666
pm = 0.10,46,125,62997.0,-6555637.84,17619,62997,0.44588888888888867,0.2666666666666667
pm = 0.10,46,126,62997.0,-5748515.58,17619,62997,0.43480799999999986,0.2733333333333333
pm = 0.10,46,127,62997.0,-7531016.326666667,17619,62997,0.43759733333333345,0.30666666666666664
pm = 0.10,46,128,62997.0,-5408647.3533333335,17619,62997,0.4465013333333334,0.26
pm = 0.10,46,129,62997.0,-6313974.766666667,17619,62997,0.445016,0.29333333333333333
pm = 0.10,46,130,62997.0,-4987428.206666667,17619,62997,0.44660000000000016,0.2666666666666667
pm = 0.10,46,131,62997.0,-5971872.393333334,17619,62997,0.4345937777777777,0.30000000000000004
pm = 0.10,46,132,62997.0,-5809405.573333333,17619,62997,0.437736,0.28
pm = 0.10,46,133,62997.0,-5979699.653333333,17619,62997,0.43795022222222235,0.2666666666666667
pm = 0.10,46,134,62997.0,-5981248.44,17619,62997,0.42552266666666655,0.28
pm = 0.10,46,135,62997.0,-5386574.68,17619,62997,0.42933777777777776,0.21999999999999997
pm = 0.10,46,136,62997.0,-5409244.486666666,17619,62997,0.43136,0.23333333333333328
pm = 0.10,46,137,62997.0,-5273632.526666666,17619,62997,0.4298097777777778,0.21999999999999997
pm = 0.10,46,138,62997.0,-5498650.38,17619,62997,0.43159022222222204,0.2733333333333333
pm = 0.10,46,139,62997.0,-4344922.233333333,17619,62997,0.43961688888888895,0.21999999999999997
pm = 0.10,46,140,62997.0,-4721979.0,17619,62997,0.4436631111111111,0.22666666666666668
pm = 0.10,46,141,62997.0,-5340624.3133333335,17619,62997,0.44369422222222205,0.2533333333333333
pm = 0.10,46,142,62997.0,-3620585.7666666666,17619,62997,0.4399146666666667,0.19999999999999996
pm = 0.10,46,143,62997.0,-6141097.226666667,17619,62997,0.44569777777777775,0.2733333333333333
pm = 0.10,46,144,62997.0,-4705756.513333334,17619,62997,0.4468746666666666,0.2533333333333333
pm = 0.10,46,145,62997.0,-3865343.26,17619,62997,0.4446577777777778,0.17333333333333334
pm = 0.10,46,146,62997.0,-4288899.82,17619,62997,0.44710399999999983,0.21333333333333337
pm = 0.10,46,147,62997.0,-3852491.6466666665,17619,62997,0.43677955555555587,0.21999999999999997
pm = 0.10,46,148,62997.0,-5005282.433333334,17619,62997,0.4437955555555557,0.2533333333333333
pm = 0.10,46,149,62997.0,-6110230.22,17619,62997,0.44567555555555566,0.2866666666666666
pm = 0.10,46,150,62997.0,-6269033.58,17619,62997,0.44591200000000003,0.2733333333333333
pm = 0.10,46,151,62997.0,-4575412.3133333335,17619,62997,0.44728977777777773,0.2466666666666667
pm = 0.10,46,152,62997.0,-4882707.64,17619,62997,0.44044977777777766,0.26
pm = 0.10,46,153,62997.0,-8577702.653333334,17619,62997,0.4333368888888887,0.33999999999999997
pm = 0.10,46,154,62997.0,-6880536.98,17619,62997,0.4350017777777777,0.2866666666666666
pm = 0.10,46,155,62997.0,-5802204.76,17619,62997,0.4449235555555557,0.26
pm = 0.10,46,156,62997.0,-6185251.166666667,17619,62997,0.44416622222222224,0.24
pm = 0.10,46,157,62997.0,-6272494.013333334,17619,62997,0.4435484444444446,0.29333333333333333
pm = 0.10,46,158,62997.0,-7556869.886666667,17619,62997,0.44548711111111117,0.31333333333333335
pm = 0.10,46,159,62997.0,-8266727.94,17619,62997,0.4503493333333333,0.36
pm = 0.10,46,160,62997.0,-4710642.72,17619,62997,0.4528079999999999,0.28
pm = 0.10,46,161,62997.0,-7228522.026666666,17619,62997,0.4570506666666668,0.30666666666666664
pm = 0.10,46,162,62997.0,-6414030.846666667,17619,62997,0.45448711111111095,0.26
pm = 0.10,46,163,62997.0,-4859050.1866666665,17619,62997,0.4567093333333335,0.2733333333333333
pm = 0.10,46,164,62997.0,-5195787.62,17619,62997,0.4558719999999999,0.21333333333333337
pm = 0.10,46,165,62997.0,-6321470.513333334,17619,62997,0.45173244444444455,0.30666666666666664
pm = 0.10,46,166,62997.0,-4704682.0,17619,62997,0.4509111111111112,0.26
pm = 0.10,46,167,62997.0,-5769448.48,17619,62997,0.44989066666666666,0.28
pm = 0.10,46,168,62997.0,-6058901.946666666,17619,62997,0.4464017777777778,0.28
pm = 0.10,46,169,62997.0,-4691520.026666666,17619,62997,0.45037422222222223,0.26
pm = 0.10,46,170,62997.0,-5108270.76,17619,62997,0.4484835555555555,0.26
pm = 0.10,46,171,62997.0,-7316211.3,17619,62997,0.45248088888888893,0.2733333333333333
pm = 0.10,46,172,62997.0,-4845036.226666667,17619,62997,0.4544231111111111,0.2466666666666667
pm = 0.10,46,173,62997.0,-4811200.533333333,17619,62997,0.4522542222222223,0.2466666666666667
pm = 0.10,46,174,62997.0,-6793567.126666667,17619,62997,0.45351199999999997,0.31999999999999995
pm = 0.10,46,175,62997.0,-5276024.746666667,17619,62997,0.4536622222222221,0.2733333333333333
pm = 0.10,46,176,62997.0,-5621033.1866666665,17619,62997,0.45121955555555565,0.2733333333333333
pm = 0.10,46,177,62997.0,-6405955.32,17619,62997,0.4516577777777778,0.31333333333333335
pm = 0.10,46,178,62997.0,-4547954.92,17619,62997,0.4448426666666667,0.2466666666666667
pm = 0.10,46,179,62997.0,-7553787.6466666665,17619,62997,0.44033599999999995,0.31999999999999995
pm = 0.10,46,180,62997.0,-6159291.933333334,17619,62997,0.44959200000000005,0.2733333333333333
pm = 0.10,46,181,62997.0,-4914782.6466666665,17619,62997,0.4499137777777778,0.24
pm = 0.10,46,182,62997.0,-5275924.1466666665,17619,62997,0.45129066666666645,0.22666666666666668
pm = 0.10,46,183,62997.0,-5903620.8,17619,62997,0.4484124444444445,0.28
pm = 0.10,46,184,62997.0,-6135753.633333334,17619,62997,0.45056622222222237,0.31999999999999995
pm = 0.10,46,185,62997.0,-5632268.726666667,17619,62997,0.4525680000000002,0.28
pm = 0.10,46,186,62997.0,-6089165.533333333,17619,62997,0.45419288888888887,0.29333333333333333
pm = 0.10,46,187,62997.0,-6983498.733333333,17619,62997,0.4578159999999999,0.30666666666666664
pm = 0.10,46,188,62997.0,-5677884.92,17619,62997,0.45340888888888875,0.21999999999999997
pm = 0.10,46,189,62997.0,-5497827.613333333,17619,62997,0.4488195555555556,0.26
pm = 0.10,46,190,62997.0,-6614629.2,17619,62997,0.4463848888888886,0.2866666666666666
pm = 0.10,46,191,62997.0,-5516513.573333333,17619,62997,0.4518417777777778,0.2533333333333333
pm = 0.10,46,192,62997.0,-7126715.453333333,17619,62997,0.4571093333333333,0.31333333333333335
pm = 0.10,46,193,62997.0,-4789721.973333334,17619,62997,0.4603973333333334,0.23333333333333328
pm = 0.10,46,194,62997.0,-7054401.906666666,17619,62997,0.456079111111111,0.30666666666666664
pm = 0.10,46,195,62997.0,-6422721.333333333,17619,62997,0.4559253333333333,0.29333333333333333
pm = 0.10,46,196,62997.0,-5342635.626666667,17619,62997,0.45085688888888903,0.2733333333333333
pm = 0.10,46,197,62997.0,-6786256.3133333335,17619,62997,0.4525795555555554,0.30666666666666664
pm = 0.10,46,198,62997.0,-4738239.8533333335,17619,62997,0.4540719999999998,0.19999999999999996
pm = 0.10,46,199,62997.0,-4596337.046666667,17619,62997,0.4507022222222221,0.22666666666666668
pm = 0.10,46,200,62997.0,-7990536.16,17619,62997,0.4478773333333335,0.30000000000000004
